{"type": "FeatureCollection", "features": [{"id": "0", "type": "Feature", "properties": {"ID": 1, "width_mean": 97.0, "slope": -0.000102, "uparea": 647.5759990463694, "trend": "decreasing", "ave_flux": 0.00265374, "continent": "South America", "ord_stra": 4, "image_num": 86, "OWT": 2, "trend2": "decreasing", "label": "River mouth 1"}, "geometry": {"type": "Point", "coordinates": [-80.08320000037966, 0.0046099995518602555]}}, {"id": "1", "type": "Feature", "properties": {"ID": 2, "width_mean": 155.0, "slope": 0.000114, "uparea": 742.4738657385172, "trend": "no trend", "ave_flux": 0.00738989, "continent": "South America", "ord_stra": 4, "image_num": 134, "OWT": 2, "trend2": "no trend", "label": "River mouth 2"}, "geometry": {"type": "Point", "coordinates": [-78.63146965756121, 1.6390528597948228]}}, {"id": "2", "type": "Feature", "properties": {"ID": 3, "width_mean": 271.0, "slope": 0.006922, "uparea": 10067.4691274, "trend": "increasing", "ave_flux": 0.218496, "continent": "South America", "ord_stra": 6, "image_num": 200, "OWT": 3, "trend2": "increasing", "label": "River mouth 3"}, "geometry": {"type": "Point", "coordinates": [-78.93722211377906, 1.6449097249980449]}}, {"id": "3", "type": "Feature", "properties": {"ID": 4, "width_mean": 319.0, "slope": 0.003433, "uparea": 19836.0339345, "trend": "no trend", "ave_flux": 0.18494, "continent": "South America", "ord_stra": 6, "image_num": 133, "OWT": 2, "trend2": "increasing", "label": "River mouth 4"}, "geometry": {"type": "Point", "coordinates": [-79.5793799996872, 0.8023400002908261]}}, {"id": "4", "type": "Feature", "properties": {"ID": 5, "width_mean": 655.0, "slope": 0.004975, "uparea": 21869.4031959, "trend": "no trend", "ave_flux": 0.322943, "continent": "South America", "ord_stra": 7, "image_num": 161, "OWT": 3, "trend2": "increasing", "label": "River mouth 5"}, "geometry": {"type": "Point", "coordinates": [-78.31429752507958, 2.43004751461475]}}, {"id": "5", "type": "Feature", "properties": {"ID": 6, "width_mean": 850.0, "slope": 0.000174, "uparea": 1337.12952624, "trend": "no trend", "ave_flux": 0.0231479, "continent": "South America", "ord_stra": 5, "image_num": 181, "OWT": 3, "trend2": "no trend", "label": "River mouth 6"}, "geometry": {"type": "Point", "coordinates": [-78.09091000019629, 2.547480000201915]}}, {"id": "6", "type": "Feature", "properties": {"ID": 7, "width_mean": 1397.0, "slope": 0.000355, "uparea": 2022.37487051, "trend": "no trend", "ave_flux": 0.0398881, "continent": "South America", "ord_stra": 5, "image_num": 154, "OWT": 3, "trend2": "no trend", "label": "River mouth 7"}, "geometry": {"type": "Point", "coordinates": [-78.0226680690237, 2.5454352106754]}}, {"id": "7", "type": "Feature", "properties": {"ID": 8, "width_mean": 50.0, "slope": 0.000146, "uparea": 385.87167733117377, "trend": "no trend", "ave_flux": 0.00902563, "continent": "South America", "ord_stra": 4, "image_num": 173, "OWT": 2, "trend2": "increasing", "label": "River mouth 8"}, "geometry": {"type": "Point", "coordinates": [-77.64828000012187, 2.687130000149409]}}, {"id": "8", "type": "Feature", "properties": {"ID": 9, "width_mean": 50.0, "slope": 0.001171, "uparea": 1209.3579083, "trend": "increasing", "ave_flux": 0.0533092, "continent": "South America", "ord_stra": 5, "image_num": 285, "OWT": 2, "trend2": "increasing", "label": "River mouth 9"}, "geometry": {"type": "Point", "coordinates": [-76.9745899998286, 3.844750000312331]}}, {"id": "9", "type": "Feature", "properties": {"ID": 10, "width_mean": 97.0, "slope": 0.001664, "uparea": 899.6036369482059, "trend": "increasing", "ave_flux": 0.0574751, "continent": "South America", "ord_stra": 5, "image_num": 279, "OWT": 2, "trend2": "increasing", "label": "River mouth 10"}, "geometry": {"type": "Point", "coordinates": [-77.07848999961374, 3.7590600003188115]}}, {"id": "10", "type": "Feature", "properties": {"ID": 11, "width_mean": 97.0, "slope": 0.002018, "uparea": 836.1192803561978, "trend": "increasing", "ave_flux": 0.0693169, "continent": "South America", "ord_stra": 5, "image_num": 188, "OWT": 2, "trend2": "increasing", "label": "River mouth 11"}, "geometry": {"type": "Point", "coordinates": [-77.21537284124167, 3.4799567650853933]}}, {"id": "11", "type": "Feature", "properties": {"ID": 12, "width_mean": 124.0, "slope": 0.001875, "uparea": 1424.71200565, "trend": "no trend", "ave_flux": 0.101252, "continent": "South America", "ord_stra": 5, "image_num": 170, "OWT": 3, "trend2": "increasing", "label": "River mouth 12"}, "geometry": {"type": "Point", "coordinates": [-77.38080000031971, 3.197769999685761]}}, {"id": "12", "type": "Feature", "properties": {"ID": 13, "width_mean": 124.0, "slope": 0.0003, "uparea": 696.5903517484916, "trend": "no trend", "ave_flux": 0.0246761, "continent": "South America", "ord_stra": 5, "image_num": 185, "OWT": 2, "trend2": "no trend", "label": "River mouth 13"}, "geometry": {"type": "Point", "coordinates": [-77.54325179910961, 2.8269984414493634]}}, {"id": "13", "type": "Feature", "properties": {"ID": 14, "width_mean": 155.0, "slope": 0.0026, "uparea": 3469.79350522, "trend": "increasing", "ave_flux": 0.105545, "continent": "South America", "ord_stra": 6, "image_num": 186, "OWT": 3, "trend2": "increasing", "label": "River mouth 14"}, "geometry": {"type": "Point", "coordinates": [-77.45080306138479, 2.9989702583409232]}}, {"id": "14", "type": "Feature", "properties": {"ID": 15, "width_mean": 572.0, "slope": 0.000344, "uparea": 1849.53342185, "trend": "no trend", "ave_flux": 0.0697279, "continent": "South America", "ord_stra": 4, "image_num": 174, "OWT": 3, "trend2": "no trend", "label": "River mouth 15"}, "geometry": {"type": "Point", "coordinates": [-77.88142869165145, 2.600306259672367]}}, {"id": "15", "type": "Feature", "properties": {"ID": 16, "width_mean": 97.0, "slope": 0.0001, "uparea": 531.7069745648333, "trend": "increasing", "ave_flux": 0.0056, "continent": "South America", "ord_stra": 5, "image_num": 633, "OWT": 2, "trend2": "increasing", "label": "River mouth 16"}, "geometry": {"type": "Point", "coordinates": [-51.14216000018382, 2.8353499996028404]}}, {"id": "16", "type": "Feature", "properties": {"ID": 17, "width_mean": 124.0, "slope": 0.001747, "uparea": 3631.5524583, "trend": "increasing", "ave_flux": 0.06952, "continent": "South America", "ord_stra": 4, "image_num": 979, "OWT": 2, "trend2": "increasing", "label": "River mouth 17"}, "geometry": {"type": "Point", "coordinates": [-50.984152824621546, 2.1492551299683225]}}, {"id": "17", "type": "Feature", "properties": {"ID": 18, "width_mean": 155.0, "slope": 0.0002, "uparea": 1551.77278255, "trend": "increasing", "ave_flux": 0.0130286, "continent": "South America", "ord_stra": 5, "image_num": 776, "OWT": 2, "trend2": "increasing", "label": "River mouth 18"}, "geometry": {"type": "Point", "coordinates": [-51.063860000138845, 2.3947200000280304]}}, {"id": "18", "type": "Feature", "properties": {"ID": 19, "width_mean": 572.0, "slope": 0.000964, "uparea": 5490.66464138, "trend": "increasing", "ave_flux": 0.0307543, "continent": "South America", "ord_stra": 4, "image_num": 120, "OWT": 2, "trend2": "increasing", "label": "River mouth 19"}, "geometry": {"type": "Point", "coordinates": [-51.1709353826863, 3.805895048107558]}}, {"id": "19", "type": "Feature", "properties": {"ID": 20, "width_mean": 2520.0, "slope": 0.003409, "uparea": 40802.8309108, "trend": "increasing", "ave_flux": 0.156289, "continent": "South America", "ord_stra": 7, "image_num": 501, "OWT": 2, "trend2": "increasing", "label": "River mouth 20"}, "geometry": {"type": "Point", "coordinates": [-50.1311170544349, 1.2673455828699445]}}, {"id": "20", "type": "Feature", "properties": {"ID": 21, "width_mean": 97.0, "slope": -0.000271, "uparea": 4516.01672393, "trend": "no trend", "ave_flux": 0.0719499, "continent": "Africa", "ord_stra": 5, "image_num": 182, "OWT": 4, "trend2": "decreasing", "label": "River mouth 21"}, "geometry": {"type": "Point", "coordinates": [10.07081321385112, 3.1483470407903007]}}, {"id": "21", "type": "Feature", "properties": {"ID": 22, "width_mean": 190.0, "slope": 0.005147, "uparea": 28866.0956697, "trend": "increasing", "ave_flux": 0.15795, "continent": "Africa", "ord_stra": 6, "image_num": 229, "OWT": 4, "trend2": "increasing", "label": "River mouth 22"}, "geometry": {"type": "Point", "coordinates": [10.053109021762483, 2.1681336503407564]}}, {"id": "22", "type": "Feature", "properties": {"ID": 23, "width_mean": 190.0, "slope": 0.0027, "uparea": 27099.5841139, "trend": "increasing", "ave_flux": 0.148355, "continent": "Africa", "ord_stra": 6, "image_num": 172, "OWT": 4, "trend2": "increasing", "label": "River mouth 23"}, "geometry": {"type": "Point", "coordinates": [10.017538213847674, 3.3267420389238977]}}, {"id": "23", "type": "Feature", "properties": {"ID": 24, "width_mean": 432.0, "slope": 0.000891, "uparea": 2629.71210493, "trend": "increasing", "ave_flux": 0.0394198, "continent": "Africa", "ord_stra": 5, "image_num": 265, "OWT": 2, "trend2": "increasing", "label": "River mouth 24"}, "geometry": {"type": "Point", "coordinates": [9.801789263112362, 3.9525218707137744]}}, {"id": "24", "type": "Feature", "properties": {"ID": 25, "width_mean": 572.0, "slope": 0.000591, "uparea": 5142.2121461, "trend": "increasing", "ave_flux": 0.052066, "continent": "Africa", "ord_stra": 5, "image_num": 159, "OWT": 2, "trend2": "increasing", "label": "River mouth 25"}, "geometry": {"type": "Point", "coordinates": [9.992051888865511, 0.17367084203918431]}}, {"id": "25", "type": "Feature", "properties": {"ID": 26, "width_mean": 747.0, "slope": 0.004291, "uparea": 132131.899031, "trend": "no trend", "ave_flux": 0.738812, "continent": "Africa", "ord_stra": 7, "image_num": 319, "OWT": 2, "trend2": "no trend", "label": "River mouth 26"}, "geometry": {"type": "Point", "coordinates": [9.82543610202776, 3.630374491231345]}}, {"id": "26", "type": "Feature", "properties": {"ID": 27, "width_mean": 3987.0, "slope": 7e-05, "uparea": 268.08118257295973, "trend": "increasing", "ave_flux": 0.00170463, "continent": "Africa", "ord_stra": 4, "image_num": 181, "OWT": 4, "trend2": "increasing", "label": "River mouth 27"}, "geometry": {"type": "Point", "coordinates": [9.49129999989512, 0.07138000028683678]}}, {"id": "27", "type": "Feature", "properties": {"ID": 29, "width_mean": 72.0, "slope": 0.000414, "uparea": 1624.1402971, "trend": "increasing", "ave_flux": 0.0204421, "continent": "Asia", "ord_stra": 5, "image_num": 253, "OWT": 2, "trend2": "increasing", "label": "River mouth 29"}, "geometry": {"type": "Point", "coordinates": [99.36330999985665, 3.312029999684796]}}, {"id": "28", "type": "Feature", "properties": {"ID": 30, "width_mean": 72.0, "slope": 1.5e-05, "uparea": 550.7830191518544, "trend": "no trend", "ave_flux": 0.0130201, "continent": "Asia", "ord_stra": 4, "image_num": 711, "OWT": 2, "trend2": "no trend", "label": "River mouth 30"}, "geometry": {"type": "Point", "coordinates": [98.63051999999806, 1.95878999955886]}}, {"id": "29", "type": "Feature", "properties": {"ID": 31, "width_mean": 97.0, "slope": 0.000235, "uparea": 2806.21209427, "trend": "no trend", "ave_flux": 0.0389297, "continent": "Asia", "ord_stra": 4, "image_num": 353, "OWT": 2, "trend2": "no trend", "label": "River mouth 31"}, "geometry": {"type": "Point", "coordinates": [96.43345999967931, 3.9280299997847123]}}, {"id": "30", "type": "Feature", "properties": {"ID": 32, "width_mean": 97.0, "slope": 2.5e-05, "uparea": 478.8919450366077, "trend": "no trend", "ave_flux": 0.00280256, "continent": "Asia", "ord_stra": 4, "image_num": 375, "OWT": 2, "trend2": "increasing", "label": "River mouth 32"}, "geometry": {"type": "Point", "coordinates": [98.92149307880345, 3.4681603670227417]}}, {"id": "31", "type": "Feature", "properties": {"ID": 33, "width_mean": 97.0, "slope": 0.001211, "uparea": 2262.82440801, "trend": "increasing", "ave_flux": 0.0649721, "continent": "Asia", "ord_stra": 5, "image_num": 383, "OWT": 2, "trend2": "increasing", "label": "River mouth 33"}, "geometry": {"type": "Point", "coordinates": [97.38529999989515, 3.204419999683296]}}, {"id": "32", "type": "Feature", "properties": {"ID": 34, "width_mean": 155.0, "slope": 0.000185, "uparea": 3255.57686071, "trend": "no trend", "ave_flux": 0.0260795, "continent": "Asia", "ord_stra": 5, "image_num": 314, "OWT": 2, "trend2": "no trend", "label": "River mouth 34"}, "geometry": {"type": "Point", "coordinates": [100.0869078894901, 2.396083086798343]}}, {"id": "33", "type": "Feature", "properties": {"ID": 35, "width_mean": 155.0, "slope": 0.000969, "uparea": 9686.57664244, "trend": "increasing", "ave_flux": 0.0593427, "continent": "Asia", "ord_stra": 6, "image_num": 336, "OWT": 2, "trend2": "increasing", "label": "River mouth 35"}, "geometry": {"type": "Point", "coordinates": [100.19649526418907, 2.383843868818574]}}, {"id": "34", "type": "Feature", "properties": {"ID": 36, "width_mean": 155.0, "slope": 0.0002, "uparea": 1213.39676161, "trend": "increasing", "ave_flux": 0.0236175, "continent": "Asia", "ord_stra": 4, "image_num": 359, "OWT": 3, "trend2": "increasing", "label": "River mouth 36"}, "geometry": {"type": "Point", "coordinates": [101.44448332845444, 3.047138621956952]}}, {"id": "35", "type": "Feature", "properties": {"ID": 37, "width_mean": 155.0, "slope": 0.001706, "uparea": 4494.21596642, "trend": "increasing", "ave_flux": 0.0535865, "continent": "Asia", "ord_stra": 5, "image_num": 396, "OWT": 2, "trend2": "increasing", "label": "River mouth 37"}, "geometry": {"type": "Point", "coordinates": [98.97366418740859, 1.0480241093797658]}}, {"id": "36", "type": "Feature", "properties": {"ID": 38, "width_mean": 228.0, "slope": 0.000715, "uparea": 1823.7309057, "trend": "increasing", "ave_flux": 0.0646182, "continent": "Asia", "ord_stra": 5, "image_num": 360, "OWT": 2, "trend2": "increasing", "label": "River mouth 38"}, "geometry": {"type": "Point", "coordinates": [101.51195999985418, 2.8482099999915818]}}, {"id": "37", "type": "Feature", "properties": {"ID": 39, "width_mean": 271.0, "slope": 0.000565, "uparea": 3868.99554476, "trend": "increasing", "ave_flux": 0.0254713, "continent": "Asia", "ord_stra": 5, "image_num": 260, "OWT": 2, "trend2": "increasing", "label": "River mouth 39"}, "geometry": {"type": "Point", "coordinates": [98.49397654659573, 3.9283249283101886]}}, {"id": "38", "type": "Feature", "properties": {"ID": 40, "width_mean": 271.0, "slope": 0.001411, "uparea": 9214.62259741, "trend": "increasing", "ave_flux": 0.11399, "continent": "Asia", "ord_stra": 6, "image_num": 408, "OWT": 3, "trend2": "increasing", "label": "River mouth 40"}, "geometry": {"type": "Point", "coordinates": [97.7787100000665, 2.304900000234852]}}, {"id": "39", "type": "Feature", "properties": {"ID": 41, "width_mean": 319.0, "slope": 0.000547, "uparea": 5559.77340617, "trend": "increasing", "ave_flux": 0.0347637, "continent": "Asia", "ord_stra": 5, "image_num": 276, "OWT": 3, "trend2": "increasing", "label": "River mouth 41"}, "geometry": {"type": "Point", "coordinates": [99.80700000024984, 2.992069999830676]}}, {"id": "40", "type": "Feature", "properties": {"ID": 42, "width_mean": 498.0, "slope": 0.0022, "uparea": 18539.2143298, "trend": "increasing", "ave_flux": 0.129508, "continent": "Asia", "ord_stra": 4, "image_num": 332, "OWT": 2, "trend2": "increasing", "label": "River mouth 42"}, "geometry": {"type": "Point", "coordinates": [100.91623580480848, 1.9054474537067563]}}, {"id": "41", "type": "Feature", "properties": {"ID": 44, "width_mean": 97.0, "slope": 6e-05, "uparea": 994.767836435241, "trend": "increasing", "ave_flux": 0.00385746, "continent": "Asia", "ord_stra": 5, "image_num": 354, "OWT": 3, "trend2": "increasing", "label": "River mouth 44"}, "geometry": {"type": "Point", "coordinates": [103.27866999982069, 3.8043299997297595]}}, {"id": "42", "type": "Feature", "properties": {"ID": 45, "width_mean": 97.0, "slope": 0.000172, "uparea": 3794.25413514, "trend": "no trend", "ave_flux": 0.0116423, "continent": "Asia", "ord_stra": 4, "image_num": 429, "OWT": 3, "trend2": "increasing", "label": "River mouth 45"}, "geometry": {"type": "Point", "coordinates": [103.44412614112834, 2.8507148355425036]}}, {"id": "43", "type": "Feature", "properties": {"ID": 46, "width_mean": 124.0, "slope": -5e-05, "uparea": 5996.28453901, "trend": "no trend", "ave_flux": 0.0215453, "continent": "Asia", "ord_stra": 5, "image_num": 469, "OWT": 3, "trend2": "no trend", "label": "River mouth 46"}, "geometry": {"type": "Point", "coordinates": [102.58441328581108, 2.0949774269608765]}}, {"id": "44", "type": "Feature", "properties": {"ID": 47, "width_mean": 155.0, "slope": 5.9e-05, "uparea": 2017.57410075, "trend": "no trend", "ave_flux": 0.0102639, "continent": "Asia", "ord_stra": 4, "image_num": 340, "OWT": 3, "trend2": "no trend", "label": "River mouth 47"}, "geometry": {"type": "Point", "coordinates": [102.92368084691506, 1.8504988367815178]}}, {"id": "45", "type": "Feature", "properties": {"ID": 48, "width_mean": 190.0, "slope": 0.000147, "uparea": 4258.27195751, "trend": "no trend", "ave_flux": 0.0394194, "continent": "Asia", "ord_stra": 5, "image_num": 744, "OWT": 3, "trend2": "no trend", "label": "River mouth 48"}, "geometry": {"type": "Point", "coordinates": [103.60545999987914, 2.6349500004421884]}}, {"id": "46", "type": "Feature", "properties": {"ID": 49, "width_mean": 190.0, "slope": 5.4e-05, "uparea": 716.2734499057518, "trend": "increasing", "ave_flux": 0.00342869, "continent": "Asia", "ord_stra": 5, "image_num": 326, "OWT": 2, "trend2": "increasing", "label": "River mouth 49"}, "geometry": {"type": "Point", "coordinates": [103.359791292214, 0.14480287314680293]}}, {"id": "47", "type": "Feature", "properties": {"ID": 50, "width_mean": 372.0, "slope": 0.000803, "uparea": 10429.1801367, "trend": "no trend", "ave_flux": 0.100515, "continent": "Asia", "ord_stra": 6, "image_num": 385, "OWT": 2, "trend2": "no trend", "label": "River mouth 50"}, "geometry": {"type": "Point", "coordinates": [102.11809638527757, 1.05836094850131]}}, {"id": "48", "type": "Feature", "properties": {"ID": 51, "width_mean": 655.0, "slope": 0.001925, "uparea": 27871.4484043, "trend": "increasing", "ave_flux": 0.129564, "continent": "Asia", "ord_stra": 6, "image_num": 467, "OWT": 3, "trend2": "increasing", "label": "River mouth 51"}, "geometry": {"type": "Point", "coordinates": [103.32562000026286, 3.538019999923108]}}, {"id": "49", "type": "Feature", "properties": {"ID": 52, "width_mean": 1397.0, "slope": 0.007742, "uparea": 23406.3620502, "trend": "increasing", "ave_flux": 0.316266, "continent": "Asia", "ord_stra": 4, "image_num": 418, "OWT": 2, "trend2": "increasing", "label": "River mouth 52"}, "geometry": {"type": "Point", "coordinates": [102.93092301582547, 0.3504136360076968]}}, {"id": "50", "type": "Feature", "properties": {"ID": 53, "width_mean": 50.0, "slope": 0.000154, "uparea": 1750.86321047, "trend": "no trend", "ave_flux": 0.0307194, "continent": "Asia", "ord_stra": 5, "image_num": 297, "OWT": 2, "trend2": "no trend", "label": "River mouth 53"}, "geometry": {"type": "Point", "coordinates": [112.13759991797275, 2.8821698008272776]}}, {"id": "51", "type": "Feature", "properties": {"ID": 54, "width_mean": 72.0, "slope": 0.000178, "uparea": 1533.34290917, "trend": "no trend", "ave_flux": 0.0336468, "continent": "Asia", "ord_stra": 4, "image_num": 412, "OWT": 2, "trend2": "no trend", "label": "River mouth 54"}, "geometry": {"type": "Point", "coordinates": [113.52197744451544, 3.7699579494476865]}}, {"id": "52", "type": "Feature", "properties": {"ID": 55, "width_mean": 72.0, "slope": 0.000435, "uparea": 2142.12872568, "trend": "increasing", "ave_flux": 0.0333301, "continent": "Asia", "ord_stra": 5, "image_num": 355, "OWT": 2, "trend2": "increasing", "label": "River mouth 55"}, "geometry": {"type": "Point", "coordinates": [112.5633499996029, 2.94865999985916]}}, {"id": "53", "type": "Feature", "properties": {"ID": 56, "width_mean": 97.0, "slope": 3.6e-05, "uparea": 784.801674139508, "trend": "no trend", "ave_flux": 0.00770997, "continent": "Asia", "ord_stra": 4, "image_num": 377, "OWT": 3, "trend2": "no trend", "label": "River mouth 56"}, "geometry": {"type": "Point", "coordinates": [108.99528969485326, 1.127449093591383]}}, {"id": "54", "type": "Feature", "properties": {"ID": 57, "width_mean": 97.0, "slope": 0.000508, "uparea": 4767.55536533, "trend": "no trend", "ave_flux": 0.0747635, "continent": "Asia", "ord_stra": 6, "image_num": 407, "OWT": 2, "trend2": "increasing", "label": "River mouth 57"}, "geometry": {"type": "Point", "coordinates": [112.82375000026241, 3.028009999761707]}}, {"id": "55", "type": "Feature", "properties": {"ID": 58, "width_mean": 124.0, "slope": -9e-06, "uparea": 1931.17956668, "trend": "no trend", "ave_flux": 0.0291881, "continent": "Asia", "ord_stra": 4, "image_num": 343, "OWT": 2, "trend2": "no trend", "label": "River mouth 58"}, "geometry": {"type": "Point", "coordinates": [111.9000428518354, 2.8192565856443323]}}, {"id": "56", "type": "Feature", "properties": {"ID": 59, "width_mean": 228.0, "slope": 0.000507, "uparea": 7685.97123856, "trend": "no trend", "ave_flux": 0.11212, "continent": "Asia", "ord_stra": 6, "image_num": 628, "OWT": 2, "trend2": "no trend", "label": "River mouth 59"}, "geometry": {"type": "Point", "coordinates": [113.11838632109146, 3.1301045559921863]}}, {"id": "57", "type": "Feature", "properties": {"ID": 60, "width_mean": 228.0, "slope": 0.000111, "uparea": 1413.59029725, "trend": "no trend", "ave_flux": 0.0123562, "continent": "Asia", "ord_stra": 4, "image_num": 667, "OWT": 3, "trend2": "increasing", "label": "River mouth 60"}, "geometry": {"type": "Point", "coordinates": [111.14373194674948, 1.8209384465352723]}}, {"id": "58", "type": "Feature", "properties": {"ID": 61, "width_mean": 271.0, "slope": 0.000146, "uparea": 905.1087005492982, "trend": "increasing", "ave_flux": 0.00894651, "continent": "Asia", "ord_stra": 5, "image_num": 387, "OWT": 3, "trend2": "increasing", "label": "River mouth 61"}, "geometry": {"type": "Point", "coordinates": [109.89290230450757, 1.6781249315239113]}}, {"id": "59", "type": "Feature", "properties": {"ID": 62, "width_mean": 432.0, "slope": 0.000222, "uparea": 1702.81121663, "trend": "increasing", "ave_flux": 0.0222746, "continent": "Asia", "ord_stra": 5, "image_num": 400, "OWT": 3, "trend2": "increasing", "label": "River mouth 62"}, "geometry": {"type": "Point", "coordinates": [110.50219476860676, 1.546545475651241]}}, {"id": "60", "type": "Feature", "properties": {"ID": 63, "width_mean": 498.0, "slope": 0.000267, "uparea": 42062.1429264, "trend": "no trend", "ave_flux": 0.626079, "continent": "Asia", "ord_stra": 7, "image_num": 397, "OWT": 3, "trend2": "no trend", "label": "River mouth 63"}, "geometry": {"type": "Point", "coordinates": [111.55438413244764, 2.3441183087955553]}}, {"id": "61", "type": "Feature", "properties": {"ID": 64, "width_mean": 498.0, "slope": 0.00015, "uparea": 1646.53607319, "trend": "increasing", "ave_flux": 0.0137729, "continent": "Asia", "ord_stra": 5, "image_num": 328, "OWT": 3, "trend2": "increasing", "label": "River mouth 64"}, "geometry": {"type": "Point", "coordinates": [111.71563999988615, 2.8117999999700487]}}, {"id": "62", "type": "Feature", "properties": {"ID": 65, "width_mean": 747.0, "slope": 0.001592, "uparea": 8503.33970147, "trend": "no trend", "ave_flux": 0.131929, "continent": "Asia", "ord_stra": 6, "image_num": 818, "OWT": 2, "trend2": "increasing", "label": "River mouth 65"}, "geometry": {"type": "Point", "coordinates": [109.2438788115007, 0.021901519868043295]}}, {"id": "63", "type": "Feature", "properties": {"ID": 66, "width_mean": 1094.0, "slope": 0.00014, "uparea": 1447.66471127, "trend": "no trend", "ave_flux": 0.0110985, "continent": "Asia", "ord_stra": 4, "image_num": 373, "OWT": 1, "trend2": "no trend", "label": "River mouth 66"}, "geometry": {"type": "Point", "coordinates": [110.45737372479562, 1.610258673657738]}}, {"id": "64", "type": "Feature", "properties": {"ID": 67, "width_mean": 1237.0, "slope": 0.00046, "uparea": 3268.91523449, "trend": "increasing", "ave_flux": 0.0225243, "continent": "Asia", "ord_stra": 4, "image_num": 416, "OWT": 3, "trend2": "increasing", "label": "River mouth 67"}, "geometry": {"type": "Point", "coordinates": [110.75409900174722, 1.511895745674266]}}, {"id": "65", "type": "Feature", "properties": {"ID": 68, "width_mean": 1397.0, "slope": 6.5e-05, "uparea": 1279.5630092, "trend": "no trend", "ave_flux": 0.0105126, "continent": "Asia", "ord_stra": 4, "image_num": 592, "OWT": 3, "trend2": "no trend", "label": "River mouth 68"}, "geometry": {"type": "Point", "coordinates": [111.27694324269012, 1.3912314780247943]}}, {"id": "66", "type": "Feature", "properties": {"ID": 69, "width_mean": 1575.0, "slope": 0.002045, "uparea": 6270.87859208, "trend": "increasing", "ave_flux": 0.0677669, "continent": "Asia", "ord_stra": 6, "image_num": 431, "OWT": 3, "trend2": "increasing", "label": "River mouth 69"}, "geometry": {"type": "Point", "coordinates": [109.10670267211768, 1.2303555755854085]}}, {"id": "67", "type": "Feature", "properties": {"ID": 70, "width_mean": 2244.0, "slope": -0.000368, "uparea": 1678.59307138, "trend": "decreasing", "ave_flux": 0.0225843, "continent": "Asia", "ord_stra": 4, "image_num": 810, "OWT": 3, "trend2": "decreasing", "label": "River mouth 70"}, "geometry": {"type": "Point", "coordinates": [111.15300407445969, 1.6577054585193718]}}, {"id": "68", "type": "Feature", "properties": {"ID": 71, "width_mean": 50.0, "slope": 6.5e-05, "uparea": 2984.71477909, "trend": "no trend", "ave_flux": 0.0224949, "continent": "Asia", "ord_stra": 5, "image_num": 327, "OWT": 2, "trend2": "no trend", "label": "River mouth 71"}, "geometry": {"type": "Point", "coordinates": [117.68105973118188, 0.64659940947316]}}, {"id": "69", "type": "Feature", "properties": {"ID": 72, "width_mean": 72.0, "slope": 9.8e-05, "uparea": 1627.82401027, "trend": "no trend", "ave_flux": 0.00875134, "continent": "Asia", "ord_stra": 4, "image_num": 312, "OWT": 2, "trend2": "increasing", "label": "River mouth 72"}, "geometry": {"type": "Point", "coordinates": [117.55036000031384, 0.4809300001194856]}}, {"id": "70", "type": "Feature", "properties": {"ID": 73, "width_mean": 190.0, "slope": 0.001426, "uparea": 10084.6971826, "trend": "increasing", "ave_flux": 0.0666039, "continent": "Asia", "ord_stra": 6, "image_num": 349, "OWT": 2, "trend2": "increasing", "label": "River mouth 73"}, "geometry": {"type": "Point", "coordinates": [117.43794511269024, 3.7890652444368174]}}, {"id": "71", "type": "Feature", "properties": {"ID": 74, "width_mean": 572.0, "slope": 0.001867, "uparea": 29614.8248632, "trend": "no trend", "ave_flux": 0.236147, "continent": "Asia", "ord_stra": 4, "image_num": 371, "OWT": 3, "trend2": "no trend", "label": "River mouth 74"}, "geometry": {"type": "Point", "coordinates": [117.35696999976574, 2.957299999895099]}}, {"id": "72", "type": "Feature", "properties": {"ID": 75, "width_mean": 572.0, "slope": 0.000621, "uparea": 2943.13675848, "trend": "increasing", "ave_flux": 0.0309443, "continent": "Asia", "ord_stra": 5, "image_num": 414, "OWT": 3, "trend2": "increasing", "label": "River mouth 75"}, "geometry": {"type": "Point", "coordinates": [117.31415790767826, 3.9414124587258477]}}, {"id": "73", "type": "Feature", "properties": {"ID": 76, "width_mean": 965.0, "slope": 0.000304, "uparea": 2173.51981558, "trend": "increasing", "ave_flux": 0.00996875, "continent": "Asia", "ord_stra": 5, "image_num": 355, "OWT": 3, "trend2": "increasing", "label": "River mouth 76"}, "geometry": {"type": "Point", "coordinates": [117.87001925717007, 1.1830235961889342]}}, {"id": "74", "type": "Feature", "properties": {"ID": 77, "width_mean": 1397.0, "slope": 0.0008, "uparea": 15938.4329656, "trend": "no trend", "ave_flux": 0.122683, "continent": "Asia", "ord_stra": 4, "image_num": 448, "OWT": 3, "trend2": "no trend", "label": "River mouth 77"}, "geometry": {"type": "Point", "coordinates": [117.21618586696819, 3.619683777829083]}}, {"id": "75", "type": "Feature", "properties": {"ID": 78, "width_mean": 1397.0, "slope": 0.001662, "uparea": 14908.0561896, "trend": "increasing", "ave_flux": 0.0818756, "continent": "Asia", "ord_stra": 4, "image_num": 433, "OWT": 3, "trend2": "increasing", "label": "River mouth 78"}, "geometry": {"type": "Point", "coordinates": [117.79705000005754, 2.1866000000899817]}}, {"id": "76", "type": "Feature", "properties": {"ID": 79, "width_mean": 50.0, "slope": 0.0009, "uparea": 2298.97004897, "trend": "increasing", "ave_flux": 0.036093, "continent": "Asia", "ord_stra": 4, "image_num": 281, "OWT": 2, "trend2": "increasing", "label": "River mouth 79"}, "geometry": {"type": "Point", "coordinates": [122.63297284484915, 0.5591749664572131]}}, {"id": "77", "type": "Feature", "properties": {"ID": 80, "width_mean": 50.0, "slope": 0.00045, "uparea": 2496.42248857, "trend": "no trend", "ave_flux": 0.0434902, "continent": "Asia", "ord_stra": 5, "image_num": 320, "OWT": 2, "trend2": "no trend", "label": "River mouth 80"}, "geometry": {"type": "Point", "coordinates": [121.85086902923145, 0.47805187539957067]}}, {"id": "78", "type": "Feature", "properties": {"ID": 81, "width_mean": 50.0, "slope": 0.000421, "uparea": 2044.90846417, "trend": "increasing", "ave_flux": 0.0245322, "continent": "Asia", "ord_stra": 5, "image_num": 267, "OWT": 2, "trend2": "increasing", "label": "River mouth 81"}, "geometry": {"type": "Point", "coordinates": [124.09491557601476, 0.9019672415042815]}}, {"id": "79", "type": "Feature", "properties": {"ID": 82, "width_mean": 50.0, "slope": 4.3e-05, "uparea": 516.4651173931276, "trend": "no trend", "ave_flux": 0.00329134, "continent": "Asia", "ord_stra": 4, "image_num": 266, "OWT": 2, "trend2": "no trend", "label": "River mouth 82"}, "geometry": {"type": "Point", "coordinates": [124.57387999986213, 1.1628599999890525]}}, {"id": "80", "type": "Feature", "properties": {"ID": 83, "width_mean": 50.0, "slope": 0.000467, "uparea": 1315.1166861, "trend": "increasing", "ave_flux": 0.017595, "continent": "Asia", "ord_stra": 4, "image_num": 365, "OWT": 2, "trend2": "increasing", "label": "River mouth 83"}, "geometry": {"type": "Point", "coordinates": [120.68700999981172, 0.8465399998211751]}}, {"id": "81", "type": "Feature", "properties": {"ID": 84, "width_mean": 50.0, "slope": 0.00046, "uparea": 1336.3963194, "trend": "increasing", "ave_flux": 0.0179571, "continent": "Asia", "ord_stra": 4, "image_num": 550, "OWT": 2, "trend2": "increasing", "label": "River mouth 84"}, "geometry": {"type": "Point", "coordinates": [123.12897000006546, 0.5252000001798933]}}, {"id": "82", "type": "Feature", "properties": {"ID": 85, "width_mean": 50.0, "slope": 0.000243, "uparea": 1372.32405822, "trend": "increasing", "ave_flux": 0.00989229, "continent": "Asia", "ord_stra": 5, "image_num": 309, "OWT": 2, "trend2": "increasing", "label": "River mouth 85"}, "geometry": {"type": "Point", "coordinates": [121.3958699996009, 1.0962399998761612]}}, {"id": "83", "type": "Feature", "properties": {"ID": 86, "width_mean": 72.0, "slope": 0.000362, "uparea": 904.2768182765062, "trend": "increasing", "ave_flux": 0.0154152, "continent": "Asia", "ord_stra": 4, "image_num": 307, "OWT": 2, "trend2": "increasing", "label": "River mouth 86"}, "geometry": {"type": "Point", "coordinates": [123.59217738193675, 0.8854605900056107]}}, {"id": "84", "type": "Feature", "properties": {"ID": 87, "width_mean": 50.0, "slope": 0.0, "uparea": 554.1134502341986, "trend": "no trend", "ave_flux": 0.0130111, "continent": "Asia", "ord_stra": 4, "image_num": 251, "OWT": 2, "trend2": "no trend", "label": "River mouth 87"}, "geometry": {"type": "Point", "coordinates": [127.79829768541583, 1.8722507341226695]}}, {"id": "85", "type": "Feature", "properties": {"ID": 88, "width_mean": 50.0, "slope": 0.000101, "uparea": 338.2493325615116, "trend": "increasing", "ave_flux": 0.00334211, "continent": "North America", "ord_stra": 4, "image_num": 312, "OWT": 2, "trend2": "increasing", "label": "River mouth 88"}, "geometry": {"type": "Point", "coordinates": [-80.48542000033274, 7.415690000193422]}}, {"id": "86", "type": "Feature", "properties": {"ID": 89, "width_mean": 372.0, "slope": 0.000199, "uparea": 928.3710137363698, "trend": "no trend", "ave_flux": 0.0101152, "continent": "North America", "ord_stra": 5, "image_num": 384, "OWT": 3, "trend2": "increasing", "label": "River mouth 89"}, "geometry": {"type": "Point", "coordinates": [-81.24692648976475, 7.931023637051419]}}, {"id": "87", "type": "Feature", "properties": {"ID": 90, "width_mean": 50.0, "slope": -8e-06, "uparea": 709.3997681464027, "trend": "no trend", "ave_flux": 0.0262849, "continent": "South America", "ord_stra": 4, "image_num": 439, "OWT": 2, "trend2": "no trend", "label": "River mouth 90"}, "geometry": {"type": "Point", "coordinates": [-77.77842999994448, 7.1848999998351815]}}, {"id": "88", "type": "Feature", "properties": {"ID": 91, "width_mean": 72.0, "slope": 0.000154, "uparea": 1407.08923357, "trend": "no trend", "ave_flux": 0.0216047, "continent": "South America", "ord_stra": 5, "image_num": 261, "OWT": 2, "trend2": "no trend", "label": "River mouth 91"}, "geometry": {"type": "Point", "coordinates": [-76.77572999973967, 7.883460000378761]}}, {"id": "89", "type": "Feature", "properties": {"ID": 92, "width_mean": 97.0, "slope": 0.001386, "uparea": 4014.23418626, "trend": "no trend", "ave_flux": 0.099517, "continent": "South America", "ord_stra": 6, "image_num": 155, "OWT": 3, "trend2": "increasing", "label": "River mouth 92"}, "geometry": {"type": "Point", "coordinates": [-77.29319378858986, 4.949191117410912]}}, {"id": "90", "type": "Feature", "properties": {"ID": 93, "width_mean": 319.0, "slope": 0.021269, "uparea": 35341.2714041, "trend": "increasing", "ave_flux": 0.987002, "continent": "South America", "ord_stra": 7, "image_num": 301, "OWT": 3, "trend2": "increasing", "label": "River mouth 93"}, "geometry": {"type": "Point", "coordinates": [-77.00235434773985, 7.965945662606353]}}, {"id": "91", "type": "Feature", "properties": {"ID": 94, "width_mean": 372.0, "slope": 0.000183, "uparea": 13459.4251903, "trend": "no trend", "ave_flux": 0.245771, "continent": "South America", "ord_stra": 7, "image_num": 111, "OWT": 3, "trend2": "no trend", "label": "River mouth 94"}, "geometry": {"type": "Point", "coordinates": [-77.20485999958925, 4.172479999652296]}}, {"id": "92", "type": "Feature", "properties": {"ID": 95, "width_mean": 97.0, "slope": 0.000226, "uparea": 2948.07698157, "trend": "increasing", "ave_flux": 0.0106797, "continent": "South America", "ord_stra": 5, "image_num": 344, "OWT": 2, "trend2": "increasing", "label": "River mouth 95"}, "geometry": {"type": "Point", "coordinates": [-58.66499677481283, 7.524855875720499]}}, {"id": "93", "type": "Feature", "properties": {"ID": 96, "width_mean": 155.0, "slope": 0.001917, "uparea": 13814.4826672, "trend": "increasing", "ave_flux": 0.0442427, "continent": "South America", "ord_stra": 6, "image_num": 469, "OWT": 2, "trend2": "increasing", "label": "River mouth 96"}, "geometry": {"type": "Point", "coordinates": [-56.95438882171736, 5.926642954291253]}}, {"id": "94", "type": "Feature", "properties": {"ID": 97, "width_mean": 190.0, "slope": 0.001423, "uparea": 11522.5809542, "trend": "increasing", "ave_flux": 0.0397927, "continent": "South America", "ord_stra": 6, "image_num": 449, "OWT": 2, "trend2": "increasing", "label": "River mouth 97"}, "geometry": {"type": "Point", "coordinates": [-57.53212441708716, 6.23572642029622]}}, {"id": "95", "type": "Feature", "properties": {"ID": 98, "width_mean": 271.0, "slope": 0.000744, "uparea": 6564.49602678, "trend": "increasing", "ave_flux": 0.0248326, "continent": "South America", "ord_stra": 5, "image_num": 391, "OWT": 2, "trend2": "increasing", "label": "River mouth 98"}, "geometry": {"type": "Point", "coordinates": [-58.19046999711477, 6.676489478369624]}}, {"id": "96", "type": "Feature", "properties": {"ID": 99, "width_mean": 572.0, "slope": 0.001632, "uparea": 14612.7313749, "trend": "increasing", "ave_flux": 0.0356218, "continent": "South America", "ord_stra": 5, "image_num": 501, "OWT": 3, "trend2": "increasing", "label": "River mouth 99"}, "geometry": {"type": "Point", "coordinates": [-55.144972656696204, 5.776080164072535]}}, {"id": "97", "type": "Feature", "properties": {"ID": 100, "width_mean": 850.0, "slope": 0.002, "uparea": 16862.7537566, "trend": "increasing", "ave_flux": 0.0513403, "continent": "South America", "ord_stra": 6, "image_num": 490, "OWT": 3, "trend2": "increasing", "label": "River mouth 100"}, "geometry": {"type": "Point", "coordinates": [-55.88223461399933, 5.723061060219834]}}, {"id": "98", "type": "Feature", "properties": {"ID": 101, "width_mean": 1237.0, "slope": 0.00874, "uparea": 63205.9154176, "trend": "increasing", "ave_flux": 0.23911, "continent": "South America", "ord_stra": 7, "image_num": 502, "OWT": 3, "trend2": "increasing", "label": "River mouth 101"}, "geometry": {"type": "Point", "coordinates": [-57.15986855328135, 5.609669054160593]}}, {"id": "99", "type": "Feature", "properties": {"ID": 102, "width_mean": 1397.0, "slope": 0.003978, "uparea": 64954.9176322, "trend": "increasing", "ave_flux": 0.102336, "continent": "South America", "ord_stra": 7, "image_num": 491, "OWT": 3, "trend2": "increasing", "label": "River mouth 102"}, "geometry": {"type": "Point", "coordinates": [-54.04092518726322, 5.507883208021865]}}, {"id": "100", "type": "Feature", "properties": {"ID": 103, "width_mean": 3987.0, "slope": 0.024157, "uparea": 155742.990385, "trend": "increasing", "ave_flux": 0.915742, "continent": "South America", "ord_stra": 4, "image_num": 386, "OWT": 2, "trend2": "increasing", "label": "River mouth 103"}, "geometry": {"type": "Point", "coordinates": [-58.49181298463224, 6.823018159637188]}}, {"id": "101", "type": "Feature", "properties": {"ID": 104, "width_mean": 97.0, "slope": -6e-06, "uparea": 622.6890440130077, "trend": "no trend", "ave_flux": 0.00954723, "continent": "South America", "ord_stra": 4, "image_num": 115, "OWT": 2, "trend2": "no trend", "label": "River mouth 104"}, "geometry": {"type": "Point", "coordinates": [-51.69038886155966, 4.182486605281236]}}, {"id": "102", "type": "Feature", "properties": {"ID": 105, "width_mean": 124.0, "slope": 0.001011, "uparea": 11536.2420083, "trend": "increasing", "ave_flux": 0.0311511, "continent": "South America", "ord_stra": 6, "image_num": 464, "OWT": 2, "trend2": "increasing", "label": "River mouth 105"}, "geometry": {"type": "Point", "coordinates": [-53.748178494462515, 5.637003456802077]}}, {"id": "103", "type": "Feature", "properties": {"ID": 106, "width_mean": 190.0, "slope": 0.000607, "uparea": 6324.63794201, "trend": "increasing", "ave_flux": 0.0152648, "continent": "South America", "ord_stra": 5, "image_num": 401, "OWT": 3, "trend2": "increasing", "label": "River mouth 106"}, "geometry": {"type": "Point", "coordinates": [-52.96691325586424, 5.418083829015467]}}, {"id": "104", "type": "Feature", "properties": {"ID": 107, "width_mean": 190.0, "slope": 0.001367, "uparea": 2638.26030669, "trend": "increasing", "ave_flux": 0.0469893, "continent": "South America", "ord_stra": 4, "image_num": 516, "OWT": 2, "trend2": "increasing", "label": "River mouth 107"}, "geometry": {"type": "Point", "coordinates": [-53.168758485960474, 5.475678525654251]}}, {"id": "105", "type": "Feature", "properties": {"ID": 108, "width_mean": 271.0, "slope": 0.000211, "uparea": 1753.25535784, "trend": "increasing", "ave_flux": 0.009506, "continent": "South America", "ord_stra": 4, "image_num": 489, "OWT": 3, "trend2": "increasing", "label": "River mouth 108"}, "geometry": {"type": "Point", "coordinates": [-52.66988000026174, 5.121540000270841]}}, {"id": "106", "type": "Feature", "properties": {"ID": 109, "width_mean": 319.0, "slope": 0.000754, "uparea": 7926.53254483, "trend": "increasing", "ave_flux": 0.0245553, "continent": "South America", "ord_stra": 6, "image_num": 583, "OWT": 2, "trend2": "increasing", "label": "River mouth 109"}, "geometry": {"type": "Point", "coordinates": [-52.05936069587655, 4.3292967319073155]}}, {"id": "107", "type": "Feature", "properties": {"ID": 110, "width_mean": 655.0, "slope": 0.000524, "uparea": 3294.64831615, "trend": "increasing", "ave_flux": 0.0117707, "continent": "South America", "ord_stra": 5, "image_num": 477, "OWT": 3, "trend2": "increasing", "label": "River mouth 110"}, "geometry": {"type": "Point", "coordinates": [-52.30329314163626, 4.791724138860438]}}, {"id": "108", "type": "Feature", "properties": {"ID": 111, "width_mean": 1996.0, "slope": 0.001634, "uparea": 25092.4483062, "trend": "increasing", "ave_flux": 0.0782125, "continent": "South America", "ord_stra": 6, "image_num": 122, "OWT": 3, "trend2": "increasing", "label": "River mouth 111"}, "geometry": {"type": "Point", "coordinates": [-51.65033000002944, 4.080999999750247]}}, {"id": "109", "type": "Feature", "properties": {"ID": 112, "width_mean": 124.0, "slope": 0.001693, "uparea": 6834.74302651, "trend": "increasing", "ave_flux": 0.0536312, "continent": "Africa", "ord_stra": 5, "image_num": 242, "OWT": 2, "trend2": "increasing", "label": "River mouth 112"}, "geometry": {"type": "Point", "coordinates": [-12.219060000118873, 7.579959999654307]}}, {"id": "110", "type": "Feature", "properties": {"ID": 113, "width_mean": 228.0, "slope": 0.001418, "uparea": 13470.7813985, "trend": "increasing", "ave_flux": 0.0629207, "continent": "Africa", "ord_stra": 6, "image_num": 219, "OWT": 2, "trend2": "increasing", "label": "River mouth 113"}, "geometry": {"type": "Point", "coordinates": [-12.061647853123153, 7.362701126359735]}}, {"id": "111", "type": "Feature", "properties": {"ID": 114, "width_mean": 1237.0, "slope": -5e-06, "uparea": 2679.17723013, "trend": "no trend", "ave_flux": 0.00656778, "continent": "Africa", "ord_stra": 4, "image_num": 260, "OWT": 3, "trend2": "no trend", "label": "River mouth 114"}, "geometry": {"type": "Point", "coordinates": [-12.514124726844198, 7.726606829432304]}}, {"id": "112", "type": "Feature", "properties": {"ID": 115, "width_mean": 50.0, "slope": 0.0005, "uparea": 873.6670828492322, "trend": "increasing", "ave_flux": 0.0107861, "continent": "Africa", "ord_stra": 4, "image_num": 393, "OWT": 2, "trend2": "increasing", "label": "River mouth 115"}, "geometry": {"type": "Point", "coordinates": [-11.270800000419626, 6.879100000065023]}}, {"id": "113", "type": "Feature", "properties": {"ID": 116, "width_mean": 72.0, "slope": 0.000423, "uparea": 3128.49160112, "trend": "increasing", "ave_flux": 0.0141079, "continent": "Africa", "ord_stra": 5, "image_num": 197, "OWT": 4, "trend2": "increasing", "label": "River mouth 116"}, "geometry": {"type": "Point", "coordinates": [-9.688588021837269, 5.716916908622036]}}, {"id": "114", "type": "Feature", "properties": {"ID": 117, "width_mean": 155.0, "slope": 0.001252, "uparea": 11542.8675121, "trend": "increasing", "ave_flux": 0.037412, "continent": "Africa", "ord_stra": 5, "image_num": 207, "OWT": 2, "trend2": "increasing", "label": "River mouth 117"}, "geometry": {"type": "Point", "coordinates": [-9.460640000435603, 5.539179999957071]}}, {"id": "115", "type": "Feature", "properties": {"ID": 118, "width_mean": 155.0, "slope": 0.001312, "uparea": 7340.85154794, "trend": "increasing", "ave_flux": 0.054923, "continent": "Africa", "ord_stra": 5, "image_num": 426, "OWT": 2, "trend2": "increasing", "label": "River mouth 118"}, "geometry": {"type": "Point", "coordinates": [-11.430810000381143, 6.971999999800175]}}, {"id": "116", "type": "Feature", "properties": {"ID": 119, "width_mean": 155.0, "slope": 0.00015, "uparea": 4322.82758613, "trend": "no trend", "ave_flux": 0.0298576, "continent": "Africa", "ord_stra": 4, "image_num": 179, "OWT": 4, "trend2": "no trend", "label": "River mouth 119"}, "geometry": {"type": "Point", "coordinates": [-10.42799379748147, 6.17850701241093]}}, {"id": "117", "type": "Feature", "properties": {"ID": 120, "width_mean": 271.0, "slope": 0.0014, "uparea": 15824.2878126, "trend": "increasing", "ave_flux": 0.0842997, "continent": "Africa", "ord_stra": 6, "image_num": 371, "OWT": 2, "trend2": "increasing", "label": "River mouth 120"}, "geometry": {"type": "Point", "coordinates": [-9.968679999682195, 5.989830000254358]}}, {"id": "118", "type": "Feature", "properties": {"ID": 121, "width_mean": 271.0, "slope": 0.005483, "uparea": 29243.374656, "trend": "increasing", "ave_flux": 0.250477, "continent": "Africa", "ord_stra": 6, "image_num": 229, "OWT": 2, "trend2": "increasing", "label": "River mouth 121"}, "geometry": {"type": "Point", "coordinates": [-7.5516200001628135, 4.509449999717788]}}, {"id": "119", "type": "Feature", "properties": {"ID": 122, "width_mean": 271.0, "slope": 0.004772, "uparea": 19412.4881004, "trend": "increasing", "ave_flux": 0.0994095, "continent": "Africa", "ord_stra": 6, "image_num": 239, "OWT": 2, "trend2": "increasing", "label": "River mouth 122"}, "geometry": {"type": "Point", "coordinates": [-11.540649999797608, 7.062380000236885]}}, {"id": "120", "type": "Feature", "properties": {"ID": 123, "width_mean": 271.0, "slope": 0.001844, "uparea": 19489.7617951, "trend": "increasing", "ave_flux": 0.101842, "continent": "Africa", "ord_stra": 6, "image_num": 250, "OWT": 2, "trend2": "increasing", "label": "River mouth 123"}, "geometry": {"type": "Point", "coordinates": [-10.671490753949193, 6.472603698042979]}}, {"id": "121", "type": "Feature", "properties": {"ID": 124, "width_mean": 271.0, "slope": 0.00174, "uparea": 10345.8598513, "trend": "increasing", "ave_flux": 0.0768345, "continent": "Africa", "ord_stra": 6, "image_num": 259, "OWT": 2, "trend2": "increasing", "label": "River mouth 124"}, "geometry": {"type": "Point", "coordinates": [-11.028093006799306, 6.662071864421541]}}, {"id": "122", "type": "Feature", "properties": {"ID": 125, "width_mean": 498.0, "slope": -0.00171, "uparea": 74913.3103369, "trend": "no trend", "ave_flux": 0.178925, "continent": "Africa", "ord_stra": 6, "image_num": 238, "OWT": 2, "trend2": "decreasing", "label": "River mouth 125"}, "geometry": {"type": "Point", "coordinates": [-6.135359999564287, 5.017830000254378]}}, {"id": "123", "type": "Feature", "properties": {"ID": 126, "width_mean": 50.0, "slope": 4.4e-05, "uparea": 7842.13406952, "trend": "no trend", "ave_flux": 0.00696814, "continent": "Africa", "ord_stra": 5, "image_num": 244, "OWT": 4, "trend2": "no trend", "label": "River mouth 126"}, "geometry": {"type": "Point", "coordinates": [-4.325120000387642, 5.363010000311306]}}, {"id": "124", "type": "Feature", "properties": {"ID": 127, "width_mean": 124.0, "slope": -7.1e-05, "uparea": 22205.0668229, "trend": "no trend", "ave_flux": 0.0197362, "continent": "Africa", "ord_stra": 6, "image_num": 197, "OWT": 2, "trend2": "no trend", "label": "River mouth 127"}, "geometry": {"type": "Point", "coordinates": [-1.6176318791822757, 5.171054011985933]}}, {"id": "125", "type": "Feature", "properties": {"ID": 128, "width_mean": 228.0, "slope": 0.000721, "uparea": 98190.0690756, "trend": "no trend", "ave_flux": 0.148817, "continent": "Africa", "ord_stra": 7, "image_num": 255, "OWT": 2, "trend2": "no trend", "label": "River mouth 128"}, "geometry": {"type": "Point", "coordinates": [-4.928022481982358, 5.308634269558468]}}, {"id": "126", "type": "Feature", "properties": {"ID": 129, "width_mean": 1575.0, "slope": 0.0005, "uparea": 78045.3492146, "trend": "increasing", "ave_flux": 0.0537567, "continent": "Africa", "ord_stra": 4, "image_num": 400, "OWT": 2, "trend2": "increasing", "label": "River mouth 129"}, "geometry": {"type": "Point", "coordinates": [-3.891969633664684, 5.310843301593886]}}, {"id": "127", "type": "Feature", "properties": {"ID": 130, "width_mean": 3174.0, "slope": 0.000136, "uparea": 16139.201816, "trend": "no trend", "ave_flux": 0.009361, "continent": "Africa", "ord_stra": 5, "image_num": 276, "OWT": 3, "trend2": "increasing", "label": "River mouth 130"}, "geometry": {"type": "Point", "coordinates": [-3.080029999984447, 5.132259999999064]}}, {"id": "128", "type": "Feature", "properties": {"ID": 131, "width_mean": 97.0, "slope": 0.00106, "uparea": 22059.9622595, "trend": "increasing", "ave_flux": 0.0889505, "continent": "Africa", "ord_stra": 5, "image_num": 264, "OWT": 2, "trend2": "increasing", "label": "River mouth 131"}, "geometry": {"type": "Point", "coordinates": [1.7757400001009955, 6.405669999670806]}}, {"id": "129", "type": "Feature", "properties": {"ID": 132, "width_mean": 190.0, "slope": 0.001847, "uparea": 46436.7793394, "trend": "increasing", "ave_flux": 0.107731, "continent": "Africa", "ord_stra": 6, "image_num": 210, "OWT": 3, "trend2": "increasing", "label": "River mouth 132"}, "geometry": {"type": "Point", "coordinates": [3.4012609078283385, 6.629458607220422]}}, {"id": "130", "type": "Feature", "properties": {"ID": 133, "width_mean": 228.0, "slope": 0.000635, "uparea": 48407.5706422, "trend": "no trend", "ave_flux": 0.102137, "continent": "Africa", "ord_stra": 6, "image_num": 477, "OWT": 2, "trend2": "no trend", "label": "River mouth 133"}, "geometry": {"type": "Point", "coordinates": [2.492339999791227, 6.58923999972626]}}, {"id": "131", "type": "Feature", "properties": {"ID": 134, "width_mean": 319.0, "slope": 7.1e-05, "uparea": 2876.33192233, "trend": "no trend", "ave_flux": 0.0168546, "continent": "Africa", "ord_stra": 4, "image_num": 207, "OWT": 2, "trend2": "no trend", "label": "River mouth 134"}, "geometry": {"type": "Point", "coordinates": [5.721370000225363, 5.334810000281323]}}, {"id": "132", "type": "Feature", "properties": {"ID": 135, "width_mean": 498.0, "slope": 0.000183, "uparea": 732.2788038179848, "trend": "increasing", "ave_flux": 0.008616, "continent": "Africa", "ord_stra": 4, "image_num": 230, "OWT": 3, "trend2": "increasing", "label": "River mouth 135"}, "geometry": {"type": "Point", "coordinates": [5.52576189962378, 5.065266717932416]}}, {"id": "133", "type": "Feature", "properties": {"ID": 136, "width_mean": 655.0, "slope": 0.008997, "uparea": 407651.716626, "trend": "increasing", "ave_flux": 0.208914, "continent": "Africa", "ord_stra": 8, "image_num": 323, "OWT": 4, "trend2": "increasing", "label": "River mouth 136"}, "geometry": {"type": "Point", "coordinates": [0.3800100001614055, 6.04163000042422]}}, {"id": "134", "type": "Feature", "properties": {"ID": 137, "width_mean": 965.0, "slope": 0.000289, "uparea": 1076.84182122, "trend": "increasing", "ave_flux": 0.011462, "continent": "Africa", "ord_stra": 4, "image_num": 173, "OWT": 3, "trend2": "increasing", "label": "River mouth 137"}, "geometry": {"type": "Point", "coordinates": [5.485979478112459, 4.8630296935922175]}}, {"id": "135", "type": "Feature", "properties": {"ID": 138, "width_mean": 1575.0, "slope": 0.000128, "uparea": 736.2127523875961, "trend": "increasing", "ave_flux": 0.00553254, "continent": "Africa", "ord_stra": 4, "image_num": 364, "OWT": 3, "trend2": "increasing", "label": "River mouth 138"}, "geometry": {"type": "Point", "coordinates": [5.3991300004491904, 5.621409999571881]}}, {"id": "136", "type": "Feature", "properties": {"ID": 139, "width_mean": 1774.0, "slope": 0.0006, "uparea": 13343.2658109, "trend": "increasing", "ave_flux": 0.0295036, "continent": "Africa", "ord_stra": 6, "image_num": 172, "OWT": 2, "trend2": "increasing", "label": "River mouth 139"}, "geometry": {"type": "Point", "coordinates": [5.257498180335657, 5.89101349034572]}}, {"id": "137", "type": "Feature", "properties": {"ID": 140, "width_mean": 190.0, "slope": 4.4e-05, "uparea": 3519.3410037, "trend": "no trend", "ave_flux": 0.0625479, "continent": "Africa", "ord_stra": 5, "image_num": 165, "OWT": 2, "trend2": "no trend", "label": "River mouth 140"}, "geometry": {"type": "Point", "coordinates": [9.490989999988585, 4.19334000024088]}}, {"id": "138", "type": "Feature", "properties": {"ID": 141, "width_mean": 228.0, "slope": 0.010391, "uparea": 2023134.09868, "trend": "no trend", "ave_flux": 1.21796, "continent": "Africa", "ord_stra": 8, "image_num": 152, "OWT": 2, "trend2": "no trend", "label": "River mouth 141"}, "geometry": {"type": "Point", "coordinates": [6.082123364068323, 4.587939289999335]}}, {"id": "139", "type": "Feature", "properties": {"ID": 142, "width_mean": 432.0, "slope": 0.001539, "uparea": 8921.65268505, "trend": "increasing", "ave_flux": 0.110632, "continent": "Africa", "ord_stra": 6, "image_num": 329, "OWT": 2, "trend2": "increasing", "label": "River mouth 142"}, "geometry": {"type": "Point", "coordinates": [9.754078452033736, 4.156929306930746]}}, {"id": "140", "type": "Feature", "properties": {"ID": 143, "width_mean": 655.0, "slope": 7.7e-05, "uparea": 1429.97003326, "trend": "no trend", "ave_flux": 0.0112451, "continent": "Africa", "ord_stra": 4, "image_num": 113, "OWT": 2, "trend2": "no trend", "label": "River mouth 143"}, "geometry": {"type": "Point", "coordinates": [8.70682547623204, 4.714354288378193]}}, {"id": "141", "type": "Feature", "properties": {"ID": 144, "width_mean": 747.0, "slope": 0.000146, "uparea": 1250.77051537, "trend": "no trend", "ave_flux": 0.0120472, "continent": "Africa", "ord_stra": 5, "image_num": 117, "OWT": 2, "trend2": "no trend", "label": "River mouth 144"}, "geometry": {"type": "Point", "coordinates": [8.608579999967048, 4.86115999963431]}}, {"id": "142", "type": "Feature", "properties": {"ID": 145, "width_mean": 850.0, "slope": 0.000984, "uparea": 7712.54341848, "trend": "increasing", "ave_flux": 0.0355745, "continent": "Africa", "ord_stra": 5, "image_num": 124, "OWT": 3, "trend2": "increasing", "label": "River mouth 145"}, "geometry": {"type": "Point", "coordinates": [7.524670000420258, 4.623620000062999]}}, {"id": "143", "type": "Feature", "properties": {"ID": 146, "width_mean": 1774.0, "slope": 0.012427, "uparea": 51813.3154067, "trend": "increasing", "ave_flux": 0.461757, "continent": "Africa", "ord_stra": 7, "image_num": 283, "OWT": 2, "trend2": "increasing", "label": "River mouth 146"}, "geometry": {"type": "Point", "coordinates": [8.193458520349033, 4.898260770704772]}}, {"id": "144", "type": "Feature", "properties": {"ID": 147, "width_mean": 2244.0, "slope": 0.000147, "uparea": 1730.24287993, "trend": "increasing", "ave_flux": 0.0121727, "continent": "Africa", "ord_stra": 4, "image_num": 152, "OWT": 3, "trend2": "increasing", "label": "River mouth 147"}, "geometry": {"type": "Point", "coordinates": [6.8942744599064625, 4.377361571516329]}}, {"id": "145", "type": "Feature", "properties": {"ID": 148, "width_mean": 2829.0, "slope": 0.00039, "uparea": 1906.62504998, "trend": "increasing", "ave_flux": 0.00985714, "continent": "Africa", "ord_stra": 4, "image_num": 149, "OWT": 3, "trend2": "increasing", "label": "River mouth 148"}, "geometry": {"type": "Point", "coordinates": [6.991805040247864, 4.544806358263373]}}, {"id": "146", "type": "Feature", "properties": {"ID": 149, "width_mean": 3174.0, "slope": 0.000793, "uparea": 5004.3895628, "trend": "increasing", "ave_flux": 0.0262323, "continent": "Africa", "ord_stra": 4, "image_num": 271, "OWT": 2, "trend2": "increasing", "label": "River mouth 149"}, "geometry": {"type": "Point", "coordinates": [6.714793626622328, 4.428143153228486]}}, {"id": "147", "type": "Feature", "properties": {"ID": 150, "width_mean": 3558.0, "slope": 0.000225, "uparea": 1011.0522017, "trend": "increasing", "ave_flux": 0.00905423, "continent": "Africa", "ord_stra": 4, "image_num": 151, "OWT": 3, "trend2": "increasing", "label": "River mouth 150"}, "geometry": {"type": "Point", "coordinates": [7.180226490081102, 4.606348963866579]}}, {"id": "148", "type": "Feature", "properties": {"ID": 151, "width_mean": 50.0, "slope": 0.000118, "uparea": 1331.24147545, "trend": "increasing", "ave_flux": 0.00767049, "continent": "Asia", "ord_stra": 4, "image_num": 530, "OWT": 2, "trend2": "increasing", "label": "River mouth 151"}, "geometry": {"type": "Point", "coordinates": [79.90776623679777, 7.279215928742769]}}, {"id": "149", "type": "Feature", "properties": {"ID": 152, "width_mean": 50.0, "slope": 6.4e-05, "uparea": 2085.19769081, "trend": "no trend", "ave_flux": 0.00662911, "continent": "Asia", "ord_stra": 5, "image_num": 480, "OWT": 2, "trend2": "no trend", "label": "River mouth 152"}, "geometry": {"type": "Point", "coordinates": [79.86161000000158, 7.622629999674814]}}, {"id": "150", "type": "Feature", "properties": {"ID": 153, "width_mean": 97.0, "slope": 0.000373, "uparea": 1831.55678229, "trend": "increasing", "ave_flux": 0.0205633, "continent": "Asia", "ord_stra": 5, "image_num": 480, "OWT": 2, "trend2": "increasing", "label": "River mouth 153"}, "geometry": {"type": "Point", "coordinates": [79.95456000024387, 6.942640000235883]}}, {"id": "151", "type": "Feature", "properties": {"ID": 154, "width_mean": 155.0, "slope": 0.000962, "uparea": 2625.88693393, "trend": "increasing", "ave_flux": 0.0398793, "continent": "Asia", "ord_stra": 5, "image_num": 272, "OWT": 3, "trend2": "increasing", "label": "River mouth 154"}, "geometry": {"type": "Point", "coordinates": [80.02805089000775, 6.61172183528698]}}, {"id": "152", "type": "Feature", "properties": {"ID": 155, "width_mean": 72.0, "slope": 0.000128, "uparea": 385.5801333650925, "trend": "increasing", "ave_flux": 0.0087064, "continent": "Asia", "ord_stra": 4, "image_num": 205, "OWT": 2, "trend2": "increasing", "label": "River mouth 155"}, "geometry": {"type": "Point", "coordinates": [95.69844999996758, 4.692130000099496]}}, {"id": "153", "type": "Feature", "properties": {"ID": 156, "width_mean": 72.0, "slope": -0.000213, "uparea": 1098.10140334, "trend": "decreasing", "ave_flux": 0.00715858, "continent": "Asia", "ord_stra": 4, "image_num": 239, "OWT": 2, "trend2": "decreasing", "label": "River mouth 156"}, "geometry": {"type": "Point", "coordinates": [95.36593667545532, 5.503151562461587]}}, {"id": "154", "type": "Feature", "properties": {"ID": 157, "width_mean": 72.0, "slope": -3.3e-05, "uparea": 211.27256204857548, "trend": "decreasing", "ave_flux": 0.00168719, "continent": "Asia", "ord_stra": 4, "image_num": 298, "OWT": 2, "trend2": "decreasing", "label": "River mouth 157"}, "geometry": {"type": "Point", "coordinates": [95.43353000040923, 5.115840000016021]}}, {"id": "155", "type": "Feature", "properties": {"ID": 158, "width_mean": 124.0, "slope": 0.000297, "uparea": 2162.62353453, "trend": "increasing", "ave_flux": 0.0272995, "continent": "Asia", "ord_stra": 5, "image_num": 207, "OWT": 2, "trend2": "increasing", "label": "River mouth 158"}, "geometry": {"type": "Point", "coordinates": [95.87214000036079, 4.480549999782738]}}, {"id": "156", "type": "Feature", "properties": {"ID": 159, "width_mean": 190.0, "slope": 0.000312, "uparea": 2259.0909057, "trend": "increasing", "ave_flux": 0.0197961, "continent": "Asia", "ord_stra": 4, "image_num": 200, "OWT": 2, "trend2": "increasing", "label": "River mouth 159"}, "geometry": {"type": "Point", "coordinates": [95.98508123711387, 4.30092591860573]}}, {"id": "157", "type": "Feature", "properties": {"ID": 160, "width_mean": 50.0, "slope": -0.000118, "uparea": 539.7820532602177, "trend": "decreasing", "ave_flux": 0.00527962, "continent": "Asia", "ord_stra": 4, "image_num": 388, "OWT": 2, "trend2": "decreasing", "label": "River mouth 160"}, "geometry": {"type": "Point", "coordinates": [97.29596106292959, 5.0965331794176425]}}, {"id": "158", "type": "Feature", "properties": {"ID": 161, "width_mean": 50.0, "slope": 0.000507, "uparea": 2264.10447721, "trend": "increasing", "ave_flux": 0.022924, "continent": "Asia", "ord_stra": 5, "image_num": 410, "OWT": 2, "trend2": "increasing", "label": "River mouth 161"}, "geometry": {"type": "Point", "coordinates": [96.8281822514738, 5.213613685743012]}}, {"id": "159", "type": "Feature", "properties": {"ID": 162, "width_mean": 50.0, "slope": -0.000112, "uparea": 3439.60346193, "trend": "decreasing", "ave_flux": 0.0108084, "continent": "Asia", "ord_stra": 5, "image_num": 715, "OWT": 2, "trend2": "decreasing", "label": "River mouth 162"}, "geometry": {"type": "Point", "coordinates": [101.27755049584393, 6.727413658563197]}}, {"id": "160", "type": "Feature", "properties": {"ID": 163, "width_mean": 50.0, "slope": -0.000177, "uparea": 2674.84496589, "trend": "decreasing", "ave_flux": 0.00876138, "continent": "Asia", "ord_stra": 4, "image_num": 442, "OWT": 3, "trend2": "decreasing", "label": "River mouth 163"}, "geometry": {"type": "Point", "coordinates": [101.59888922831655, 6.675271211047118]}}, {"id": "161", "type": "Feature", "properties": {"ID": 164, "width_mean": 72.0, "slope": 0.0001, "uparea": 940.6233622185488, "trend": "no trend", "ave_flux": 0.012086, "continent": "Asia", "ord_stra": 4, "image_num": 457, "OWT": 2, "trend2": "no trend", "label": "River mouth 164"}, "geometry": {"type": "Point", "coordinates": [96.26821999955342, 4.102090000153453]}}, {"id": "162", "type": "Feature", "properties": {"ID": 165, "width_mean": 72.0, "slope": 0.000146, "uparea": 2357.04566396, "trend": "no trend", "ave_flux": 0.0212717, "continent": "Asia", "ord_stra": 5, "image_num": 398, "OWT": 2, "trend2": "no trend", "label": "River mouth 165"}, "geometry": {"type": "Point", "coordinates": [100.32914972032962, 6.112307409144569]}}, {"id": "163", "type": "Feature", "properties": {"ID": 166, "width_mean": 72.0, "slope": 0.000636, "uparea": 1903.3473637, "trend": "increasing", "ave_flux": 0.0257026, "continent": "Asia", "ord_stra": 4, "image_num": 534, "OWT": 2, "trend2": "increasing", "label": "River mouth 166"}, "geometry": {"type": "Point", "coordinates": [96.16257000000553, 4.201209999841694]}}, {"id": "164", "type": "Feature", "properties": {"ID": 167, "width_mean": 72.0, "slope": 0.000643, "uparea": 4530.53303105, "trend": "increasing", "ave_flux": 0.035196, "continent": "Asia", "ord_stra": 4, "image_num": 344, "OWT": 2, "trend2": "increasing", "label": "River mouth 167"}, "geometry": {"type": "Point", "coordinates": [97.60002231898233, 5.096996902499365]}}, {"id": "165", "type": "Feature", "properties": {"ID": 168, "width_mean": 97.0, "slope": 0.000248, "uparea": 3953.54630055, "trend": "increasing", "ave_flux": 0.0163717, "continent": "Asia", "ord_stra": 5, "image_num": 454, "OWT": 3, "trend2": "increasing", "label": "River mouth 168"}, "geometry": {"type": "Point", "coordinates": [100.43775726739725, 5.564944257930146]}}, {"id": "166", "type": "Feature", "properties": {"ID": 169, "width_mean": 124.0, "slope": 3e-05, "uparea": 559.7789717753633, "trend": "no trend", "ave_flux": 0.00385231, "continent": "Asia", "ord_stra": 4, "image_num": 369, "OWT": 3, "trend2": "no trend", "label": "River mouth 169"}, "geometry": {"type": "Point", "coordinates": [101.83521234464054, 6.425226957795121]}}, {"id": "167", "type": "Feature", "properties": {"ID": 170, "width_mean": 124.0, "slope": 0.001208, "uparea": 4677.03671457, "trend": "increasing", "ave_flux": 0.061101, "continent": "Asia", "ord_stra": 5, "image_num": 274, "OWT": 2, "trend2": "increasing", "label": "River mouth 170"}, "geometry": {"type": "Point", "coordinates": [98.20381870549157, 4.387114700707549]}}, {"id": "168", "type": "Feature", "properties": {"ID": 171, "width_mean": 190.0, "slope": 8e-05, "uparea": 1528.46721623, "trend": "no trend", "ave_flux": 0.00840403, "continent": "Asia", "ord_stra": 4, "image_num": 261, "OWT": 3, "trend2": "no trend", "label": "River mouth 171"}, "geometry": {"type": "Point", "coordinates": [98.44407711204494, 4.0163046909752005]}}, {"id": "169", "type": "Feature", "properties": {"ID": 172, "width_mean": 271.0, "slope": -0.000112, "uparea": 764.0306342828709, "trend": "decreasing", "ave_flux": 0.00375563, "continent": "Asia", "ord_stra": 4, "image_num": 301, "OWT": 3, "trend2": "decreasing", "label": "River mouth 172"}, "geometry": {"type": "Point", "coordinates": [98.17861000005155, 4.060220000152924]}}, {"id": "170", "type": "Feature", "properties": {"ID": 173, "width_mean": 1774.0, "slope": -0.000157, "uparea": 14487.8531607, "trend": "no trend", "ave_flux": 0.117361, "continent": "Asia", "ord_stra": 6, "image_num": 877, "OWT": 3, "trend2": "no trend", "label": "River mouth 173"}, "geometry": {"type": "Point", "coordinates": [100.80603280304842, 4.014819344773167]}}, {"id": "171", "type": "Feature", "properties": {"ID": 174, "width_mean": 72.0, "slope": 0.000164, "uparea": 1354.1415448, "trend": "no trend", "ave_flux": 0.00881547, "continent": "Asia", "ord_stra": 5, "image_num": 380, "OWT": 2, "trend2": "increasing", "label": "River mouth 174"}, "geometry": {"type": "Point", "coordinates": [102.08489999993509, 6.158170000345308]}}, {"id": "172", "type": "Feature", "properties": {"ID": 175, "width_mean": 97.0, "slope": 1.9e-05, "uparea": 739.9080063959026, "trend": "no trend", "ave_flux": 0.00520291, "continent": "Asia", "ord_stra": 4, "image_num": 319, "OWT": 3, "trend2": "no trend", "label": "River mouth 175"}, "geometry": {"type": "Point", "coordinates": [103.40887999971227, 4.651309999956595]}}, {"id": "173", "type": "Feature", "properties": {"ID": 176, "width_mean": 97.0, "slope": 2.1e-05, "uparea": 813.0619426754707, "trend": "no trend", "ave_flux": 0.0028702, "continent": "Asia", "ord_stra": 4, "image_num": 394, "OWT": 3, "trend2": "no trend", "label": "River mouth 176"}, "geometry": {"type": "Point", "coordinates": [102.5444172847379, 5.799796185735899]}}, {"id": "174", "type": "Feature", "properties": {"ID": 177, "width_mean": 124.0, "slope": -0.000312, "uparea": 1724.32868881, "trend": "decreasing", "ave_flux": 0.0129573, "continent": "Asia", "ord_stra": 5, "image_num": 331, "OWT": 3, "trend2": "decreasing", "label": "River mouth 177"}, "geometry": {"type": "Point", "coordinates": [103.40015289305276, 4.778224586755075]}}, {"id": "175", "type": "Feature", "properties": {"ID": 178, "width_mean": 155.0, "slope": 0.000134, "uparea": 1868.34353024, "trend": "no trend", "ave_flux": 0.0129916, "continent": "Asia", "ord_stra": 5, "image_num": 301, "OWT": 3, "trend2": "no trend", "label": "River mouth 178"}, "geometry": {"type": "Point", "coordinates": [103.4088605162068, 4.215360916385876]}}, {"id": "176", "type": "Feature", "properties": {"ID": 179, "width_mean": 155.0, "slope": 0.000545, "uparea": 12716.9716586, "trend": "no trend", "ave_flux": 0.0676055, "continent": "Asia", "ord_stra": 6, "image_num": 367, "OWT": 3, "trend2": "no trend", "label": "River mouth 179"}, "geometry": {"type": "Point", "coordinates": [102.23458664523363, 6.153482242497043]}}, {"id": "177", "type": "Feature", "properties": {"ID": 180, "width_mean": 747.0, "slope": 0.000209, "uparea": 3746.6935499, "trend": "increasing", "ave_flux": 0.0135874, "continent": "Asia", "ord_stra": 6, "image_num": 301, "OWT": 3, "trend2": "increasing", "label": "River mouth 180"}, "geometry": {"type": "Point", "coordinates": [103.11351873244645, 5.32517212816484]}}, {"id": "178", "type": "Feature", "properties": {"ID": 181, "width_mean": 50.0, "slope": 3.9e-05, "uparea": 929.269522133246, "trend": "no trend", "ave_flux": 0.00487506, "continent": "Asia", "ord_stra": 4, "image_num": 348, "OWT": 2, "trend2": "no trend", "label": "River mouth 181"}, "geometry": {"type": "Point", "coordinates": [113.78381000003151, 4.02791000034631]}}, {"id": "179", "type": "Feature", "properties": {"ID": 182, "width_mean": 72.0, "slope": 0.002217, "uparea": 22069.3383574, "trend": "no trend", "ave_flux": 0.161645, "continent": "Asia", "ord_stra": 5, "image_num": 418, "OWT": 2, "trend2": "increasing", "label": "River mouth 182"}, "geometry": {"type": "Point", "coordinates": [114.23666031161991, 4.559161093614177]}}, {"id": "180", "type": "Feature", "properties": {"ID": 183, "width_mean": 72.0, "slope": 0.000187, "uparea": 751.4642591143968, "trend": "no trend", "ave_flux": 0.0189753, "continent": "Asia", "ord_stra": 4, "image_num": 483, "OWT": 2, "trend2": "increasing", "label": "River mouth 183"}, "geometry": {"type": "Point", "coordinates": [115.94443836560922, 5.729554880742094]}}, {"id": "181", "type": "Feature", "properties": {"ID": 184, "width_mean": 72.0, "slope": 5.8e-05, "uparea": 520.493565200865, "trend": "no trend", "ave_flux": 0.0040866, "continent": "Asia", "ord_stra": 5, "image_num": 484, "OWT": 2, "trend2": "increasing", "label": "River mouth 184"}, "geometry": {"type": "Point", "coordinates": [115.0760700002304, 4.700389999698757]}}, {"id": "182", "type": "Feature", "properties": {"ID": 185, "width_mean": 72.0, "slope": 0.000125, "uparea": 2814.93756792, "trend": "no trend", "ave_flux": 0.0142027, "continent": "Asia", "ord_stra": 5, "image_num": 447, "OWT": 3, "trend2": "no trend", "label": "River mouth 185"}, "geometry": {"type": "Point", "coordinates": [117.68529224603982, 6.418785534687237]}}, {"id": "183", "type": "Feature", "properties": {"ID": 186, "width_mean": 72.0, "slope": 3.3e-05, "uparea": 721.8530413296926, "trend": "increasing", "ave_flux": 0.00225137, "continent": "Asia", "ord_stra": 4, "image_num": 427, "OWT": 2, "trend2": "increasing", "label": "River mouth 186"}, "geometry": {"type": "Point", "coordinates": [117.05920183995195, 6.7103167963015835]}}, {"id": "184", "type": "Feature", "properties": {"ID": 187, "width_mean": 72.0, "slope": 0.000109, "uparea": 1259.07073452, "trend": "increasing", "ave_flux": 0.00804154, "continent": "Asia", "ord_stra": 5, "image_num": 407, "OWT": 2, "trend2": "increasing", "label": "River mouth 187"}, "geometry": {"type": "Point", "coordinates": [117.53706957182501, 4.3691651785127394]}}, {"id": "185", "type": "Feature", "properties": {"ID": 188, "width_mean": 72.0, "slope": 0.000109, "uparea": 2441.47918185, "trend": "no trend", "ave_flux": 0.0395676, "continent": "Asia", "ord_stra": 5, "image_num": 438, "OWT": 2, "trend2": "no trend", "label": "River mouth 188"}, "geometry": {"type": "Point", "coordinates": [115.20087056334003, 4.930624122310183]}}, {"id": "186", "type": "Feature", "properties": {"ID": 189, "width_mean": 72.0, "slope": 0.000568, "uparea": 4010.70572506, "trend": "increasing", "ave_flux": 0.0285318, "continent": "Asia", "ord_stra": 4, "image_num": 366, "OWT": 3, "trend2": "increasing", "label": "River mouth 189"}, "geometry": {"type": "Point", "coordinates": [118.7952773818676, 5.422999728665142]}}, {"id": "187", "type": "Feature", "properties": {"ID": 190, "width_mean": 97.0, "slope": 0.001005, "uparea": 8669.29336195, "trend": "increasing", "ave_flux": 0.0737487, "continent": "Asia", "ord_stra": 6, "image_num": 508, "OWT": 2, "trend2": "increasing", "label": "River mouth 190"}, "geometry": {"type": "Point", "coordinates": [115.55212000003803, 5.242809999781741]}}, {"id": "188", "type": "Feature", "properties": {"ID": 191, "width_mean": 97.0, "slope": 0.000111, "uparea": 612.0844326568277, "trend": "increasing", "ave_flux": 0.00846886, "continent": "Asia", "ord_stra": 5, "image_num": 479, "OWT": 2, "trend2": "increasing", "label": "River mouth 191"}, "geometry": {"type": "Point", "coordinates": [115.43309943424144, 4.8830214877382145]}}, {"id": "189", "type": "Feature", "properties": {"ID": 192, "width_mean": 124.0, "slope": 5.4e-05, "uparea": 763.1210056877977, "trend": "increasing", "ave_flux": 0.00191883, "continent": "Asia", "ord_stra": 4, "image_num": 381, "OWT": 3, "trend2": "increasing", "label": "River mouth 192"}, "geometry": {"type": "Point", "coordinates": [118.31077430048887, 4.382008480868992]}}, {"id": "190", "type": "Feature", "properties": {"ID": 193, "width_mean": 124.0, "slope": 0.000372, "uparea": 3602.91939341, "trend": "increasing", "ave_flux": 0.0285141, "continent": "Asia", "ord_stra": 5, "image_num": 668, "OWT": 3, "trend2": "increasing", "label": "River mouth 193"}, "geometry": {"type": "Point", "coordinates": [115.00217047261332, 4.828803387942279]}}, {"id": "191", "type": "Feature", "properties": {"ID": 195, "width_mean": 432.0, "slope": 0.001452, "uparea": 15853.032151, "trend": "increasing", "ave_flux": 0.0668536, "continent": "Asia", "ord_stra": 6, "image_num": 388, "OWT": 3, "trend2": "increasing", "label": "River mouth 195"}, "geometry": {"type": "Point", "coordinates": [118.3505850409282, 5.7275036379292406]}}, {"id": "192", "type": "Feature", "properties": {"ID": 196, "width_mean": 1397.0, "slope": 0.000171, "uparea": 4673.84861658, "trend": "no trend", "ave_flux": 0.0295915, "continent": "Asia", "ord_stra": 5, "image_num": 462, "OWT": 3, "trend2": "no trend", "label": "River mouth 196"}, "geometry": {"type": "Point", "coordinates": [117.54281423941514, 5.898425840169375]}}, {"id": "193", "type": "Feature", "properties": {"ID": 197, "width_mean": 50.0, "slope": 8.3e-05, "uparea": 537.4469634843863, "trend": "no trend", "ave_flux": 0.0065455, "continent": "Asia", "ord_stra": 4, "image_num": 158, "OWT": 2, "trend2": "increasing", "label": "River mouth 197"}, "geometry": {"type": "Point", "coordinates": [125.83691334496092, 7.396281377967732]}}, {"id": "194", "type": "Feature", "properties": {"ID": 198, "width_mean": 50.0, "slope": 0.000108, "uparea": 374.3530593695177, "trend": "increasing", "ave_flux": 0.00453814, "continent": "Asia", "ord_stra": 4, "image_num": 257, "OWT": 2, "trend2": "increasing", "label": "River mouth 198"}, "geometry": {"type": "Point", "coordinates": [123.35284440969036, 7.631625098387849]}}, {"id": "195", "type": "Feature", "properties": {"ID": 199, "width_mean": 50.0, "slope": 0.000276, "uparea": 846.1893553681397, "trend": "increasing", "ave_flux": 0.0117488, "continent": "Asia", "ord_stra": 4, "image_num": 337, "OWT": 2, "trend2": "increasing", "label": "River mouth 199"}, "geometry": {"type": "Point", "coordinates": [122.87604999990765, 7.657900000184895]}}, {"id": "196", "type": "Feature", "properties": {"ID": 200, "width_mean": 72.0, "slope": 3.8e-05, "uparea": 643.1613125466737, "trend": "no trend", "ave_flux": 0.003463, "continent": "Asia", "ord_stra": 4, "image_num": 197, "OWT": 2, "trend2": "no trend", "label": "River mouth 200"}, "geometry": {"type": "Point", "coordinates": [125.23596368067203, 6.148509541225618]}}, {"id": "197", "type": "Feature", "properties": {"ID": 201, "width_mean": 72.0, "slope": -0.000218, "uparea": 1731.48180287, "trend": "decreasing", "ave_flux": 0.012662, "continent": "Asia", "ord_stra": 4, "image_num": 139, "OWT": 2, "trend2": "decreasing", "label": "River mouth 201"}, "geometry": {"type": "Point", "coordinates": [125.59930701300422, 7.066918698043249]}}, {"id": "198", "type": "Feature", "properties": {"ID": 202, "width_mean": 97.0, "slope": 0.000511, "uparea": 626.4590647921955, "trend": "increasing", "ave_flux": 0.0154631, "continent": "Asia", "ord_stra": 4, "image_num": 200, "OWT": 2, "trend2": "increasing", "label": "River mouth 202"}, "geometry": {"type": "Point", "coordinates": [124.27733219109523, 7.275944975299407]}}, {"id": "199", "type": "Feature", "properties": {"ID": 203, "width_mean": 97.0, "slope": 0.000222, "uparea": 2494.10530571, "trend": "increasing", "ave_flux": 0.0177223, "continent": "Asia", "ord_stra": 5, "image_num": 157, "OWT": 2, "trend2": "increasing", "label": "River mouth 203"}, "geometry": {"type": "Point", "coordinates": [125.74126890502714, 7.338911367614118]}}, {"id": "200", "type": "Feature", "properties": {"ID": 204, "width_mean": 124.0, "slope": 0.002507, "uparea": 15771.8888428, "trend": "increasing", "ave_flux": 0.0790082, "continent": "Asia", "ord_stra": 4, "image_num": 240, "OWT": 2, "trend2": "increasing", "label": "River mouth 204"}, "geometry": {"type": "Point", "coordinates": [124.25647871606752, 7.169386060281057]}}, {"id": "201", "type": "Feature", "properties": {"ID": 205, "width_mean": 124.0, "slope": 0.000139, "uparea": 1813.5819857, "trend": "no trend", "ave_flux": 0.0116189, "continent": "Asia", "ord_stra": 6, "image_num": 229, "OWT": 2, "trend2": "no trend", "label": "River mouth 205"}, "geometry": {"type": "Point", "coordinates": [124.29449791778966, 7.209178296101129]}}, {"id": "202", "type": "Feature", "properties": {"ID": 206, "width_mean": 50.0, "slope": 0.000196, "uparea": 1429.62612693, "trend": "increasing", "ave_flux": 0.0113678, "continent": "North America", "ord_stra": 4, "image_num": 235, "OWT": 2, "trend2": "increasing", "label": "River mouth 206"}, "geometry": {"type": "Point", "coordinates": [-82.71841672818758, 8.34859377624967]}}, {"id": "203", "type": "Feature", "properties": {"ID": 208, "width_mean": 50.0, "slope": 0.000921, "uparea": 2708.41115995, "trend": "increasing", "ave_flux": 0.0247091, "continent": "North America", "ord_stra": 5, "image_num": 324, "OWT": 2, "trend2": "increasing", "label": "River mouth 208"}, "geometry": {"type": "Point", "coordinates": [-83.37509386151348, 10.295959568283019]}}, {"id": "204", "type": "Feature", "properties": {"ID": 209, "width_mean": 72.0, "slope": 0.001071, "uparea": 2660.54533519, "trend": "increasing", "ave_flux": 0.0339291, "continent": "North America", "ord_stra": 5, "image_num": 577, "OWT": 2, "trend2": "increasing", "label": "River mouth 209"}, "geometry": {"type": "Point", "coordinates": [-80.50977606634612, 8.108260881108183]}}, {"id": "205", "type": "Feature", "properties": {"ID": 210, "width_mean": 72.0, "slope": 0.001027, "uparea": 1385.36005282, "trend": "increasing", "ave_flux": 0.0379389, "continent": "North America", "ord_stra": 5, "image_num": 354, "OWT": 2, "trend2": "increasing", "label": "River mouth 210"}, "geometry": {"type": "Point", "coordinates": [-83.21614005773026, 10.113768990274085]}}, {"id": "206", "type": "Feature", "properties": {"ID": 211, "width_mean": 97.0, "slope": 0.0004, "uparea": 3132.49696666, "trend": "no trend", "ave_flux": 0.0206082, "continent": "North America", "ord_stra": 5, "image_num": 204, "OWT": 3, "trend2": "increasing", "label": "River mouth 211"}, "geometry": {"type": "Point", "coordinates": [-82.45236779115518, 9.44460967294164]}}, {"id": "207", "type": "Feature", "properties": {"ID": 212, "width_mean": 97.0, "slope": 3.2e-05, "uparea": 2690.13647789, "trend": "no trend", "ave_flux": 0.0056922, "continent": "North America", "ord_stra": 5, "image_num": 148, "OWT": 3, "trend2": "no trend", "label": "River mouth 212"}, "geometry": {"type": "Point", "coordinates": [-83.78801427040631, 11.507887962919584]}}, {"id": "208", "type": "Feature", "properties": {"ID": 213, "width_mean": 97.0, "slope": 0.00199, "uparea": 4799.91639441, "trend": "increasing", "ave_flux": 0.0784116, "continent": "North America", "ord_stra": 6, "image_num": 485, "OWT": 3, "trend2": "increasing", "label": "River mouth 213"}, "geometry": {"type": "Point", "coordinates": [-83.57509894622704, 8.966918067308836]}}, {"id": "209", "type": "Feature", "properties": {"ID": 214, "width_mean": 124.0, "slope": 0.000856, "uparea": 2740.57902847, "trend": "increasing", "ave_flux": 0.0368871, "continent": "North America", "ord_stra": 5, "image_num": 161, "OWT": 3, "trend2": "increasing", "label": "River mouth 214"}, "geometry": {"type": "Point", "coordinates": [-82.5728626343115, 9.552061824125772]}}, {"id": "210", "type": "Feature", "properties": {"ID": 215, "width_mean": 228.0, "slope": 0.00334, "uparea": 40061.8107925, "trend": "no trend", "ave_flux": 0.163534, "continent": "North America", "ord_stra": 7, "image_num": 220, "OWT": 2, "trend2": "increasing", "label": "River mouth 215"}, "geometry": {"type": "Point", "coordinates": [-83.67090578873524, 10.7287205358682]}}, {"id": "211", "type": "Feature", "properties": {"ID": 216, "width_mean": 1094.0, "slope": 0.000147, "uparea": 720.8311576242676, "trend": "increasing", "ave_flux": 0.00577154, "continent": "North America", "ord_stra": 4, "image_num": 309, "OWT": 1, "trend2": "increasing", "label": "River mouth 216"}, "geometry": {"type": "Point", "coordinates": [-78.11567678800604, 8.476665675757795]}}, {"id": "212", "type": "Feature", "properties": {"ID": 217, "width_mean": 2829.0, "slope": 0.002527, "uparea": 8689.52787758, "trend": "increasing", "ave_flux": 0.0805128, "continent": "North America", "ord_stra": 6, "image_num": 297, "OWT": 3, "trend2": "increasing", "label": "River mouth 217"}, "geometry": {"type": "Point", "coordinates": [-78.03202769064697, 8.276416474619998]}}, {"id": "213", "type": "Feature", "properties": {"ID": 218, "width_mean": 97.0, "slope": 0.0008, "uparea": 8057.81293632, "trend": "no trend", "ave_flux": 0.0727063, "continent": "South America", "ord_stra": 4, "image_num": 335, "OWT": 2, "trend2": "no trend", "label": "River mouth 218"}, "geometry": {"type": "Point", "coordinates": [-72.02628730383887, 9.541282671651777]}}, {"id": "214", "type": "Feature", "properties": {"ID": 219, "width_mean": 97.0, "slope": 0.00202, "uparea": 13680.5376849, "trend": "increasing", "ave_flux": 0.150999, "continent": "South America", "ord_stra": 6, "image_num": 337, "OWT": 2, "trend2": "increasing", "label": "River mouth 219"}, "geometry": {"type": "Point", "coordinates": [-75.92850894417653, 9.374112612361685]}}, {"id": "215", "type": "Feature", "properties": {"ID": 220, "width_mean": 124.0, "slope": 0.000272, "uparea": 4373.71548704, "trend": "increasing", "ave_flux": 0.00676263, "continent": "South America", "ord_stra": 4, "image_num": 667, "OWT": 2, "trend2": "increasing", "label": "River mouth 220"}, "geometry": {"type": "Point", "coordinates": [-75.5182060352291, 10.269587013002427]}}, {"id": "216", "type": "Feature", "properties": {"ID": 221, "width_mean": 850.0, "slope": 0.066446, "uparea": 257877.800594, "trend": "increasing", "ave_flux": 3.49885, "continent": "South America", "ord_stra": 8, "image_num": 435, "OWT": 3, "trend2": "increasing", "label": "River mouth 221"}, "geometry": {"type": "Point", "coordinates": [-74.75066843375508, 10.936045625579244]}}, {"id": "217", "type": "Feature", "properties": {"ID": 222, "width_mean": 50.0, "slope": 7.9e-05, "uparea": 2555.48252486, "trend": "increasing", "ave_flux": 0.00279917, "continent": "South America", "ord_stra": 4, "image_num": 414, "OWT": 2, "trend2": "increasing", "label": "River mouth 222"}, "geometry": {"type": "Point", "coordinates": [-71.1453750965029, 10.927674301310828]}}, {"id": "218", "type": "Feature", "properties": {"ID": 223, "width_mean": 50.0, "slope": -0.000506, "uparea": 4959.47773987, "trend": "decreasing", "ave_flux": 0.0270357, "continent": "South America", "ord_stra": 5, "image_num": 548, "OWT": 2, "trend2": "decreasing", "label": "River mouth 223"}, "geometry": {"type": "Point", "coordinates": [-70.96591999960827, 9.512540000021033]}}, {"id": "219", "type": "Feature", "properties": {"ID": 224, "width_mean": 50.0, "slope": 0.000141, "uparea": 17315.2563754, "trend": "no trend", "ave_flux": 0.013078, "continent": "South America", "ord_stra": 6, "image_num": 330, "OWT": 2, "trend2": "no trend", "label": "River mouth 224"}, "geometry": {"type": "Point", "coordinates": [-68.37576191441713, 11.044447557683224]}}, {"id": "220", "type": "Feature", "properties": {"ID": 225, "width_mean": 72.0, "slope": -0.00238, "uparea": 5432.68719017, "trend": "decreasing", "ave_flux": 0.0781026, "continent": "South America", "ord_stra": 5, "image_num": 168, "OWT": 2, "trend2": "decreasing", "label": "River mouth 225"}, "geometry": {"type": "Point", "coordinates": [-71.78096594697527, 9.17445305115168]}}, {"id": "221", "type": "Feature", "properties": {"ID": 226, "width_mean": 72.0, "slope": 0.000599, "uparea": 3460.47545423, "trend": "no trend", "ave_flux": 0.0630783, "continent": "South America", "ord_stra": 5, "image_num": 187, "OWT": 2, "trend2": "no trend", "label": "River mouth 226"}, "geometry": {"type": "Point", "coordinates": [-71.64943112180711, 8.97253264392478]}}, {"id": "222", "type": "Feature", "properties": {"ID": 227, "width_mean": 72.0, "slope": 0.00199, "uparea": 24270.9390238, "trend": "no trend", "ave_flux": 0.115361, "continent": "South America", "ord_stra": 6, "image_num": 321, "OWT": 2, "trend2": "increasing", "label": "River mouth 227"}, "geometry": {"type": "Point", "coordinates": [-71.90873254068481, 9.321364646292292]}}, {"id": "223", "type": "Feature", "properties": {"ID": 228, "width_mean": 72.0, "slope": 0.000555, "uparea": 3595.29795332, "trend": "increasing", "ave_flux": 0.0190417, "continent": "South America", "ord_stra": 4, "image_num": 366, "OWT": 2, "trend2": "increasing", "label": "River mouth 228"}, "geometry": {"type": "Point", "coordinates": [-71.97637999973716, 11.089040000395755]}}, {"id": "224", "type": "Feature", "properties": {"ID": 229, "width_mean": 155.0, "slope": 0.0013, "uparea": 24139.9296794, "trend": "no trend", "ave_flux": 0.143841, "continent": "South America", "ord_stra": 6, "image_num": 302, "OWT": 2, "trend2": "no trend", "label": "River mouth 229"}, "geometry": {"type": "Point", "coordinates": [-71.86682894928181, 9.29543262927546]}}, {"id": "225", "type": "Feature", "properties": {"ID": 230, "width_mean": 498.0, "slope": 0.000241, "uparea": 5908.38506844, "trend": "no trend", "ave_flux": 0.0218134, "continent": "South America", "ord_stra": 5, "image_num": 402, "OWT": 2, "trend2": "no trend", "label": "River mouth 230"}, "geometry": {"type": "Point", "coordinates": [-71.84952114593169, 11.025644595094139]}}, {"id": "226", "type": "Feature", "properties": {"ID": 231, "width_mean": 50.0, "slope": 0.000464, "uparea": 21256.818578, "trend": "increasing", "ave_flux": 0.0175623, "continent": "South America", "ord_stra": 6, "image_num": 444, "OWT": 2, "trend2": "increasing", "label": "River mouth 231"}, "geometry": {"type": "Point", "coordinates": [-65.19852999965974, 10.013870000100496]}}, {"id": "227", "type": "Feature", "properties": {"ID": 232, "width_mean": 72.0, "slope": 0.000417, "uparea": 6286.1601539, "trend": "increasing", "ave_flux": 0.0202907, "continent": "South America", "ord_stra": 5, "image_num": 373, "OWT": 2, "trend2": "increasing", "label": "River mouth 232"}, "geometry": {"type": "Point", "coordinates": [-65.99437781665007, 10.38704884121811]}}, {"id": "228", "type": "Feature", "properties": {"ID": 233, "width_mean": 97.0, "slope": 1.2e-05, "uparea": 510.673054390192, "trend": "no trend", "ave_flux": 0.0006332, "continent": "South America", "ord_stra": 4, "image_num": 686, "OWT": 2, "trend2": "increasing", "label": "River mouth 233"}, "geometry": {"type": "Point", "coordinates": [-61.74519667158467, 9.728348664365878]}}, {"id": "229", "type": "Feature", "properties": {"ID": 234, "width_mean": 124.0, "slope": 0.002619, "uparea": 8197.47852287, "trend": "increasing", "ave_flux": 0.0639131, "continent": "South America", "ord_stra": 5, "image_num": 540, "OWT": 2, "trend2": "increasing", "label": "River mouth 234"}, "geometry": {"type": "Point", "coordinates": [-60.376397209865424, 8.447354370357308]}}, {"id": "230", "type": "Feature", "properties": {"ID": 235, "width_mean": 228.0, "slope": 4.8e-05, "uparea": 4100.76812111, "trend": "increasing", "ave_flux": 0.00235943, "continent": "South America", "ord_stra": 5, "image_num": 342, "OWT": 2, "trend2": "increasing", "label": "River mouth 235"}, "geometry": {"type": "Point", "coordinates": [-62.81794629842551, 9.972675882515063]}}, {"id": "231", "type": "Feature", "properties": {"ID": 236, "width_mean": 271.0, "slope": 0.000105, "uparea": 2559.88659199, "trend": "increasing", "ave_flux": 0.00245256, "continent": "South America", "ord_stra": 4, "image_num": 376, "OWT": 2, "trend2": "increasing", "label": "River mouth 236"}, "geometry": {"type": "Point", "coordinates": [-61.21768907839925, 9.445372219194855]}}, {"id": "232", "type": "Feature", "properties": {"ID": 237, "width_mean": 271.0, "slope": 1.2e-05, "uparea": 1026.10086951, "trend": "increasing", "ave_flux": 0.000500241, "continent": "South America", "ord_stra": 4, "image_num": 362, "OWT": 2, "trend2": "increasing", "label": "River mouth 237"}, "geometry": {"type": "Point", "coordinates": [-61.05306031052307, 9.308520775141119]}}, {"id": "233", "type": "Feature", "properties": {"ID": 238, "width_mean": 498.0, "slope": 0.000108, "uparea": 530.1931374353799, "trend": "increasing", "ave_flux": 0.00318291, "continent": "South America", "ord_stra": 4, "image_num": 534, "OWT": 2, "trend2": "increasing", "label": "River mouth 238"}, "geometry": {"type": "Point", "coordinates": [-60.36095637907478, 8.564132841225236]}}, {"id": "234", "type": "Feature", "properties": {"ID": 239, "width_mean": 498.0, "slope": 0.0, "uparea": 460.10713532066785, "trend": "no trend", "ave_flux": 0.00015375, "continent": "South America", "ord_stra": 4, "image_num": 390, "OWT": 2, "trend2": "no trend", "label": "River mouth 239"}, "geometry": {"type": "Point", "coordinates": [-62.17623150023173, 9.808289499507747]}}, {"id": "235", "type": "Feature", "properties": {"ID": 240, "width_mean": 655.0, "slope": 2.7e-05, "uparea": 1937.92712075, "trend": "increasing", "ave_flux": 0.000944057, "continent": "South America", "ord_stra": 4, "image_num": 516, "OWT": 3, "trend2": "increasing", "label": "River mouth 240"}, "geometry": {"type": "Point", "coordinates": [-61.51981999959327, 9.699390000248343]}}, {"id": "236", "type": "Feature", "properties": {"ID": 241, "width_mean": 747.0, "slope": -0.067405, "uparea": 931347.827674, "trend": "decreasing", "ave_flux": 3.79688, "continent": "South America", "ord_stra": 9, "image_num": 308, "OWT": 3, "trend2": "decreasing", "label": "River mouth 241"}, "geometry": {"type": "Point", "coordinates": [-62.22575029194063, 8.630827517519702]}}, {"id": "237", "type": "Feature", "properties": {"ID": 242, "width_mean": 965.0, "slope": 0.000146, "uparea": 2380.10548313, "trend": "increasing", "ave_flux": 0.00826349, "continent": "South America", "ord_stra": 4, "image_num": 383, "OWT": 2, "trend2": "increasing", "label": "River mouth 242"}, "geometry": {"type": "Point", "coordinates": [-62.89832129255157, 10.069315288089106]}}, {"id": "238", "type": "Feature", "properties": {"ID": 243, "width_mean": 1237.0, "slope": 1.3e-05, "uparea": 1095.26827152, "trend": "increasing", "ave_flux": 0.000447862, "continent": "South America", "ord_stra": 4, "image_num": 282, "OWT": 3, "trend2": "increasing", "label": "River mouth 243"}, "geometry": {"type": "Point", "coordinates": [-61.02349553790085, 9.150652759553129]}}, {"id": "239", "type": "Feature", "properties": {"ID": 244, "width_mean": 1397.0, "slope": 5e-05, "uparea": 21957.2752649, "trend": "increasing", "ave_flux": 0.00299317, "continent": "South America", "ord_stra": 6, "image_num": 377, "OWT": 2, "trend2": "increasing", "label": "River mouth 244"}, "geometry": {"type": "Point", "coordinates": [-62.30866523219527, 9.794764954419971]}}, {"id": "240", "type": "Feature", "properties": {"ID": 245, "width_mean": 97.0, "slope": 0.000272, "uparea": 7373.93274545, "trend": "no trend", "ave_flux": 0.026954, "continent": "Africa", "ord_stra": 6, "image_num": 315, "OWT": 2, "trend2": "no trend", "label": "River mouth 245"}, "geometry": {"type": "Point", "coordinates": [-14.693073948569994, 11.182606559993744]}}, {"id": "241", "type": "Feature", "properties": {"ID": 246, "width_mean": 124.0, "slope": 0.000346, "uparea": 7164.51442501, "trend": "no trend", "ave_flux": 0.0339613, "continent": "Africa", "ord_stra": 5, "image_num": 286, "OWT": 2, "trend2": "no trend", "label": "River mouth 246"}, "geometry": {"type": "Point", "coordinates": [-12.97625664410538, 9.013864116520747]}}, {"id": "242", "type": "Feature", "properties": {"ID": 247, "width_mean": 155.0, "slope": 0.000556, "uparea": 7225.95238439, "trend": "increasing", "ave_flux": 0.0284931, "continent": "Africa", "ord_stra": 5, "image_num": 277, "OWT": 2, "trend2": "increasing", "label": "River mouth 247"}, "geometry": {"type": "Point", "coordinates": [-12.841522968211601, 8.561397827654682]}}, {"id": "243", "type": "Feature", "properties": {"ID": 248, "width_mean": 271.0, "slope": 3.8e-05, "uparea": 271.1914018406766, "trend": "increasing", "ave_flux": 0.00151623, "continent": "Africa", "ord_stra": 4, "image_num": 298, "OWT": 2, "trend2": "increasing", "label": "River mouth 248"}, "geometry": {"type": "Point", "coordinates": [-13.52103999979613, 9.8266200003128]}}, {"id": "244", "type": "Feature", "properties": {"ID": 249, "width_mean": 319.0, "slope": 0.003706, "uparea": 16694.6625549, "trend": "increasing", "ave_flux": 0.140395, "continent": "Africa", "ord_stra": 6, "image_num": 513, "OWT": 2, "trend2": "increasing", "label": "River mouth 249"}, "geometry": {"type": "Point", "coordinates": [-13.663417108684325, 10.033137560626095]}}, {"id": "245", "type": "Feature", "properties": {"ID": 250, "width_mean": 572.0, "slope": 0.000389, "uparea": 5353.99103994, "trend": "no trend", "ave_flux": 0.0216173, "continent": "Africa", "ord_stra": 5, "image_num": 280, "OWT": 2, "trend2": "increasing", "label": "River mouth 250"}, "geometry": {"type": "Point", "coordinates": [-14.00998209533395, 10.195709506742546]}}, {"id": "246", "type": "Feature", "properties": {"ID": 251, "width_mean": 747.0, "slope": 0.00135, "uparea": 18130.2896597, "trend": "increasing", "ave_flux": 0.078995, "continent": "Africa", "ord_stra": 6, "image_num": 283, "OWT": 2, "trend2": "increasing", "label": "River mouth 251"}, "geometry": {"type": "Point", "coordinates": [-12.96764987806802, 8.83977958532893]}}, {"id": "247", "type": "Feature", "properties": {"ID": 252, "width_mean": 5000.0, "slope": 0.001614, "uparea": 37328.9509088, "trend": "increasing", "ave_flux": 0.0923577, "continent": "Africa", "ord_stra": 4, "image_num": 368, "OWT": 3, "trend2": "increasing", "label": "River mouth 252"}, "geometry": {"type": "Point", "coordinates": [-15.354277798993929, 11.926408761868359]}}, {"id": "248", "type": "Feature", "properties": {"ID": 253, "width_mean": 72.0, "slope": 0.000206, "uparea": 902.0066777693588, "trend": "increasing", "ave_flux": 0.0086466, "continent": "Asia", "ord_stra": 4, "image_num": 413, "OWT": 2, "trend2": "increasing", "label": "River mouth 253"}, "geometry": {"type": "Point", "coordinates": [75.91517736085682, 11.047384013651461]}}, {"id": "249", "type": "Feature", "properties": {"ID": 254, "width_mean": 72.0, "slope": 7e-05, "uparea": 668.2212789716747, "trend": "increasing", "ave_flux": 0.00156906, "continent": "Asia", "ord_stra": 4, "image_num": 230, "OWT": 2, "trend2": "increasing", "label": "River mouth 254"}, "geometry": {"type": "Point", "coordinates": [76.55734999990261, 9.62636000041374]}}, {"id": "250", "type": "Feature", "properties": {"ID": 255, "width_mean": 97.0, "slope": 0.000462, "uparea": 2510.76554576, "trend": "increasing", "ave_flux": 0.0104771, "continent": "Asia", "ord_stra": 4, "image_num": 256, "OWT": 2, "trend2": "increasing", "label": "River mouth 255"}, "geometry": {"type": "Point", "coordinates": [76.66506625402874, 9.333237238989595]}}, {"id": "251", "type": "Feature", "properties": {"ID": 256, "width_mean": 124.0, "slope": 0.000446, "uparea": 1342.04483229, "trend": "increasing", "ave_flux": 0.00931766, "continent": "Asia", "ord_stra": 4, "image_num": 226, "OWT": 2, "trend2": "increasing", "label": "River mouth 256"}, "geometry": {"type": "Point", "coordinates": [76.46722725258914, 9.844747356104715]}}, {"id": "252", "type": "Feature", "properties": {"ID": 257, "width_mean": 190.0, "slope": 0.000567, "uparea": 4195.93500285, "trend": "increasing", "ave_flux": 0.019229, "continent": "Asia", "ord_stra": 5, "image_num": 241, "OWT": 2, "trend2": "increasing", "label": "River mouth 257"}, "geometry": {"type": "Point", "coordinates": [76.3874639664371, 10.122347985943293]}}, {"id": "253", "type": "Feature", "properties": {"ID": 258, "width_mean": 228.0, "slope": 6.9e-05, "uparea": 1378.21989955, "trend": "increasing", "ave_flux": 0.00226876, "continent": "Asia", "ord_stra": 4, "image_num": 187, "OWT": 1, "trend2": "increasing", "label": "River mouth 258"}, "geometry": {"type": "Point", "coordinates": [76.60205000000752, 8.998620000312826]}}, {"id": "254", "type": "Feature", "properties": {"ID": 259, "width_mean": 271.0, "slope": 0.000483, "uparea": 5854.11410679, "trend": "increasing", "ave_flux": 0.025683, "continent": "Asia", "ord_stra": 5, "image_num": 512, "OWT": 3, "trend2": "increasing", "label": "River mouth 259"}, "geometry": {"type": "Point", "coordinates": [75.96306346170154, 10.827406967601789]}}, {"id": "255", "type": "Feature", "properties": {"ID": 260, "width_mean": 319.0, "slope": 0.000443, "uparea": 2518.56374188, "trend": "increasing", "ave_flux": 0.0141755, "continent": "Asia", "ord_stra": 5, "image_num": 272, "OWT": 2, "trend2": "increasing", "label": "River mouth 260"}, "geometry": {"type": "Point", "coordinates": [75.87071844953917, 11.209619819616755]}}, {"id": "256", "type": "Feature", "properties": {"ID": 261, "width_mean": 50.0, "slope": 5e-06, "uparea": 312.33268543035587, "trend": "no trend", "ave_flux": 0.000243478, "continent": "Asia", "ord_stra": 4, "image_num": 421, "OWT": 3, "trend2": "no trend", "label": "River mouth 261"}, "geometry": {"type": "Point", "coordinates": [79.76453721236751, 10.804060187660617]}}, {"id": "257", "type": "Feature", "properties": {"ID": 262, "width_mean": 97.0, "slope": 0.0006, "uparea": 9545.92119286, "trend": "increasing", "ave_flux": 0.0191749, "continent": "Asia", "ord_stra": 5, "image_num": 261, "OWT": 2, "trend2": "increasing", "label": "River mouth 262"}, "geometry": {"type": "Point", "coordinates": [81.21201386172827, 8.406634585470526]}}, {"id": "258", "type": "Feature", "properties": {"ID": 263, "width_mean": 190.0, "slope": 0.00102, "uparea": 76839.1166658, "trend": "no trend", "ave_flux": 0.0632642, "continent": "Asia", "ord_stra": 6, "image_num": 359, "OWT": 3, "trend2": "no trend", "label": "River mouth 263"}, "geometry": {"type": "Point", "coordinates": [79.75779413553965, 11.363730182865321]}}, {"id": "259", "type": "Feature", "properties": {"ID": 264, "width_mean": 190.0, "slope": 0.0003, "uparea": 5086.14820048, "trend": "increasing", "ave_flux": 0.0112984, "continent": "Asia", "ord_stra": 5, "image_num": 235, "OWT": 2, "trend2": "increasing", "label": "River mouth 264"}, "geometry": {"type": "Point", "coordinates": [78.07556529827376, 8.631321084642977]}}, {"id": "260", "type": "Feature", "properties": {"ID": 265, "width_mean": 72.0, "slope": 0.000283, "uparea": 2055.78138467, "trend": "increasing", "ave_flux": 0.0133147, "continent": "Asia", "ord_stra": 4, "image_num": 583, "OWT": 2, "trend2": "increasing", "label": "River mouth 265"}, "geometry": {"type": "Point", "coordinates": [99.23402999968482, 10.41584999977772]}}, {"id": "261", "type": "Feature", "properties": {"ID": 266, "width_mean": 72.0, "slope": 0.000132, "uparea": 550.7629963910068, "trend": "increasing", "ave_flux": 0.00682634, "continent": "Asia", "ord_stra": 4, "image_num": 603, "OWT": 2, "trend2": "increasing", "label": "River mouth 266"}, "geometry": {"type": "Point", "coordinates": [99.1472712712979, 10.270257811438361]}}, {"id": "262", "type": "Feature", "properties": {"ID": 267, "width_mean": 72.0, "slope": 0.0003, "uparea": 1420.89194756, "trend": "increasing", "ave_flux": 0.0190866, "continent": "Asia", "ord_stra": 5, "image_num": 572, "OWT": 2, "trend2": "increasing", "label": "River mouth 267"}, "geometry": {"type": "Point", "coordinates": [99.1235828945089, 9.951502579074702]}}, {"id": "263", "type": "Feature", "properties": {"ID": 268, "width_mean": 190.0, "slope": 0.000263, "uparea": 13057.4976143, "trend": "no trend", "ave_flux": 0.0491355, "continent": "Asia", "ord_stra": 6, "image_num": 382, "OWT": 3, "trend2": "no trend", "label": "River mouth 268"}, "geometry": {"type": "Point", "coordinates": [99.35366309218443, 9.176068633086944]}}, {"id": "264", "type": "Feature", "properties": {"ID": 269, "width_mean": 271.0, "slope": 3.9e-05, "uparea": 2018.16725705, "trend": "no trend", "ave_flux": 0.005131, "continent": "Asia", "ord_stra": 5, "image_num": 754, "OWT": 3, "trend2": "no trend", "label": "River mouth 269"}, "geometry": {"type": "Point", "coordinates": [100.19438000023689, 8.301429999994525]}}, {"id": "265", "type": "Feature", "properties": {"ID": 270, "width_mean": 319.0, "slope": 0.0003, "uparea": 2674.72387661, "trend": "no trend", "ave_flux": 0.0256639, "continent": "Asia", "ord_stra": 5, "image_num": 449, "OWT": 1, "trend2": "no trend", "label": "River mouth 270"}, "geometry": {"type": "Point", "coordinates": [98.9182100000915, 11.650700000104962]}}, {"id": "266", "type": "Feature", "properties": {"ID": 271, "width_mean": 3987.0, "slope": 9.1e-05, "uparea": 2960.28956518, "trend": "no trend", "ave_flux": 0.0231301, "continent": "Asia", "ord_stra": 4, "image_num": 455, "OWT": 1, "trend2": "no trend", "label": "River mouth 271"}, "geometry": {"type": "Point", "coordinates": [98.62527391871966, 10.073024252484116]}}, {"id": "267", "type": "Feature", "properties": {"ID": 272, "width_mean": 97.0, "slope": 0.000188, "uparea": 1135.11480277, "trend": "increasing", "ave_flux": 0.00828611, "continent": "Asia", "ord_stra": 5, "image_num": 789, "OWT": 2, "trend2": "increasing", "label": "River mouth 272"}, "geometry": {"type": "Point", "coordinates": [105.1691095186296, 9.857776630590369]}}, {"id": "268", "type": "Feature", "properties": {"ID": 273, "width_mean": 228.0, "slope": 0.00048, "uparea": 3711.40655402, "trend": "no trend", "ave_flux": 0.0425036, "continent": "Asia", "ord_stra": 4, "image_num": 476, "OWT": 2, "trend2": "no trend", "label": "River mouth 273"}, "geometry": {"type": "Point", "coordinates": [103.14237424637943, 11.534812561150513]}}, {"id": "269", "type": "Feature", "properties": {"ID": 274, "width_mean": 271.0, "slope": 1e-06, "uparea": 612.8457832800448, "trend": "no trend", "ave_flux": 0.00201723, "continent": "Asia", "ord_stra": 5, "image_num": 481, "OWT": 3, "trend2": "no trend", "label": "River mouth 274"}, "geometry": {"type": "Point", "coordinates": [103.45475003101654, 11.25204375456455]}}, {"id": "270", "type": "Feature", "properties": {"ID": 275, "width_mean": 372.0, "slope": 6.2e-05, "uparea": 695.9963593568863, "trend": "increasing", "ave_flux": 0.0075878, "continent": "Asia", "ord_stra": 4, "image_num": 391, "OWT": 3, "trend2": "increasing", "label": "River mouth 275"}, "geometry": {"type": "Point", "coordinates": [105.17561323422416, 8.787077534062966]}}, {"id": "271", "type": "Feature", "properties": {"ID": 277, "width_mean": 572.0, "slope": 0.00015, "uparea": 1135.11480277, "trend": "increasing", "ave_flux": 0.0062162, "continent": "Asia", "ord_stra": 5, "image_num": 849, "OWT": 3, "trend2": "increasing", "label": "River mouth 277"}, "geometry": {"type": "Point", "coordinates": [105.14225592989187, 9.817796964808716]}}, {"id": "272", "type": "Feature", "properties": {"ID": 278, "width_mean": 572.0, "slope": 0.000368, "uparea": 2554.53336665, "trend": "increasing", "ave_flux": 0.0190027, "continent": "Asia", "ord_stra": 5, "image_num": 817, "OWT": 3, "trend2": "increasing", "label": "River mouth 278"}, "geometry": {"type": "Point", "coordinates": [103.71435203508692, 11.106726912319681]}}, {"id": "273", "type": "Feature", "properties": {"ID": 279, "width_mean": 1094.0, "slope": 2.6e-05, "uparea": 752.6020375275142, "trend": "no trend", "ave_flux": 0.00162338, "continent": "Asia", "ord_stra": 4, "image_num": 474, "OWT": 3, "trend2": "no trend", "label": "River mouth 279"}, "geometry": {"type": "Point", "coordinates": [106.49513908200578, 10.081850665699791]}}, {"id": "274", "type": "Feature", "properties": {"ID": 280, "width_mean": 1237.0, "slope": 0.00015, "uparea": 3804.99732161, "trend": "no trend", "ave_flux": 0.0190391, "continent": "Asia", "ord_stra": 4, "image_num": 510, "OWT": 1, "trend2": "no trend", "label": "River mouth 280"}, "geometry": {"type": "Point", "coordinates": [102.9656703767472, 11.632070359871443]}}, {"id": "275", "type": "Feature", "properties": {"ID": 281, "width_mean": 1575.0, "slope": 0.0514, "uparea": 774697.650672, "trend": "increasing", "ave_flux": 2.41921, "continent": "Asia", "ord_stra": 8, "image_num": 447, "OWT": 3, "trend2": "increasing", "label": "River mouth 281"}, "geometry": {"type": "Point", "coordinates": [105.88693845701417, 9.944283438827377]}}, {"id": "276", "type": "Feature", "properties": {"ID": 282, "width_mean": 2520.0, "slope": 0.00415, "uparea": 45464.5333169, "trend": "increasing", "ave_flux": 0.196187, "continent": "Asia", "ord_stra": 4, "image_num": 953, "OWT": 1, "trend2": "increasing", "label": "River mouth 282"}, "geometry": {"type": "Point", "coordinates": [106.7717086654455, 10.43974839894795]}}, {"id": "277", "type": "Feature", "properties": {"ID": 283, "width_mean": 72.0, "slope": 8.4e-05, "uparea": 1964.35873836, "trend": "increasing", "ave_flux": 0.00457691, "continent": "Asia", "ord_stra": 4, "image_num": 994, "OWT": 2, "trend2": "increasing", "label": "River mouth 283"}, "geometry": {"type": "Point", "coordinates": [108.52606370189034, 11.20199463229706]}}, {"id": "278", "type": "Feature", "properties": {"ID": 284, "width_mean": 97.0, "slope": 0.000255, "uparea": 2216.77486709, "trend": "increasing", "ave_flux": 0.00969623, "continent": "Asia", "ord_stra": 5, "image_num": 498, "OWT": 3, "trend2": "increasing", "label": "River mouth 284"}, "geometry": {"type": "Point", "coordinates": [108.98539631036905, 11.563559532584357]}}, {"id": "279", "type": "Feature", "properties": {"ID": 286, "width_mean": 50.0, "slope": 0.0005, "uparea": 830.7219909106219, "trend": "increasing", "ave_flux": 0.0112826, "continent": "Asia", "ord_stra": 4, "image_num": 243, "OWT": 2, "trend2": "increasing", "label": "River mouth 286"}, "geometry": {"type": "Point", "coordinates": [123.58056626235269, 8.005529351377906]}}, {"id": "280", "type": "Feature", "properties": {"ID": 287, "width_mean": 50.0, "slope": 0.000129, "uparea": 826.2062649654492, "trend": "increasing", "ave_flux": 0.0035024, "continent": "Asia", "ord_stra": 4, "image_num": 304, "OWT": 2, "trend2": "increasing", "label": "River mouth 287"}, "geometry": {"type": "Point", "coordinates": [122.89357279225852, 10.208963898533412]}}, {"id": "281", "type": "Feature", "properties": {"ID": 288, "width_mean": 50.0, "slope": 0.000263, "uparea": 683.6493849212367, "trend": "increasing", "ave_flux": 0.00814291, "continent": "Asia", "ord_stra": 4, "image_num": 224, "OWT": 2, "trend2": "increasing", "label": "River mouth 288"}, "geometry": {"type": "Point", "coordinates": [124.27985801255767, 8.260485723931241]}}, {"id": "282", "type": "Feature", "properties": {"ID": 289, "width_mean": 72.0, "slope": 0.000174, "uparea": 410.2920640548117, "trend": "increasing", "ave_flux": 0.00588591, "continent": "Asia", "ord_stra": 4, "image_num": 465, "OWT": 2, "trend2": "increasing", "label": "River mouth 289"}, "geometry": {"type": "Point", "coordinates": [123.41586999970082, 8.59688000001205]}}, {"id": "283", "type": "Feature", "properties": {"ID": 290, "width_mean": 72.0, "slope": 0.000402, "uparea": 1365.5036928, "trend": "increasing", "ave_flux": 0.0096986, "continent": "Asia", "ord_stra": 5, "image_num": 238, "OWT": 2, "trend2": "increasing", "label": "River mouth 290"}, "geometry": {"type": "Point", "coordinates": [124.64107999974226, 8.472090000053527]}}, {"id": "284", "type": "Feature", "properties": {"ID": 291, "width_mean": 72.0, "slope": 0.000485, "uparea": 1495.10809317, "trend": "increasing", "ave_flux": 0.0151023, "continent": "Asia", "ord_stra": 4, "image_num": 313, "OWT": 2, "trend2": "increasing", "label": "River mouth 291"}, "geometry": {"type": "Point", "coordinates": [122.64913635127192, 10.83834060999473]}}, {"id": "285", "type": "Feature", "properties": {"ID": 292, "width_mean": 72.0, "slope": -5.6e-05, "uparea": 989.2026160957402, "trend": "no trend", "ave_flux": 0.00545203, "continent": "Asia", "ord_stra": 5, "image_num": 121, "OWT": 2, "trend2": "decreasing", "label": "River mouth 292"}, "geometry": {"type": "Point", "coordinates": [125.57418277513271, 9.126430539098866]}}, {"id": "286", "type": "Feature", "properties": {"ID": 293, "width_mean": 72.0, "slope": 0.00015, "uparea": 440.39912453844636, "trend": "increasing", "ave_flux": 0.00638417, "continent": "Asia", "ord_stra": 4, "image_num": 357, "OWT": 2, "trend2": "increasing", "label": "River mouth 293"}, "geometry": {"type": "Point", "coordinates": [122.00097100806042, 10.802555989447315]}}, {"id": "287", "type": "Feature", "properties": {"ID": 294, "width_mean": 97.0, "slope": 0.000357, "uparea": 1682.17063291, "trend": "increasing", "ave_flux": 0.0116022, "continent": "Asia", "ord_stra": 4, "image_num": 228, "OWT": 2, "trend2": "increasing", "label": "River mouth 294"}, "geometry": {"type": "Point", "coordinates": [124.7617056881916, 8.538958503161824]}}, {"id": "288", "type": "Feature", "properties": {"ID": 295, "width_mean": 97.0, "slope": 0.000146, "uparea": 869.9677712335097, "trend": "increasing", "ave_flux": 0.00440609, "continent": "Asia", "ord_stra": 5, "image_num": 198, "OWT": 3, "trend2": "increasing", "label": "River mouth 295"}, "geometry": {"type": "Point", "coordinates": [125.42985130736778, 11.990627393506088]}}, {"id": "289", "type": "Feature", "properties": {"ID": 296, "width_mean": 97.0, "slope": 0.0001, "uparea": 1106.61482879, "trend": "increasing", "ave_flux": 0.00510083, "continent": "Asia", "ord_stra": 5, "image_num": 213, "OWT": 3, "trend2": "increasing", "label": "River mouth 296"}, "geometry": {"type": "Point", "coordinates": [124.7432926446671, 11.98053640297986]}}, {"id": "290", "type": "Feature", "properties": {"ID": 297, "width_mean": 124.0, "slope": 0.000489, "uparea": 1440.9560169, "trend": "increasing", "ave_flux": 0.0170113, "continent": "Asia", "ord_stra": 4, "image_num": 323, "OWT": 3, "trend2": "increasing", "label": "River mouth 297"}, "geometry": {"type": "Point", "coordinates": [122.7991436359267, 10.010746467617881]}}, {"id": "291", "type": "Feature", "properties": {"ID": 298, "width_mean": 124.0, "slope": 0.000117, "uparea": 1717.44904735, "trend": "no trend", "ave_flux": 0.00956554, "continent": "Asia", "ord_stra": 5, "image_num": 205, "OWT": 3, "trend2": "no trend", "label": "River mouth 298"}, "geometry": {"type": "Point", "coordinates": [124.22194000013099, 8.096240000275827]}}, {"id": "292", "type": "Feature", "properties": {"ID": 299, "width_mean": 190.0, "slope": -6.9e-05, "uparea": 900.389932956232, "trend": "no trend", "ave_flux": 0.005167, "continent": "Asia", "ord_stra": 5, "image_num": 128, "OWT": 2, "trend2": "decreasing", "label": "River mouth 299"}, "geometry": {"type": "Point", "coordinates": [125.5354700000405, 9.155630000424253]}}, {"id": "293", "type": "Feature", "properties": {"ID": 300, "width_mean": 228.0, "slope": 0.000653, "uparea": 11491.4886425, "trend": "no trend", "ave_flux": 0.050973, "continent": "Asia", "ord_stra": 6, "image_num": 148, "OWT": 3, "trend2": "no trend", "label": "River mouth 300"}, "geometry": {"type": "Point", "coordinates": [125.53681608747303, 8.971588286473997]}}, {"id": "294", "type": "Feature", "properties": {"ID": 301, "width_mean": 228.0, "slope": 0.000467, "uparea": 760.9738282945277, "trend": "increasing", "ave_flux": 0.0170016, "continent": "Asia", "ord_stra": 4, "image_num": 270, "OWT": 2, "trend2": "increasing", "label": "River mouth 301"}, "geometry": {"type": "Point", "coordinates": [122.33110618114168, 11.65394165538037]}}, {"id": "295", "type": "Feature", "properties": {"ID": 303, "width_mean": 124.0, "slope": 0.000103, "uparea": 1371.77221545, "trend": "increasing", "ave_flux": 0.00436939, "continent": "Asia", "ord_stra": 5, "image_num": 123, "OWT": 3, "trend2": "increasing", "label": "River mouth 303"}, "geometry": {"type": "Point", "coordinates": [126.20752639494839, 9.000220984094234]}}, {"id": "296", "type": "Feature", "properties": {"ID": 304, "width_mean": 72.0, "slope": 0.000217, "uparea": 932.8311294729473, "trend": "increasing", "ave_flux": 0.0244672, "continent": "North America", "ord_stra": 4, "image_num": 477, "OWT": 2, "trend2": "increasing", "label": "River mouth 304"}, "geometry": {"type": "Point", "coordinates": [-96.99659999999, 15.867320000018026]}}, {"id": "297", "type": "Feature", "properties": {"ID": 305, "width_mean": 72.0, "slope": 0.000242, "uparea": 1473.77708283, "trend": "no trend", "ave_flux": 0.0364846, "continent": "North America", "ord_stra": 4, "image_num": 842, "OWT": 2, "trend2": "no trend", "label": "River mouth 305"}, "geometry": {"type": "Point", "coordinates": [-96.06255087201822, 15.814820475915834]}}, {"id": "298", "type": "Feature", "properties": {"ID": 307, "width_mean": 50.0, "slope": 0.000309, "uparea": 544.5583949072777, "trend": "increasing", "ave_flux": 0.0129299, "continent": "North America", "ord_stra": 4, "image_num": 791, "OWT": 2, "trend2": "increasing", "label": "River mouth 307"}, "geometry": {"type": "Point", "coordinates": [-91.62461356453005, 14.166807547351326]}}, {"id": "299", "type": "Feature", "properties": {"ID": 308, "width_mean": 50.0, "slope": 0.000253, "uparea": 1978.31800221, "trend": "no trend", "ave_flux": 0.0142177, "continent": "North America", "ord_stra": 5, "image_num": 995, "OWT": 2, "trend2": "increasing", "label": "River mouth 308"}, "geometry": {"type": "Point", "coordinates": [-90.29370000015484, 13.862449999767705]}}, {"id": "300", "type": "Feature", "properties": {"ID": 309, "width_mean": 72.0, "slope": 0.000195, "uparea": 1251.04984951, "trend": "no trend", "ave_flux": 0.0166406, "continent": "North America", "ord_stra": 5, "image_num": 423, "OWT": 2, "trend2": "increasing", "label": "River mouth 309"}, "geometry": {"type": "Point", "coordinates": [-92.15947451470349, 14.533236894750477]}}, {"id": "301", "type": "Feature", "properties": {"ID": 310, "width_mean": 72.0, "slope": 0.000231, "uparea": 1251.04984951, "trend": "increasing", "ave_flux": 0.0153841, "continent": "North America", "ord_stra": 5, "image_num": 420, "OWT": 2, "trend2": "increasing", "label": "River mouth 310"}, "geometry": {"type": "Point", "coordinates": [-92.20651310669108, 14.560426502075163]}}, {"id": "302", "type": "Feature", "properties": {"ID": 311, "width_mean": 97.0, "slope": 4.3e-05, "uparea": 1018.5494388, "trend": "no trend", "ave_flux": 0.00321714, "continent": "North America", "ord_stra": 4, "image_num": 465, "OWT": 2, "trend2": "no trend", "label": "River mouth 311"}, "geometry": {"type": "Point", "coordinates": [-90.90453701262307, 13.953094066558222]}}, {"id": "303", "type": "Feature", "properties": {"ID": 312, "width_mean": 97.0, "slope": 0.000369, "uparea": 1139.33550993, "trend": "increasing", "ave_flux": 0.0165017, "continent": "North America", "ord_stra": 5, "image_num": 452, "OWT": 2, "trend2": "increasing", "label": "River mouth 312"}, "geometry": {"type": "Point", "coordinates": [-91.2802955312373, 14.021699554332496]}}, {"id": "304", "type": "Feature", "properties": {"ID": 313, "width_mean": 124.0, "slope": 0.000114, "uparea": 1176.42470469, "trend": "no trend", "ave_flux": 0.0148439, "continent": "North America", "ord_stra": 4, "image_num": 748, "OWT": 2, "trend2": "no trend", "label": "River mouth 313"}, "geometry": {"type": "Point", "coordinates": [-91.76537999968718, 14.244360000213874]}}, {"id": "305", "type": "Feature", "properties": {"ID": 314, "width_mean": 124.0, "slope": 5e-05, "uparea": 1415.23882343, "trend": "no trend", "ave_flux": 0.0208121, "continent": "North America", "ord_stra": 5, "image_num": 494, "OWT": 2, "trend2": "no trend", "label": "River mouth 314"}, "geometry": {"type": "Point", "coordinates": [-91.50064336935813, 14.122781176266525]}}, {"id": "306", "type": "Feature", "properties": {"ID": 315, "width_mean": 50.0, "slope": 8.2e-05, "uparea": 2348.54152264, "trend": "no trend", "ave_flux": 0.00479551, "continent": "North America", "ord_stra": 4, "image_num": 497, "OWT": 2, "trend2": "increasing", "label": "River mouth 315"}, "geometry": {"type": "Point", "coordinates": [-87.7205699998056, 13.475860000238868]}}, {"id": "307", "type": "Feature", "properties": {"ID": 316, "width_mean": 50.0, "slope": 0.0003, "uparea": 9289.09193315, "trend": "increasing", "ave_flux": 0.0172999, "continent": "North America", "ord_stra": 5, "image_num": 463, "OWT": 2, "trend2": "increasing", "label": "River mouth 316"}, "geometry": {"type": "Point", "coordinates": [-85.8919199997082, 15.7557999995704]}}, {"id": "308", "type": "Feature", "properties": {"ID": 317, "width_mean": 72.0, "slope": 0.00014, "uparea": 2539.4110795, "trend": "no trend", "ave_flux": 0.00955729, "continent": "North America", "ord_stra": 5, "image_num": 488, "OWT": 2, "trend2": "no trend", "label": "River mouth 317"}, "geometry": {"type": "Point", "coordinates": [-87.53883000013266, 13.448859999590637]}}, {"id": "309", "type": "Feature", "properties": {"ID": 318, "width_mean": 72.0, "slope": 0.000394, "uparea": 7287.56305992, "trend": "increasing", "ave_flux": 0.0133393, "continent": "North America", "ord_stra": 5, "image_num": 913, "OWT": 2, "trend2": "increasing", "label": "River mouth 318"}, "geometry": {"type": "Point", "coordinates": [-87.32465098248096, 13.154943706637068]}}, {"id": "310", "type": "Feature", "properties": {"ID": 319, "width_mean": 72.0, "slope": 0.000183, "uparea": 4779.64583975, "trend": "increasing", "ave_flux": 0.00547343, "continent": "North America", "ord_stra": 5, "image_num": 720, "OWT": 2, "trend2": "increasing", "label": "River mouth 319"}, "geometry": {"type": "Point", "coordinates": [-84.96639174916305, 15.885962948344215]}}, {"id": "311", "type": "Feature", "properties": {"ID": 320, "width_mean": 97.0, "slope": 0.001575, "uparea": 15824.6558556, "trend": "increasing", "ave_flux": 0.0782217, "continent": "North America", "ord_stra": 6, "image_num": 749, "OWT": 2, "trend2": "increasing", "label": "River mouth 320"}, "geometry": {"type": "Point", "coordinates": [-88.34920257444857, 15.681819707334792]}}, {"id": "312", "type": "Feature", "properties": {"ID": 321, "width_mean": 97.0, "slope": 0.001219, "uparea": 20912.8089101, "trend": "increasing", "ave_flux": 0.0565779, "continent": "North America", "ord_stra": 6, "image_num": 391, "OWT": 2, "trend2": "increasing", "label": "River mouth 321"}, "geometry": {"type": "Point", "coordinates": [-87.77076000037368, 15.834000000399726]}}, {"id": "313", "type": "Feature", "properties": {"ID": 322, "width_mean": 155.0, "slope": 0.000489, "uparea": 23219.2033859, "trend": "increasing", "ave_flux": 0.0201977, "continent": "North America", "ord_stra": 6, "image_num": 381, "OWT": 2, "trend2": "increasing", "label": "River mouth 322"}, "geometry": {"type": "Point", "coordinates": [-84.30387000000047, 15.750330000029521]}}, {"id": "314", "type": "Feature", "properties": {"ID": 323, "width_mean": 372.0, "slope": 0.0007, "uparea": 17811.8724306, "trend": "no trend", "ave_flux": 0.0475947, "continent": "North America", "ord_stra": 6, "image_num": 986, "OWT": 3, "trend2": "no trend", "label": "River mouth 323"}, "geometry": {"type": "Point", "coordinates": [-88.76407573995826, 13.300709514445046]}}, {"id": "315", "type": "Feature", "properties": {"ID": 324, "width_mean": 1575.0, "slope": -0.000833, "uparea": 8246.62629573, "trend": "decreasing", "ave_flux": 0.022065, "continent": "North America", "ord_stra": 6, "image_num": 422, "OWT": 1, "trend2": "decreasing", "label": "River mouth 324"}, "geometry": {"type": "Point", "coordinates": [-88.77880999998149, 15.796630000174446]}}, {"id": "316", "type": "Feature", "properties": {"ID": 325, "width_mean": 50.0, "slope": 2.9e-05, "uparea": 2271.08638223, "trend": "no trend", "ave_flux": 0.00593506, "continent": "North America", "ord_stra": 4, "image_num": 310, "OWT": 2, "trend2": "no trend", "label": "River mouth 325"}, "geometry": {"type": "Point", "coordinates": [-83.6665097493107, 13.722547848437213]}}, {"id": "317", "type": "Feature", "properties": {"ID": 326, "width_mean": 72.0, "slope": 3.9e-05, "uparea": 2271.08638223, "trend": "increasing", "ave_flux": 0.00169603, "continent": "North America", "ord_stra": 4, "image_num": 260, "OWT": 4, "trend2": "increasing", "label": "River mouth 326"}, "geometry": {"type": "Point", "coordinates": [-83.70771059089581, 13.641307937490836]}}, {"id": "318", "type": "Feature", "properties": {"ID": 327, "width_mean": 97.0, "slope": 6e-06, "uparea": 1150.76068021, "trend": "no trend", "ave_flux": 0.000910943, "continent": "North America", "ord_stra": 4, "image_num": 352, "OWT": 2, "trend2": "no trend", "label": "River mouth 327"}, "geometry": {"type": "Point", "coordinates": [-83.4416910328123, 15.194036712103896]}}, {"id": "319", "type": "Feature", "properties": {"ID": 328, "width_mean": 124.0, "slope": 6.7e-05, "uparea": 3898.50208258, "trend": "no trend", "ave_flux": 0.00603286, "continent": "North America", "ord_stra": 5, "image_num": 240, "OWT": 2, "trend2": "no trend", "label": "River mouth 328"}, "geometry": {"type": "Point", "coordinates": [-83.75822000025278, 12.83589000002354]}}, {"id": "320", "type": "Feature", "properties": {"ID": 329, "width_mean": 124.0, "slope": 0.0004, "uparea": 9944.29157668, "trend": "increasing", "ave_flux": 0.013902, "continent": "North America", "ord_stra": 6, "image_num": 244, "OWT": 2, "trend2": "increasing", "label": "River mouth 329"}, "geometry": {"type": "Point", "coordinates": [-83.65192314881614, 13.38724886757662]}}, {"id": "321", "type": "Feature", "properties": {"ID": 330, "width_mean": 155.0, "slope": 6.5e-05, "uparea": 458.3879779458613, "trend": "no trend", "ave_flux": 0.00405743, "continent": "North America", "ord_stra": 5, "image_num": 314, "OWT": 3, "trend2": "increasing", "label": "River mouth 330"}, "geometry": {"type": "Point", "coordinates": [-83.49616259740871, 14.046159740674126]}}, {"id": "322", "type": "Feature", "properties": {"ID": 331, "width_mean": 190.0, "slope": 0.001104, "uparea": 24193.9199177, "trend": "increasing", "ave_flux": 0.035981, "continent": "North America", "ord_stra": 6, "image_num": 328, "OWT": 3, "trend2": "increasing", "label": "River mouth 331"}, "geometry": {"type": "Point", "coordinates": [-83.27325999964921, 15.003279999972051]}}, {"id": "323", "type": "Feature", "properties": {"ID": 332, "width_mean": 190.0, "slope": 0.00054, "uparea": 18063.4191681, "trend": "increasing", "ave_flux": 0.0221973, "continent": "North America", "ord_stra": 6, "image_num": 254, "OWT": 2, "trend2": "increasing", "label": "River mouth 332"}, "geometry": {"type": "Point", "coordinates": [-83.66005999986908, 12.903709999716739]}}, {"id": "324", "type": "Feature", "properties": {"ID": 333, "width_mean": 747.0, "slope": 0.00041, "uparea": 11088.6908583, "trend": "increasing", "ave_flux": 0.0132892, "continent": "North America", "ord_stra": 6, "image_num": 189, "OWT": 3, "trend2": "increasing", "label": "River mouth 333"}, "geometry": {"type": "Point", "coordinates": [-83.75190938563655, 12.124629411411147]}}, {"id": "325", "type": "Feature", "properties": {"ID": 334, "width_mean": 1575.0, "slope": 0.0, "uparea": 357.20740444652364, "trend": "no trend", "ave_flux": 0.000752914, "continent": "North America", "ord_stra": 4, "image_num": 279, "OWT": 1, "trend2": "no trend", "label": "River mouth 334"}, "geometry": {"type": "Point", "coordinates": [-83.77185999973915, 12.437249999687765]}}, {"id": "326", "type": "Feature", "properties": {"ID": 336, "width_mean": 1774.0, "slope": 0.0002, "uparea": 5581.31073828, "trend": "increasing", "ave_flux": 0.00877951, "continent": "Africa", "ord_stra": 4, "image_num": 730, "OWT": 3, "trend2": "increasing", "label": "River mouth 336"}, "geometry": {"type": "Point", "coordinates": [-16.221589114438792, 12.264134747257021]}}, {"id": "327", "type": "Feature", "properties": {"ID": 337, "width_mean": 3558.0, "slope": 0.000456, "uparea": 76265.1706412, "trend": "no trend", "ave_flux": 0.0428523, "continent": "Africa", "ord_stra": 4, "image_num": 766, "OWT": 3, "trend2": "increasing", "label": "River mouth 337"}, "geometry": {"type": "Point", "coordinates": [-16.335520000047893, 13.31848999971379]}}, {"id": "328", "type": "Feature", "properties": {"ID": 338, "width_mean": 97.0, "slope": 0.000327, "uparea": 582.6155485644259, "trend": "increasing", "ave_flux": 0.00797372, "continent": "Asia", "ord_stra": 5, "image_num": 522, "OWT": 3, "trend2": "increasing", "label": "River mouth 338"}, "geometry": {"type": "Point", "coordinates": [74.99617332062927, 12.633869367890076]}}, {"id": "329", "type": "Feature", "properties": {"ID": 339, "width_mean": 124.0, "slope": 0.000667, "uparea": 1318.65668721, "trend": "increasing", "ave_flux": 0.0141596, "continent": "Asia", "ord_stra": 4, "image_num": 328, "OWT": 3, "trend2": "increasing", "label": "River mouth 339"}, "geometry": {"type": "Point", "coordinates": [75.05015857667016, 12.4942022115414]}}, {"id": "330", "type": "Feature", "properties": {"ID": 340, "width_mean": 155.0, "slope": 0.0002, "uparea": 3412.95528302, "trend": "increasing", "ave_flux": 0.00751594, "continent": "Asia", "ord_stra": 5, "image_num": 321, "OWT": 3, "trend2": "increasing", "label": "River mouth 340"}, "geometry": {"type": "Point", "coordinates": [74.40243708732382, 14.613490689804234]}}, {"id": "331", "type": "Feature", "properties": {"ID": 341, "width_mean": 155.0, "slope": 5.4e-05, "uparea": 1278.59338663, "trend": "increasing", "ave_flux": 0.004818, "continent": "Asia", "ord_stra": 5, "image_num": 313, "OWT": 1, "trend2": "increasing", "label": "River mouth 341"}, "geometry": {"type": "Point", "coordinates": [74.38690817159598, 14.506006479785322]}}, {"id": "332", "type": "Feature", "properties": {"ID": 342, "width_mean": 155.0, "slope": 0.000217, "uparea": 514.0112863337906, "trend": "increasing", "ave_flux": 0.00617894, "continent": "Asia", "ord_stra": 4, "image_num": 260, "OWT": 3, "trend2": "increasing", "label": "River mouth 342"}, "geometry": {"type": "Point", "coordinates": [75.31234390416286, 12.041393285499655]}}, {"id": "333", "type": "Feature", "properties": {"ID": 344, "width_mean": 190.0, "slope": 0.000286, "uparea": 590.5527951682961, "trend": "increasing", "ave_flux": 0.00755931, "continent": "Asia", "ord_stra": 4, "image_num": 324, "OWT": 2, "trend2": "increasing", "label": "River mouth 344"}, "geometry": {"type": "Point", "coordinates": [75.1643499999526, 12.245079999642314]}}, {"id": "334", "type": "Feature", "properties": {"ID": 345, "width_mean": 228.0, "slope": 0.000238, "uparea": 1218.71534141, "trend": "increasing", "ave_flux": 0.0124577, "continent": "Asia", "ord_stra": 4, "image_num": 323, "OWT": 1, "trend2": "increasing", "label": "River mouth 345"}, "geometry": {"type": "Point", "coordinates": [74.7010181579481, 13.643789501329852]}}, {"id": "335", "type": "Feature", "properties": {"ID": 346, "width_mean": 228.0, "slope": 0.00014, "uparea": 889.5319894971326, "trend": "no trend", "ave_flux": 0.00763197, "continent": "Asia", "ord_stra": 4, "image_num": 490, "OWT": 3, "trend2": "increasing", "label": "River mouth 346"}, "geometry": {"type": "Point", "coordinates": [73.79655000018244, 15.647910000146453]}}, {"id": "336", "type": "Feature", "properties": {"ID": 347, "width_mean": 271.0, "slope": 0.0011, "uparea": 869.6515274368775, "trend": "increasing", "ave_flux": 0.0279992, "continent": "Asia", "ord_stra": 5, "image_num": 514, "OWT": 3, "trend2": "increasing", "label": "River mouth 347"}, "geometry": {"type": "Point", "coordinates": [74.83157108080644, 12.934294112788667]}}, {"id": "337", "type": "Feature", "properties": {"ID": 348, "width_mean": 372.0, "slope": 0.000568, "uparea": 765.3864240712811, "trend": "increasing", "ave_flux": 0.0211133, "continent": "Asia", "ord_stra": 5, "image_num": 695, "OWT": 3, "trend2": "increasing", "label": "River mouth 348"}, "geometry": {"type": "Point", "coordinates": [73.9567200213312, 15.381934242283911]}}, {"id": "338", "type": "Feature", "properties": {"ID": 349, "width_mean": 572.0, "slope": 8.5e-05, "uparea": 2412.97685158, "trend": "no trend", "ave_flux": 0.00987846, "continent": "Asia", "ord_stra": 5, "image_num": 306, "OWT": 2, "trend2": "no trend", "label": "River mouth 349"}, "geometry": {"type": "Point", "coordinates": [74.52208473727484, 14.240002798409815]}}, {"id": "339", "type": "Feature", "properties": {"ID": 350, "width_mean": 655.0, "slope": 0.000144, "uparea": 4299.30402076, "trend": "no trend", "ave_flux": 0.0147122, "continent": "Asia", "ord_stra": 5, "image_num": 306, "OWT": 3, "trend2": "no trend", "label": "River mouth 350"}, "geometry": {"type": "Point", "coordinates": [74.21679838973445, 14.872579591721921]}}, {"id": "340", "type": "Feature", "properties": {"ID": 351, "width_mean": 97.0, "slope": 0.0, "uparea": 2201.3743259, "trend": "no trend", "ave_flux": 0.000299613, "continent": "Asia", "ord_stra": 4, "image_num": 816, "OWT": 3, "trend2": "decreasing", "label": "River mouth 351"}, "geometry": {"type": "Point", "coordinates": [80.0428466337822, 15.323029216532728]}}, {"id": "341", "type": "Feature", "properties": {"ID": 352, "width_mean": 97.0, "slope": -8e-06, "uparea": 2407.32881052, "trend": "no trend", "ave_flux": 0.00184909, "continent": "Asia", "ord_stra": 4, "image_num": 268, "OWT": 2, "trend2": "no trend", "label": "River mouth 352"}, "geometry": {"type": "Point", "coordinates": [80.09255999964432, 14.033049999757736]}}, {"id": "342", "type": "Feature", "properties": {"ID": 353, "width_mean": 124.0, "slope": -2.6e-05, "uparea": 3485.093658, "trend": "decreasing", "ave_flux": 0.000862714, "continent": "Asia", "ord_stra": 4, "image_num": 821, "OWT": 3, "trend2": "decreasing", "label": "River mouth 353"}, "geometry": {"type": "Point", "coordinates": [80.05452959033057, 15.20436978488558]}}, {"id": "343", "type": "Feature", "properties": {"ID": 354, "width_mean": 155.0, "slope": 1e-05, "uparea": 3025.93471483, "trend": "increasing", "ave_flux": 0.000412714, "continent": "Asia", "ord_stra": 4, "image_num": 428, "OWT": 3, "trend2": "increasing", "label": "River mouth 354"}, "geometry": {"type": "Point", "coordinates": [80.08037144429943, 14.228774186388481]}}, {"id": "344", "type": "Feature", "properties": {"ID": 355, "width_mean": 319.0, "slope": 0.000321, "uparea": 54190.218363, "trend": "increasing", "ave_flux": 0.00936497, "continent": "Asia", "ord_stra": 6, "image_num": 474, "OWT": 2, "trend2": "increasing", "label": "River mouth 355"}, "geometry": {"type": "Point", "coordinates": [80.10169495759425, 14.536026024528901]}}, {"id": "345", "type": "Feature", "properties": {"ID": 356, "width_mean": 1237.0, "slope": 0.005139, "uparea": 256487.705999, "trend": "no trend", "ave_flux": 0.26273, "continent": "Asia", "ord_stra": 8, "image_num": 453, "OWT": 3, "trend2": "increasing", "label": "River mouth 356"}, "geometry": {"type": "Point", "coordinates": [80.9036011410589, 15.925749559464933]}}, {"id": "346", "type": "Feature", "properties": {"ID": 357, "width_mean": 72.0, "slope": 0.000163, "uparea": 1209.03827429, "trend": "increasing", "ave_flux": 0.00603626, "continent": "Asia", "ord_stra": 4, "image_num": 624, "OWT": 3, "trend2": "increasing", "label": "River mouth 357"}, "geometry": {"type": "Point", "coordinates": [101.29246000032879, 12.718380000336822]}}, {"id": "347", "type": "Feature", "properties": {"ID": 358, "width_mean": 124.0, "slope": 0.003405, "uparea": 27723.7962196, "trend": "increasing", "ave_flux": 0.169425, "continent": "Asia", "ord_stra": 6, "image_num": 441, "OWT": 3, "trend2": "increasing", "label": "River mouth 358"}, "geometry": {"type": "Point", "coordinates": [99.97004252869297, 13.409661430821398]}}, {"id": "348", "type": "Feature", "properties": {"ID": 359, "width_mean": 372.0, "slope": 0.000345, "uparea": 18375.9410206, "trend": "no trend", "ave_flux": 0.0443447, "continent": "Asia", "ord_stra": 6, "image_num": 468, "OWT": 3, "trend2": "no trend", "label": "River mouth 359"}, "geometry": {"type": "Point", "coordinates": [100.98234256756217, 13.50007463672781]}}, {"id": "349", "type": "Feature", "properties": {"ID": 360, "width_mean": 498.0, "slope": -0.014843, "uparea": 154513.464833, "trend": "decreasing", "ave_flux": 0.608474, "continent": "Asia", "ord_stra": 7, "image_num": 478, "OWT": 3, "trend2": "decreasing", "label": "River mouth 360"}, "geometry": {"type": "Point", "coordinates": [100.58561730590608, 13.582836164170155]}}, {"id": "350", "type": "Feature", "properties": {"ID": 361, "width_mean": 965.0, "slope": 0.002915, "uparea": 17533.5146623, "trend": "increasing", "ave_flux": 0.131863, "continent": "Asia", "ord_stra": 4, "image_num": 504, "OWT": 3, "trend2": "increasing", "label": "River mouth 361"}, "geometry": {"type": "Point", "coordinates": [98.72520717747079, 12.34082010227283]}}, {"id": "351", "type": "Feature", "properties": {"ID": 362, "width_mean": 1397.0, "slope": 0.001627, "uparea": 3548.97452635, "trend": "increasing", "ave_flux": 0.139543, "continent": "Asia", "ord_stra": 5, "image_num": 893, "OWT": 3, "trend2": "increasing", "label": "River mouth 362"}, "geometry": {"type": "Point", "coordinates": [98.21684927516816, 13.963663334716578]}}, {"id": "352", "type": "Feature", "properties": {"ID": 363, "width_mean": 97.0, "slope": 3.1e-05, "uparea": 1095.19852105, "trend": "no trend", "ave_flux": 0.00255817, "continent": "Asia", "ord_stra": 4, "image_num": 426, "OWT": 1, "trend2": "no trend", "label": "River mouth 363"}, "geometry": {"type": "Point", "coordinates": [102.09485999968928, 12.582040000145923]}}, {"id": "353", "type": "Feature", "properties": {"ID": 364, "width_mean": 124.0, "slope": 0.000664, "uparea": 1529.25661912, "trend": "increasing", "ave_flux": 0.0265759, "continent": "Asia", "ord_stra": 5, "image_num": 829, "OWT": 3, "trend2": "increasing", "label": "River mouth 364"}, "geometry": {"type": "Point", "coordinates": [102.5492142002158, 12.233348683688938]}}, {"id": "354", "type": "Feature", "properties": {"ID": 365, "width_mean": 97.0, "slope": 0.000237, "uparea": 2204.47004977, "trend": "increasing", "ave_flux": 0.0116425, "continent": "Asia", "ord_stra": 5, "image_num": 807, "OWT": 2, "trend2": "increasing", "label": "River mouth 365"}, "geometry": {"type": "Point", "coordinates": [109.07223491649168, 13.881011989906899]}}, {"id": "355", "type": "Feature", "properties": {"ID": 366, "width_mean": 124.0, "slope": 2.9e-05, "uparea": 1480.80381329, "trend": "no trend", "ave_flux": 0.00536329, "continent": "Asia", "ord_stra": 5, "image_num": 499, "OWT": 3, "trend2": "no trend", "label": "River mouth 366"}, "geometry": {"type": "Point", "coordinates": [109.15004524500901, 12.269735560847737]}}, {"id": "356", "type": "Feature", "properties": {"ID": 367, "width_mean": 190.0, "slope": 0.00015, "uparea": 3175.99701845, "trend": "no trend", "ave_flux": 0.0189982, "continent": "Asia", "ord_stra": 5, "image_num": 419, "OWT": 3, "trend2": "no trend", "label": "River mouth 367"}, "geometry": {"type": "Point", "coordinates": [108.83822999971477, 15.132720000327822]}}, {"id": "357", "type": "Feature", "properties": {"ID": 368, "width_mean": 228.0, "slope": 6e-05, "uparea": 12757.0108668, "trend": "no trend", "ave_flux": 0.0262485, "continent": "Asia", "ord_stra": 6, "image_num": 310, "OWT": 3, "trend2": "no trend", "label": "River mouth 368"}, "geometry": {"type": "Point", "coordinates": [109.17970688219746, 13.003732820074735]}}, {"id": "358", "type": "Feature", "properties": {"ID": 369, "width_mean": 228.0, "slope": 1.3e-05, "uparea": 568.9487211737664, "trend": "increasing", "ave_flux": 0.000521429, "continent": "Asia", "ord_stra": 5, "image_num": 481, "OWT": 3, "trend2": "increasing", "label": "River mouth 369"}, "geometry": {"type": "Point", "coordinates": [109.05393398007305, 14.459830801693808]}}, {"id": "359", "type": "Feature", "properties": {"ID": 370, "width_mean": 228.0, "slope": 0.0015, "uparea": 9090.19303068, "trend": "increasing", "ave_flux": 0.0714188, "continent": "Asia", "ord_stra": 6, "image_num": 599, "OWT": 3, "trend2": "increasing", "label": "River mouth 370"}, "geometry": {"type": "Point", "coordinates": [108.20031907700199, 15.866296637939387]}}, {"id": "360", "type": "Feature", "properties": {"ID": 371, "width_mean": 124.0, "slope": -4e-06, "uparea": 423.64388689188974, "trend": "no trend", "ave_flux": 0.00503857, "continent": "Asia", "ord_stra": 4, "image_num": 454, "OWT": 4, "trend2": "no trend", "label": "River mouth 371"}, "geometry": {"type": "Point", "coordinates": [119.95459939467652, 15.581263490891427]}}, {"id": "361", "type": "Feature", "properties": {"ID": 372, "width_mean": 72.0, "slope": 1.9e-05, "uparea": 392.50226935581014, "trend": "increasing", "ave_flux": 0.000875914, "continent": "Asia", "ord_stra": 4, "image_num": 408, "OWT": 4, "trend2": "increasing", "label": "River mouth 372"}, "geometry": {"type": "Point", "coordinates": [121.30405999976927, 15.475059999819166]}}, {"id": "362", "type": "Feature", "properties": {"ID": 373, "width_mean": 72.0, "slope": 9e-05, "uparea": 881.9171510384522, "trend": "no trend", "ave_flux": 0.00456334, "continent": "Asia", "ord_stra": 5, "image_num": 297, "OWT": 3, "trend2": "increasing", "label": "River mouth 373"}, "geometry": {"type": "Point", "coordinates": [122.91110473168484, 14.195795088049632]}}, {"id": "363", "type": "Feature", "properties": {"ID": 374, "width_mean": 72.0, "slope": 8.8e-05, "uparea": 3822.97010888, "trend": "no trend", "ave_flux": 0.0168573, "continent": "Asia", "ord_stra": 4, "image_num": 332, "OWT": 2, "trend2": "no trend", "label": "River mouth 374"}, "geometry": {"type": "Point", "coordinates": [121.07820999969181, 14.615449999917587]}}, {"id": "364", "type": "Feature", "properties": {"ID": 375, "width_mean": 97.0, "slope": 0.000253, "uparea": 426.32324563466864, "trend": "increasing", "ave_flux": 0.00848129, "continent": "Asia", "ord_stra": 4, "image_num": 355, "OWT": 4, "trend2": "increasing", "label": "River mouth 375"}, "geometry": {"type": "Point", "coordinates": [121.45926430774234, 15.752316973980856]}}, {"id": "365", "type": "Feature", "properties": {"ID": 376, "width_mean": 124.0, "slope": 0.000189, "uparea": 7876.94036371, "trend": "no trend", "ave_flux": 0.0259862, "continent": "Asia", "ord_stra": 6, "image_num": 394, "OWT": 3, "trend2": "no trend", "label": "River mouth 376"}, "geometry": {"type": "Point", "coordinates": [120.73127018572728, 14.899162829900487]}}, {"id": "366", "type": "Feature", "properties": {"ID": 377, "width_mean": 155.0, "slope": 0.00024, "uparea": 939.4500279806641, "trend": "increasing", "ave_flux": 0.010501, "continent": "Asia", "ord_stra": 5, "image_num": 520, "OWT": 2, "trend2": "increasing", "label": "River mouth 377"}, "geometry": {"type": "Point", "coordinates": [121.62509236466494, 14.749505977810031]}}, {"id": "367", "type": "Feature", "properties": {"ID": 378, "width_mean": 155.0, "slope": 0.000323, "uparea": 769.0077937829509, "trend": "increasing", "ave_flux": 0.0132984, "continent": "Asia", "ord_stra": 4, "image_num": 438, "OWT": 3, "trend2": "increasing", "label": "River mouth 378"}, "geometry": {"type": "Point", "coordinates": [121.22950201358319, 13.380421784925817]}}, {"id": "368", "type": "Feature", "properties": {"ID": 379, "width_mean": 228.0, "slope": 0.000177, "uparea": 7876.94036371, "trend": "no trend", "ave_flux": 0.02136, "continent": "Asia", "ord_stra": 4, "image_num": 391, "OWT": 3, "trend2": "no trend", "label": "River mouth 379"}, "geometry": {"type": "Point", "coordinates": [120.76600816534899, 14.852001169521506]}}, {"id": "369", "type": "Feature", "properties": {"ID": 380, "width_mean": 498.0, "slope": 0.000512, "uparea": 2876.39548784, "trend": "increasing", "ave_flux": 0.0242581, "continent": "Asia", "ord_stra": 5, "image_num": 449, "OWT": 3, "trend2": "increasing", "label": "River mouth 380"}, "geometry": {"type": "Point", "coordinates": [123.12584290600651, 13.705795652869712]}}, {"id": "370", "type": "Feature", "properties": {"ID": 381, "width_mean": 572.0, "slope": 8.4e-05, "uparea": 313.79568795708667, "trend": "increasing", "ave_flux": 0.00339863, "continent": "Asia", "ord_stra": 5, "image_num": 274, "OWT": 2, "trend2": "increasing", "label": "River mouth 381"}, "geometry": {"type": "Point", "coordinates": [120.07125861286292, 15.270005361532315]}}, {"id": "371", "type": "Feature", "properties": {"ID": 382, "width_mean": 747.0, "slope": 4.3e-05, "uparea": 894.697527236132, "trend": "no trend", "ave_flux": 0.00305203, "continent": "Asia", "ord_stra": 4, "image_num": 151, "OWT": 1, "trend2": "increasing", "label": "River mouth 382"}, "geometry": {"type": "Point", "coordinates": [125.05811509465778, 12.555548214642988]}}, {"id": "372", "type": "Feature", "properties": {"ID": 383, "width_mean": 50.0, "slope": 6.8e-05, "uparea": 1400.98345914, "trend": "increasing", "ave_flux": 0.00316986, "continent": "North America", "ord_stra": 4, "image_num": 459, "OWT": 2, "trend2": "increasing", "label": "River mouth 383"}, "geometry": {"type": "Point", "coordinates": [-105.33686393481985, 19.881818926553017]}}, {"id": "373", "type": "Feature", "properties": {"ID": 384, "width_mean": 50.0, "slope": 0.000273, "uparea": 6921.66708709, "trend": "no trend", "ave_flux": 0.0236301, "continent": "North America", "ord_stra": 5, "image_num": 524, "OWT": 2, "trend2": "no trend", "label": "River mouth 384"}, "geometry": {"type": "Point", "coordinates": [-103.68716999959577, 18.755960000054017]}}, {"id": "374", "type": "Feature", "properties": {"ID": 385, "width_mean": 50.0, "slope": -4e-05, "uparea": 2354.45580917, "trend": "no trend", "ave_flux": 0.0128346, "continent": "North America", "ord_stra": 5, "image_num": 471, "OWT": 2, "trend2": "no trend", "label": "River mouth 385"}, "geometry": {"type": "Point", "coordinates": [-105.17947999990201, 19.660609999551866]}}, {"id": "375", "type": "Feature", "properties": {"ID": 386, "width_mean": 50.0, "slope": 5.7e-05, "uparea": 1402.65892966, "trend": "no trend", "ave_flux": 0.00605923, "continent": "North America", "ord_stra": 4, "image_num": 497, "OWT": 2, "trend2": "no trend", "label": "River mouth 386"}, "geometry": {"type": "Point", "coordinates": [-104.88536999962577, 19.342369999875643]}}, {"id": "376", "type": "Feature", "properties": {"ID": 387, "width_mean": 72.0, "slope": 2.5e-05, "uparea": 2147.9402668, "trend": "no trend", "ave_flux": 0.00862103, "continent": "North America", "ord_stra": 5, "image_num": 527, "OWT": 2, "trend2": "no trend", "label": "River mouth 387"}, "geometry": {"type": "Point", "coordinates": [-102.78708438078026, 18.157567327323164]}}, {"id": "377", "type": "Feature", "properties": {"ID": 388, "width_mean": 72.0, "slope": 0.000212, "uparea": 2051.8447538, "trend": "increasing", "ave_flux": 0.00750231, "continent": "North America", "ord_stra": 4, "image_num": 771, "OWT": 2, "trend2": "increasing", "label": "River mouth 388"}, "geometry": {"type": "Point", "coordinates": [-104.58276793348077, 19.17791063516932]}}, {"id": "378", "type": "Feature", "properties": {"ID": 389, "width_mean": 372.0, "slope": -0.005664, "uparea": 112378.353696, "trend": "decreasing", "ave_flux": 0.169894, "continent": "North America", "ord_stra": 7, "image_num": 504, "OWT": 3, "trend2": "decreasing", "label": "River mouth 389"}, "geometry": {"type": "Point", "coordinates": [-102.1616538049044, 17.982020843931558]}}, {"id": "379", "type": "Feature", "properties": {"ID": 390, "width_mean": 50.0, "slope": 0.000133, "uparea": 761.3198174476389, "trend": "increasing", "ave_flux": 0.00823403, "continent": "North America", "ord_stra": 4, "image_num": 874, "OWT": 2, "trend2": "increasing", "label": "River mouth 390"}, "geometry": {"type": "Point", "coordinates": [-101.62608999995348, 17.71723000026435]}}, {"id": "380", "type": "Feature", "properties": {"ID": 391, "width_mean": 50.0, "slope": 0.000123, "uparea": 876.5599410812948, "trend": "no trend", "ave_flux": 0.00919829, "continent": "North America", "ord_stra": 4, "image_num": 505, "OWT": 2, "trend2": "increasing", "label": "River mouth 391"}, "geometry": {"type": "Point", "coordinates": [-100.88767222630949, 17.280803897161658]}}, {"id": "381", "type": "Feature", "properties": {"ID": 392, "width_mean": 50.0, "slope": 0.000162, "uparea": 758.1955634005583, "trend": "increasing", "ave_flux": 0.0114334, "continent": "North America", "ord_stra": 4, "image_num": 603, "OWT": 2, "trend2": "increasing", "label": "River mouth 392"}, "geometry": {"type": "Point", "coordinates": [-100.46162857983413, 17.14886047294536]}}, {"id": "382", "type": "Feature", "properties": {"ID": 393, "width_mean": 72.0, "slope": 6.7e-05, "uparea": 871.4031455230224, "trend": "increasing", "ave_flux": 0.00311643, "continent": "North America", "ord_stra": 4, "image_num": 486, "OWT": 2, "trend2": "increasing", "label": "River mouth 393"}, "geometry": {"type": "Point", "coordinates": [-97.97112999974968, 16.20037000007551]}}, {"id": "383", "type": "Feature", "properties": {"ID": 394, "width_mean": 72.0, "slope": 4.1e-05, "uparea": 2146.94021003, "trend": "no trend", "ave_flux": 0.0100695, "continent": "North America", "ord_stra": 5, "image_num": 433, "OWT": 2, "trend2": "no trend", "label": "River mouth 394"}, "geometry": {"type": "Point", "coordinates": [-96.32707652499107, 19.325526488109784]}}, {"id": "384", "type": "Feature", "properties": {"ID": 395, "width_mean": 72.0, "slope": 0.0, "uparea": 1848.75562195, "trend": "no trend", "ave_flux": 0.00274206, "continent": "North America", "ord_stra": 5, "image_num": 425, "OWT": 3, "trend2": "no trend", "label": "River mouth 395"}, "geometry": {"type": "Point", "coordinates": [-96.35592999986955, 19.411129999749733]}}, {"id": "385", "type": "Feature", "properties": {"ID": 396, "width_mean": 72.0, "slope": 0.000186, "uparea": 1293.48210716, "trend": "increasing", "ave_flux": 0.0083348, "continent": "North America", "ord_stra": 4, "image_num": 537, "OWT": 2, "trend2": "increasing", "label": "River mouth 396"}, "geometry": {"type": "Point", "coordinates": [-100.09561014932308, 16.99900344615975]}}, {"id": "386", "type": "Feature", "properties": {"ID": 397, "width_mean": 72.0, "slope": 8.5e-05, "uparea": 1210.716316, "trend": "no trend", "ave_flux": 0.0154133, "continent": "North America", "ord_stra": 4, "image_num": 505, "OWT": 2, "trend2": "no trend", "label": "River mouth 397"}, "geometry": {"type": "Point", "coordinates": [-100.64451488887467, 17.175268939096753]}}, {"id": "387", "type": "Feature", "properties": {"ID": 398, "width_mean": 97.0, "slope": 0.000228, "uparea": 779.4095349106677, "trend": "increasing", "ave_flux": 0.0100176, "continent": "North America", "ord_stra": 5, "image_num": 1057, "OWT": 2, "trend2": "increasing", "label": "River mouth 398"}, "geometry": {"type": "Point", "coordinates": [-98.8324972956138, 16.626476563841514]}}, {"id": "388", "type": "Feature", "properties": {"ID": 399, "width_mean": 124.0, "slope": 0.000732, "uparea": 4945.45768002, "trend": "increasing", "ave_flux": 0.0356511, "continent": "North America", "ord_stra": 6, "image_num": 475, "OWT": 2, "trend2": "increasing", "label": "River mouth 399"}, "geometry": {"type": "Point", "coordinates": [-98.58573971657071, 16.548080497311968]}}, {"id": "389", "type": "Feature", "properties": {"ID": 400, "width_mean": 124.0, "slope": 0.000756, "uparea": 7434.75324859, "trend": "increasing", "ave_flux": 0.0426204, "continent": "North America", "ord_stra": 5, "image_num": 560, "OWT": 2, "trend2": "increasing", "label": "River mouth 400"}, "geometry": {"type": "Point", "coordinates": [-99.6150599998191, 16.753019999773244]}}, {"id": "390", "type": "Feature", "properties": {"ID": 401, "width_mean": 97.0, "slope": -8.2e-05, "uparea": 12870.9907561, "trend": "decreasing", "ave_flux": 0.00336597, "continent": "North America", "ord_stra": 5, "image_num": 521, "OWT": 2, "trend2": "decreasing", "label": "River mouth 401"}, "geometry": {"type": "Point", "coordinates": [-91.26060445961133, 18.555135962575243]}}, {"id": "391", "type": "Feature", "properties": {"ID": 402, "width_mean": 190.0, "slope": -0.000687, "uparea": 38303.9352896, "trend": "no trend", "ave_flux": 0.125816, "continent": "North America", "ord_stra": 5, "image_num": 446, "OWT": 1, "trend2": "no trend", "label": "River mouth 402"}, "geometry": {"type": "Point", "coordinates": [-93.03555999969421, 18.41933000037926]}}, {"id": "392", "type": "Feature", "properties": {"ID": 403, "width_mean": 319.0, "slope": -0.000194, "uparea": 10057.1744222, "trend": "no trend", "ave_flux": 0.0232161, "continent": "North America", "ord_stra": 5, "image_num": 449, "OWT": 3, "trend2": "no trend", "label": "River mouth 403"}, "geometry": {"type": "Point", "coordinates": [-95.14766404362427, 16.22779070541695]}}, {"id": "393", "type": "Feature", "properties": {"ID": 404, "width_mean": 319.0, "slope": 0.000265, "uparea": 2679.87379822, "trend": "no trend", "ave_flux": 0.0164327, "continent": "North America", "ord_stra": 5, "image_num": 521, "OWT": 2, "trend2": "increasing", "label": "River mouth 404"}, "geometry": {"type": "Point", "coordinates": [-94.08408000039168, 18.068809999581845]}}, {"id": "394", "type": "Feature", "properties": {"ID": 405, "width_mean": 372.0, "slope": 0.00168, "uparea": 19661.0710463, "trend": "no trend", "ave_flux": 0.0965982, "continent": "North America", "ord_stra": 6, "image_num": 424, "OWT": 3, "trend2": "no trend", "label": "River mouth 405"}, "geometry": {"type": "Point", "coordinates": [-94.43815820099849, 18.054310845787665]}}, {"id": "395", "type": "Feature", "properties": {"ID": 406, "width_mean": 372.0, "slope": 0.003455, "uparea": 39641.5795804, "trend": "increasing", "ave_flux": 0.137146, "continent": "North America", "ord_stra": 7, "image_num": 389, "OWT": 3, "trend2": "increasing", "label": "River mouth 406"}, "geometry": {"type": "Point", "coordinates": [-95.6341718827497, 18.65135584183792]}}, {"id": "396", "type": "Feature", "properties": {"ID": 407, "width_mean": 572.0, "slope": 8e-06, "uparea": 1266.21530959, "trend": "increasing", "ave_flux": 0.000398031, "continent": "North America", "ord_stra": 4, "image_num": 515, "OWT": 1, "trend2": "increasing", "label": "River mouth 407"}, "geometry": {"type": "Point", "coordinates": [-91.82567879478549, 18.396345764915168]}}, {"id": "397", "type": "Feature", "properties": {"ID": 408, "width_mean": 655.0, "slope": 0.001603, "uparea": 83509.5096275, "trend": "no trend", "ave_flux": 0.185153, "continent": "North America", "ord_stra": 8, "image_num": 480, "OWT": 3, "trend2": "no trend", "label": "River mouth 408"}, "geometry": {"type": "Point", "coordinates": [-92.65489423467834, 18.51806642611533]}}, {"id": "398", "type": "Feature", "properties": {"ID": 409, "width_mean": 50.0, "slope": 0.0004, "uparea": 8665.79118248, "trend": "no trend", "ave_flux": 0.0345007, "continent": "North America", "ord_stra": 5, "image_num": 470, "OWT": 2, "trend2": "no trend", "label": "River mouth 409"}, "geometry": {"type": "Point", "coordinates": [-88.29836441333028, 17.532319622098992]}}, {"id": "399", "type": "Feature", "properties": {"ID": 410, "width_mean": 50.0, "slope": 1.3e-05, "uparea": 11503.8713299, "trend": "no trend", "ave_flux": 0.00194269, "continent": "North America", "ord_stra": 5, "image_num": 534, "OWT": 4, "trend2": "no trend", "label": "River mouth 410"}, "geometry": {"type": "Point", "coordinates": [-88.41119362050132, 18.492344646797324]}}, {"id": "400", "type": "Feature", "properties": {"ID": 411, "width_mean": 72.0, "slope": 0.000123, "uparea": 8352.63977809, "trend": "increasing", "ave_flux": 0.00577451, "continent": "North America", "ord_stra": 5, "image_num": 290, "OWT": 2, "trend2": "increasing", "label": "River mouth 411"}, "geometry": {"type": "Point", "coordinates": [-72.53929000043314, 19.140209999591832]}}, {"id": "401", "type": "Feature", "properties": {"ID": 412, "width_mean": 50.0, "slope": 6.7e-05, "uparea": 6361.77017677, "trend": "no trend", "ave_flux": 0.00862849, "continent": "North America", "ord_stra": 5, "image_num": 326, "OWT": 2, "trend2": "no trend", "label": "River mouth 412"}, "geometry": {"type": "Point", "coordinates": [-71.6062799998221, 19.789169999795718]}}, {"id": "402", "type": "Feature", "properties": {"ID": 413, "width_mean": 72.0, "slope": 3.3e-05, "uparea": 5149.07664378, "trend": "no trend", "ave_flux": 0.00468623, "continent": "North America", "ord_stra": 4, "image_num": 209, "OWT": 2, "trend2": "no trend", "label": "River mouth 413"}, "geometry": {"type": "Point", "coordinates": [-69.68323377991172, 19.10915602969198]}}, {"id": "403", "type": "Feature", "properties": {"ID": 414, "width_mean": 72.0, "slope": 1.4e-05, "uparea": 555.1086715830644, "trend": "no trend", "ave_flux": 0.00302281, "continent": "North America", "ord_stra": 4, "image_num": 295, "OWT": 2, "trend2": "no trend", "label": "River mouth 414"}, "geometry": {"type": "Point", "coordinates": [-65.92233999999098, 18.385749999562904]}}, {"id": "404", "type": "Feature", "properties": {"ID": 415, "width_mean": 2244.0, "slope": 0.001792, "uparea": 440992.892166, "trend": "no trend", "ave_flux": 0.11519, "continent": "Africa", "ord_stra": 7, "image_num": 391, "OWT": 3, "trend2": "increasing", "label": "River mouth 415"}, "geometry": {"type": "Point", "coordinates": [-16.476577398637275, 16.057294498475677]}}, {"id": "405", "type": "Feature", "properties": {"ID": 416, "width_mean": 124.0, "slope": -6.3e-05, "uparea": 575.6780389657334, "trend": "no trend", "ave_flux": 0.0066602, "continent": "Asia", "ord_stra": 4, "image_num": 377, "OWT": 3, "trend2": "decreasing", "label": "River mouth 416"}, "geometry": {"type": "Point", "coordinates": [73.44831128279343, 16.763564527028755]}}, {"id": "406", "type": "Feature", "properties": {"ID": 417, "width_mean": 228.0, "slope": 0.000304, "uparea": 605.7479376184548, "trend": "increasing", "ave_flux": 0.00980625, "continent": "Asia", "ord_stra": 4, "image_num": 820, "OWT": 3, "trend2": "increasing", "label": "River mouth 417"}, "geometry": {"type": "Point", "coordinates": [72.99211999983817, 18.489759999924104]}}, {"id": "407", "type": "Feature", "properties": {"ID": 418, "width_mean": 271.0, "slope": -6.8e-05, "uparea": 840.5503873353682, "trend": "no trend", "ave_flux": 0.010803, "continent": "Asia", "ord_stra": 5, "image_num": 341, "OWT": 3, "trend2": "no trend", "label": "River mouth 418"}, "geometry": {"type": "Point", "coordinates": [73.4106210774401, 16.513776282399867]}}, {"id": "408", "type": "Feature", "properties": {"ID": 419, "width_mean": 319.0, "slope": 0.00012, "uparea": 560.3592218762893, "trend": "increasing", "ave_flux": 0.00510566, "continent": "Asia", "ord_stra": 4, "image_num": 344, "OWT": 3, "trend2": "increasing", "label": "River mouth 419"}, "geometry": {"type": "Point", "coordinates": [73.51001000006153, 16.177979999977083]}}, {"id": "409", "type": "Feature", "properties": {"ID": 420, "width_mean": 372.0, "slope": 0.000128, "uparea": 439.91214744815284, "trend": "increasing", "ave_flux": 0.002984, "continent": "Asia", "ord_stra": 5, "image_num": 790, "OWT": 2, "trend2": "increasing", "label": "River mouth 420"}, "geometry": {"type": "Point", "coordinates": [73.04515393831919, 18.804280291345933]}}, {"id": "410", "type": "Feature", "properties": {"ID": 421, "width_mean": 498.0, "slope": 0.001097, "uparea": 2267.0952918, "trend": "increasing", "ave_flux": 0.0228232, "continent": "Asia", "ord_stra": 6, "image_num": 729, "OWT": 3, "trend2": "increasing", "label": "River mouth 421"}, "geometry": {"type": "Point", "coordinates": [73.05892845949, 17.986206251102395]}}, {"id": "411", "type": "Feature", "properties": {"ID": 422, "width_mean": 572.0, "slope": 9.4e-05, "uparea": 2164.36014603, "trend": "no trend", "ave_flux": 0.0136826, "continent": "Asia", "ord_stra": 4, "image_num": 367, "OWT": 1, "trend2": "no trend", "label": "River mouth 422"}, "geometry": {"type": "Point", "coordinates": [73.25498564617536, 17.290683478088525]}}, {"id": "412", "type": "Feature", "properties": {"ID": 423, "width_mean": 572.0, "slope": 5e-05, "uparea": 1825.09616638, "trend": "no trend", "ave_flux": 0.0155704, "continent": "Asia", "ord_stra": 5, "image_num": 371, "OWT": 3, "trend2": "no trend", "label": "River mouth 423"}, "geometry": {"type": "Point", "coordinates": [73.220659046735, 17.58504416203733]}}, {"id": "413", "type": "Feature", "properties": {"ID": 424, "width_mean": 1094.0, "slope": 0.000817, "uparea": 3003.71291957, "trend": "increasing", "ave_flux": 0.0223048, "continent": "Asia", "ord_stra": 5, "image_num": 471, "OWT": 3, "trend2": "increasing", "label": "River mouth 424"}, "geometry": {"type": "Point", "coordinates": [72.82337514613118, 19.504021898329427]}}, {"id": "414", "type": "Feature", "properties": {"ID": 425, "width_mean": 1237.0, "slope": 0.001249, "uparea": 3949.35630066, "trend": "increasing", "ave_flux": 0.0325245, "continent": "Asia", "ord_stra": 6, "image_num": 426, "OWT": 3, "trend2": "increasing", "label": "River mouth 425"}, "geometry": {"type": "Point", "coordinates": [72.89254915775398, 19.29788605965086]}}, {"id": "415", "type": "Feature", "properties": {"ID": 426, "width_mean": 97.0, "slope": 0.000142, "uparea": 1333.93425297, "trend": "increasing", "ave_flux": 0.00309426, "continent": "Asia", "ord_stra": 4, "image_num": 509, "OWT": 2, "trend2": "increasing", "label": "River mouth 426"}, "geometry": {"type": "Point", "coordinates": [83.52680149171941, 18.0670862991861]}}, {"id": "416", "type": "Feature", "properties": {"ID": 427, "width_mean": 155.0, "slope": 0.000196, "uparea": 1205.84777165, "trend": "increasing", "ave_flux": 0.00386923, "continent": "Asia", "ord_stra": 4, "image_num": 510, "OWT": 2, "trend2": "increasing", "label": "River mouth 427"}, "geometry": {"type": "Point", "coordinates": [83.38556068049172, 17.941234605796627]}}, {"id": "417", "type": "Feature", "properties": {"ID": 428, "width_mean": 190.0, "slope": 0.0016, "uparea": 8487.03525151, "trend": "increasing", "ave_flux": 0.0339098, "continent": "Asia", "ord_stra": 5, "image_num": 914, "OWT": 2, "trend2": "increasing", "label": "River mouth 428"}, "geometry": {"type": "Point", "coordinates": [83.87834999955288, 18.330899999935127]}}, {"id": "418", "type": "Feature", "properties": {"ID": 429, "width_mean": 572.0, "slope": 1.2e-05, "uparea": 610.9184726613248, "trend": "no trend", "ave_flux": 0.000721429, "continent": "Asia", "ord_stra": 4, "image_num": 896, "OWT": 3, "trend2": "no trend", "label": "River mouth 429"}, "geometry": {"type": "Point", "coordinates": [81.9160300000845, 16.526569999905632]}}, {"id": "419", "type": "Feature", "properties": {"ID": 430, "width_mean": 1094.0, "slope": 0.016035, "uparea": 308033.953624, "trend": "increasing", "ave_flux": 0.742688, "continent": "Asia", "ord_stra": 8, "image_num": 740, "OWT": 3, "trend2": "increasing", "label": "River mouth 430"}, "geometry": {"type": "Point", "coordinates": [82.12490986881618, 16.708882735932747]}}, {"id": "420", "type": "Feature", "properties": {"ID": 431, "width_mean": 97.0, "slope": 0.001042, "uparea": 7683.24049183, "trend": "increasing", "ave_flux": 0.0248014, "continent": "Asia", "ord_stra": 5, "image_num": 508, "OWT": 2, "trend2": "increasing", "label": "River mouth 431"}, "geometry": {"type": "Point", "coordinates": [85.03560485270323, 19.394816530378286]}}, {"id": "421", "type": "Feature", "properties": {"ID": 432, "width_mean": 97.0, "slope": 0.000205, "uparea": 1773.93089962, "trend": "increasing", "ave_flux": 0.00606463, "continent": "Asia", "ord_stra": 4, "image_num": 749, "OWT": 2, "trend2": "increasing", "label": "River mouth 432"}, "geometry": {"type": "Point", "coordinates": [85.60798999963885, 19.94843999980617]}}, {"id": "422", "type": "Feature", "properties": {"ID": 433, "width_mean": 190.0, "slope": 0.00167, "uparea": 10120.4833099, "trend": "increasing", "ave_flux": 0.0385679, "continent": "Asia", "ord_stra": 5, "image_num": 670, "OWT": 2, "trend2": "increasing", "label": "River mouth 433"}, "geometry": {"type": "Point", "coordinates": [84.06593999973126, 18.332080000391727]}}, {"id": "423", "type": "Feature", "properties": {"ID": 434, "width_mean": 97.0, "slope": 0.000222, "uparea": 1003.4150183, "trend": "increasing", "ave_flux": 0.0107955, "continent": "Asia", "ord_stra": 5, "image_num": 503, "OWT": 2, "trend2": "increasing", "label": "River mouth 434"}, "geometry": {"type": "Point", "coordinates": [94.3853194624745, 18.640032900841724]}}, {"id": "424", "type": "Feature", "properties": {"ID": 435, "width_mean": 97.0, "slope": 0.000299, "uparea": 1173.85253142, "trend": "increasing", "ave_flux": 0.0198082, "continent": "Asia", "ord_stra": 5, "image_num": 495, "OWT": 3, "trend2": "increasing", "label": "River mouth 435"}, "geometry": {"type": "Point", "coordinates": [94.38547999980221, 18.468630000374276]}}, {"id": "425", "type": "Feature", "properties": {"ID": 436, "width_mean": 97.0, "slope": 0.000357, "uparea": 1335.3943115, "trend": "increasing", "ave_flux": 0.0145285, "continent": "Asia", "ord_stra": 5, "image_num": 527, "OWT": 3, "trend2": "increasing", "label": "River mouth 436"}, "geometry": {"type": "Point", "coordinates": [94.14247025793702, 19.34223209760697]}}, {"id": "426", "type": "Feature", "properties": {"ID": 437, "width_mean": 190.0, "slope": 0.000146, "uparea": 1666.30399797, "trend": "no trend", "ave_flux": 0.0113771, "continent": "Asia", "ord_stra": 5, "image_num": 566, "OWT": 1, "trend2": "no trend", "label": "River mouth 437"}, "geometry": {"type": "Point", "coordinates": [93.94113738581026, 19.51540657747434]}}, {"id": "427", "type": "Feature", "properties": {"ID": 438, "width_mean": 271.0, "slope": 0.000474, "uparea": 2581.515811, "trend": "increasing", "ave_flux": 0.0260425, "continent": "Asia", "ord_stra": 5, "image_num": 530, "OWT": 1, "trend2": "increasing", "label": "River mouth 438"}, "geometry": {"type": "Point", "coordinates": [93.7888725017799, 19.90595990028269]}}, {"id": "428", "type": "Feature", "properties": {"ID": 439, "width_mean": 965.0, "slope": 8.1e-05, "uparea": 738.9321316368223, "trend": "increasing", "ave_flux": 0.00324554, "continent": "Asia", "ord_stra": 4, "image_num": 395, "OWT": 1, "trend2": "increasing", "label": "River mouth 439"}, "geometry": {"type": "Point", "coordinates": [94.71337003849472, 16.06150457020955]}}, {"id": "429", "type": "Feature", "properties": {"ID": 440, "width_mean": 1094.0, "slope": 8.2e-05, "uparea": 1408.12133311, "trend": "increasing", "ave_flux": 0.00490091, "continent": "Asia", "ord_stra": 4, "image_num": 396, "OWT": 3, "trend2": "increasing", "label": "River mouth 440"}, "geometry": {"type": "Point", "coordinates": [95.3379608306863, 16.125848130779957]}}, {"id": "430", "type": "Feature", "properties": {"ID": 441, "width_mean": 1575.0, "slope": -0.003624, "uparea": 377324.155037, "trend": "no trend", "ave_flux": 3.04893, "continent": "Asia", "ord_stra": 4, "image_num": 397, "OWT": 1, "trend2": "no trend", "label": "River mouth 441"}, "geometry": {"type": "Point", "coordinates": [94.95099061300593, 16.21012255903383]}}, {"id": "431", "type": "Feature", "properties": {"ID": 442, "width_mean": 2520.0, "slope": 0.001267, "uparea": 8172.49693913, "trend": "no trend", "ave_flux": 0.0762279, "continent": "Asia", "ord_stra": 4, "image_num": 391, "OWT": 1, "trend2": "increasing", "label": "River mouth 442"}, "geometry": {"type": "Point", "coordinates": [94.60428447798945, 16.235078464265772]}}, {"id": "432", "type": "Feature", "properties": {"ID": 443, "width_mean": 271.0, "slope": 0.000753, "uparea": 2369.1207984, "trend": "increasing", "ave_flux": 0.0378539, "continent": "Asia", "ord_stra": 5, "image_num": 563, "OWT": 3, "trend2": "increasing", "label": "River mouth 443"}, "geometry": {"type": "Point", "coordinates": [97.2041907931217, 17.1304742340719]}}, {"id": "433", "type": "Feature", "properties": {"ID": 444, "width_mean": 1237.0, "slope": 0.000793, "uparea": 3019.80637902, "trend": "increasing", "ave_flux": 0.0188095, "continent": "Asia", "ord_stra": 4, "image_num": 438, "OWT": 3, "trend2": "increasing", "label": "River mouth 444"}, "geometry": {"type": "Point", "coordinates": [96.09461937236026, 16.33251873834563]}}, {"id": "434", "type": "Feature", "properties": {"ID": 445, "width_mean": 2244.0, "slope": 0.008888, "uparea": 18391.7193528, "trend": "increasing", "ave_flux": 0.291895, "continent": "Asia", "ord_stra": 4, "image_num": 477, "OWT": 3, "trend2": "increasing", "label": "River mouth 445"}, "geometry": {"type": "Point", "coordinates": [96.30175580431708, 16.515222299742785]}}, {"id": "435", "type": "Feature", "properties": {"ID": 446, "width_mean": 2520.0, "slope": 0.032792, "uparea": 279885.559927, "trend": "increasing", "ave_flux": 2.0869, "continent": "Asia", "ord_stra": 7, "image_num": 490, "OWT": 3, "trend2": "increasing", "label": "River mouth 446"}, "geometry": {"type": "Point", "coordinates": [97.6150496132583, 16.60678047192017]}}, {"id": "436", "type": "Feature", "properties": {"ID": 447, "width_mean": 4466.0, "slope": 0.005952, "uparea": 32128.204544, "trend": "increasing", "ave_flux": 0.23462, "continent": "Asia", "ord_stra": 6, "image_num": 535, "OWT": 3, "trend2": "increasing", "label": "River mouth 447"}, "geometry": {"type": "Point", "coordinates": [96.88311102320893, 17.421955439716616]}}, {"id": "437", "type": "Feature", "properties": {"ID": 448, "width_mean": 155.0, "slope": 1.7e-05, "uparea": 322.02528642283437, "trend": "no trend", "ave_flux": 0.00103566, "continent": "Asia", "ord_stra": 4, "image_num": 615, "OWT": 2, "trend2": "increasing", "label": "River mouth 448"}, "geometry": {"type": "Point", "coordinates": [105.9756014668711, 19.962126902502654]}}, {"id": "438", "type": "Feature", "properties": {"ID": 449, "width_mean": 228.0, "slope": 0.000927, "uparea": 2522.1873197, "trend": "increasing", "ave_flux": 0.028329, "continent": "Asia", "ord_stra": 5, "image_num": 404, "OWT": 2, "trend2": "increasing", "label": "River mouth 449"}, "geometry": {"type": "Point", "coordinates": [107.53721927381788, 16.520824447838688]}}, {"id": "439", "type": "Feature", "properties": {"ID": 450, "width_mean": 372.0, "slope": 3e-06, "uparea": 1898.58651611, "trend": "no trend", "ave_flux": 0.00341449, "continent": "Asia", "ord_stra": 5, "image_num": 378, "OWT": 3, "trend2": "no trend", "label": "River mouth 450"}, "geometry": {"type": "Point", "coordinates": [106.22401999982321, 17.801469999940593]}}, {"id": "440", "type": "Feature", "properties": {"ID": 451, "width_mean": 432.0, "slope": -0.001436, "uparea": 29149.2989039, "trend": "decreasing", "ave_flux": 0.149149, "continent": "Asia", "ord_stra": 6, "image_num": 648, "OWT": 3, "trend2": "decreasing", "label": "River mouth 451"}, "geometry": {"type": "Point", "coordinates": [105.84265999955937, 19.782200000329794]}}, {"id": "441", "type": "Feature", "properties": {"ID": 452, "width_mean": 655.0, "slope": 0.001991, "uparea": 23413.94843, "trend": "increasing", "ave_flux": 0.0844755, "continent": "Asia", "ord_stra": 6, "image_num": 578, "OWT": 3, "trend2": "increasing", "label": "River mouth 452"}, "geometry": {"type": "Point", "coordinates": [105.71548999956389, 18.6568499999276]}}, {"id": "442", "type": "Feature", "properties": {"ID": 453, "width_mean": 50.0, "slope": 5e-06, "uparea": 378.73941151107744, "trend": "no trend", "ave_flux": 0.000941375, "continent": "Asia", "ord_stra": 4, "image_num": 524, "OWT": 3, "trend2": "no trend", "label": "River mouth 453"}, "geometry": {"type": "Point", "coordinates": [109.74051659744504, 18.457062050306515]}}, {"id": "443", "type": "Feature", "properties": {"ID": 454, "width_mean": 72.0, "slope": 3.2e-05, "uparea": 665.7652972301006, "trend": "increasing", "ave_flux": 0.00181457, "continent": "Asia", "ord_stra": 4, "image_num": 575, "OWT": 3, "trend2": "increasing", "label": "River mouth 454"}, "geometry": {"type": "Point", "coordinates": [109.23565416520135, 18.4313342413488]}}, {"id": "444", "type": "Feature", "properties": {"ID": 455, "width_mean": 97.0, "slope": 3.8e-05, "uparea": 1133.55207763, "trend": "no trend", "ave_flux": 0.00224934, "continent": "Asia", "ord_stra": 4, "image_num": 873, "OWT": 3, "trend2": "increasing", "label": "River mouth 455"}, "geometry": {"type": "Point", "coordinates": [109.97983999991612, 18.55215000012248]}}, {"id": "445", "type": "Feature", "properties": {"ID": 456, "width_mean": 97.0, "slope": 3.5e-05, "uparea": 438.2044336331875, "trend": "increasing", "ave_flux": 0.00104286, "continent": "Asia", "ord_stra": 4, "image_num": 942, "OWT": 2, "trend2": "increasing", "label": "River mouth 456"}, "geometry": {"type": "Point", "coordinates": [109.05451999959837, 19.43039999986013]}}, {"id": "446", "type": "Feature", "properties": {"ID": 457, "width_mean": 124.0, "slope": 2.9e-05, "uparea": 608.9247633350043, "trend": "increasing", "ave_flux": 0.00198237, "continent": "Asia", "ord_stra": 4, "image_num": 492, "OWT": 3, "trend2": "increasing", "label": "River mouth 457"}, "geometry": {"type": "Point", "coordinates": [109.68940383471309, 19.877296692674353]}}, {"id": "447", "type": "Feature", "properties": {"ID": 458, "width_mean": 155.0, "slope": 0.000475, "uparea": 4692.13976607, "trend": "increasing", "ave_flux": 0.0233765, "continent": "Asia", "ord_stra": 5, "image_num": 1001, "OWT": 3, "trend2": "increasing", "label": "River mouth 458"}, "geometry": {"type": "Point", "coordinates": [108.73763738752162, 19.26162232925453]}}, {"id": "448", "type": "Feature", "properties": {"ID": 459, "width_mean": 228.0, "slope": 0.000355, "uparea": 3276.26791259, "trend": "increasing", "ave_flux": 0.0121473, "continent": "Asia", "ord_stra": 5, "image_num": 655, "OWT": 3, "trend2": "increasing", "label": "River mouth 459"}, "geometry": {"type": "Point", "coordinates": [110.52053999982121, 19.144949999642847]}}, {"id": "449", "type": "Feature", "properties": {"ID": 460, "width_mean": 72.0, "slope": 6.4e-05, "uparea": 588.0100506760075, "trend": "no trend", "ave_flux": 0.00571989, "continent": "Asia", "ord_stra": 4, "image_num": 464, "OWT": 2, "trend2": "increasing", "label": "River mouth 460"}, "geometry": {"type": "Point", "coordinates": [120.62666887638647, 18.245703106544166]}}, {"id": "450", "type": "Feature", "properties": {"ID": 461, "width_mean": 97.0, "slope": 2.4e-05, "uparea": 747.5259669582824, "trend": "no trend", "ave_flux": 0.00265729, "continent": "Asia", "ord_stra": 4, "image_num": 208, "OWT": 2, "trend2": "no trend", "label": "River mouth 461"}, "geometry": {"type": "Point", "coordinates": [122.4204391977447, 17.038360763894516]}}, {"id": "451", "type": "Feature", "properties": {"ID": 462, "width_mean": 97.0, "slope": 0.0001, "uparea": 385.80301786919, "trend": "increasing", "ave_flux": 0.00429734, "continent": "Asia", "ord_stra": 4, "image_num": 550, "OWT": 3, "trend2": "increasing", "label": "River mouth 462"}, "geometry": {"type": "Point", "coordinates": [120.33409233320458, 16.516675635534952]}}, {"id": "452", "type": "Feature", "properties": {"ID": 463, "width_mean": 97.0, "slope": 0.000389, "uparea": 626.842383707374, "trend": "increasing", "ave_flux": 0.0202049, "continent": "Asia", "ord_stra": 4, "image_num": 837, "OWT": 4, "trend2": "increasing", "label": "River mouth 463"}, "geometry": {"type": "Point", "coordinates": [120.51624750862538, 16.872474288523982]}}, {"id": "453", "type": "Feature", "properties": {"ID": 464, "width_mean": 97.0, "slope": 0.000164, "uparea": 1261.70707894, "trend": "no trend", "ave_flux": 0.0133795, "continent": "Asia", "ord_stra": 5, "image_num": 477, "OWT": 3, "trend2": "increasing", "label": "River mouth 464"}, "geometry": {"type": "Point", "coordinates": [120.56728973962872, 18.202683290408864]}}, {"id": "454", "type": "Feature", "properties": {"ID": 465, "width_mean": 155.0, "slope": 0.000107, "uparea": 5688.45284638, "trend": "no trend", "ave_flux": 0.0263828, "continent": "Asia", "ord_stra": 6, "image_num": 888, "OWT": 3, "trend2": "no trend", "label": "River mouth 465"}, "geometry": {"type": "Point", "coordinates": [120.26912999984972, 16.01692000015794]}}, {"id": "455", "type": "Feature", "properties": {"ID": 466, "width_mean": 190.0, "slope": 0.000191, "uparea": 2340.84698159, "trend": "no trend", "ave_flux": 0.0246401, "continent": "Asia", "ord_stra": 5, "image_num": 373, "OWT": 1, "trend2": "no trend", "label": "River mouth 466"}, "geometry": {"type": "Point", "coordinates": [121.43181316039957, 18.419005416504362]}}, {"id": "456", "type": "Feature", "properties": {"ID": 467, "width_mean": 319.0, "slope": 0.000487, "uparea": 4812.92632857, "trend": "no trend", "ave_flux": 0.0465965, "continent": "Asia", "ord_stra": 6, "image_num": 475, "OWT": 3, "trend2": "no trend", "label": "River mouth 467"}, "geometry": {"type": "Point", "coordinates": [120.434100000115, 17.529040000295822]}}, {"id": "457", "type": "Feature", "properties": {"ID": 468, "width_mean": 747.0, "slope": 0.001711, "uparea": 27554.0129438, "trend": "no trend", "ave_flux": 0.173828, "continent": "Asia", "ord_stra": 7, "image_num": 384, "OWT": 1, "trend2": "no trend", "label": "River mouth 468"}, "geometry": {"type": "Point", "coordinates": [121.65225000013743, 18.297979999877157]}}, {"id": "458", "type": "Feature", "properties": {"ID": 469, "width_mean": 50.0, "slope": 1.6e-05, "uparea": 2186.0326994, "trend": "no trend", "ave_flux": 0.00155391, "continent": "North America", "ord_stra": 4, "image_num": 652, "OWT": 3, "trend2": "no trend", "label": "River mouth 469"}, "geometry": {"type": "Point", "coordinates": [-106.89584999957776, 23.904249999937576]}}, {"id": "459", "type": "Feature", "properties": {"ID": 470, "width_mean": 72.0, "slope": 0.000206, "uparea": 5586.94546227, "trend": "no trend", "ave_flux": 0.0144696, "continent": "North America", "ord_stra": 4, "image_num": 536, "OWT": 2, "trend2": "increasing", "label": "River mouth 470"}, "geometry": {"type": "Point", "coordinates": [-106.23763999998596, 23.173320000417732]}}, {"id": "460", "type": "Feature", "properties": {"ID": 471, "width_mean": 72.0, "slope": 0.000512, "uparea": 9779.58053588, "trend": "increasing", "ave_flux": 0.0214115, "continent": "North America", "ord_stra": 5, "image_num": 563, "OWT": 2, "trend2": "increasing", "label": "River mouth 471"}, "geometry": {"type": "Point", "coordinates": [-105.170722931175, 20.817788390112817]}}, {"id": "461", "type": "Feature", "properties": {"ID": 472, "width_mean": 72.0, "slope": 0.000283, "uparea": 6450.88430412, "trend": "no trend", "ave_flux": 0.0211664, "continent": "North America", "ord_stra": 4, "image_num": 690, "OWT": 2, "trend2": "increasing", "label": "River mouth 472"}, "geometry": {"type": "Point", "coordinates": [-106.76864000043565, 23.73592000030783]}}, {"id": "462", "type": "Feature", "properties": {"ID": 473, "width_mean": 97.0, "slope": 0.00041, "uparea": 4759.92020183, "trend": "increasing", "ave_flux": 0.0181223, "continent": "North America", "ord_stra": 4, "image_num": 546, "OWT": 3, "trend2": "increasing", "label": "River mouth 473"}, "geometry": {"type": "Point", "coordinates": [-105.96841000042116, 22.880659999559384]}}, {"id": "463", "type": "Feature", "properties": {"ID": 474, "width_mean": 97.0, "slope": 0.000533, "uparea": 25826.7833871, "trend": "increasing", "ave_flux": 0.0166074, "continent": "North America", "ord_stra": 6, "image_num": 1117, "OWT": 3, "trend2": "increasing", "label": "River mouth 474"}, "geometry": {"type": "Point", "coordinates": [-105.4877599998241, 21.793090000303323]}}, {"id": "464", "type": "Feature", "properties": {"ID": 475, "width_mean": 228.0, "slope": 0.001293, "uparea": 128431.964369, "trend": "increasing", "ave_flux": 0.0751866, "continent": "North America", "ord_stra": 6, "image_num": 1128, "OWT": 3, "trend2": "increasing", "label": "River mouth 475"}, "geometry": {"type": "Point", "coordinates": [-105.38543625937676, 21.67103593330413]}}, {"id": "465", "type": "Feature", "properties": {"ID": 476, "width_mean": 965.0, "slope": 2e-06, "uparea": 769.1223277851321, "trend": "no trend", "ave_flux": 0.000562, "continent": "North America", "ord_stra": 4, "image_num": 603, "OWT": 1, "trend2": "no trend", "label": "River mouth 476"}, "geometry": {"type": "Point", "coordinates": [-105.68378772985835, 22.611484337200253]}}, {"id": "466", "type": "Feature", "properties": {"ID": 477, "width_mean": 72.0, "slope": 0.000259, "uparea": 2529.33002307, "trend": "increasing", "ave_flux": 0.00879603, "continent": "North America", "ord_stra": 5, "image_num": 294, "OWT": 2, "trend2": "increasing", "label": "River mouth 477"}, "geometry": {"type": "Point", "coordinates": [-97.29226344705117, 20.704615286753572]}}, {"id": "467", "type": "Feature", "properties": {"ID": 478, "width_mean": 97.0, "slope": 0.000133, "uparea": 1770.5205079, "trend": "increasing", "ave_flux": 0.00796503, "continent": "North America", "ord_stra": 4, "image_num": 370, "OWT": 2, "trend2": "increasing", "label": "River mouth 478"}, "geometry": {"type": "Point", "coordinates": [-96.86415000022231, 20.187219999903107]}}, {"id": "468", "type": "Feature", "properties": {"ID": 479, "width_mean": 155.0, "slope": 0.000588, "uparea": 5101.79316217, "trend": "increasing", "ave_flux": 0.0154206, "continent": "North America", "ord_stra": 5, "image_num": 414, "OWT": 1, "trend2": "increasing", "label": "River mouth 479"}, "geometry": {"type": "Point", "coordinates": [-97.41426706485385, 20.940695740941578]}}, {"id": "469", "type": "Feature", "properties": {"ID": 480, "width_mean": 155.0, "slope": 0.0002, "uparea": 7016.28798333, "trend": "no trend", "ave_flux": 0.0417229, "continent": "North America", "ord_stra": 6, "image_num": 354, "OWT": 3, "trend2": "no trend", "label": "River mouth 480"}, "geometry": {"type": "Point", "coordinates": [-97.12009064987814, 20.43382257562402]}}, {"id": "470", "type": "Feature", "properties": {"ID": 481, "width_mean": 228.0, "slope": 0.00073, "uparea": 70137.7203762, "trend": "no trend", "ave_flux": 0.0488127, "continent": "North America", "ord_stra": 7, "image_num": 628, "OWT": 1, "trend2": "no trend", "label": "River mouth 481"}, "geometry": {"type": "Point", "coordinates": [-97.82563529125974, 22.24261890512295]}}, {"id": "471", "type": "Feature", "properties": {"ID": 482, "width_mean": 655.0, "slope": 0.000175, "uparea": 20481.7110875, "trend": "increasing", "ave_flux": 0.006776, "continent": "North America", "ord_stra": 6, "image_num": 678, "OWT": 1, "trend2": "increasing", "label": "River mouth 482"}, "geometry": {"type": "Point", "coordinates": [-97.79492999961974, 23.77724000012597]}}, {"id": "472", "type": "Feature", "properties": {"ID": 483, "width_mean": 50.0, "slope": 0.0, "uparea": 699.0907060135949, "trend": "no trend", "ave_flux": 0.000434655, "continent": "North America", "ord_stra": 4, "image_num": 526, "OWT": 2, "trend2": "no trend", "label": "River mouth 483"}, "geometry": {"type": "Point", "coordinates": [-80.32135999976413, 22.07346999964085]}}, {"id": "473", "type": "Feature", "properties": {"ID": 484, "width_mean": 50.0, "slope": 1.1e-05, "uparea": 1668.37038793, "trend": "no trend", "ave_flux": 0.000706514, "continent": "North America", "ord_stra": 4, "image_num": 514, "OWT": 2, "trend2": "no trend", "label": "River mouth 484"}, "geometry": {"type": "Point", "coordinates": [-79.815939999931, 21.854340000090986]}}, {"id": "474", "type": "Feature", "properties": {"ID": 485, "width_mean": 850.0, "slope": 8e-06, "uparea": 2196.38144165, "trend": "no trend", "ave_flux": 0.000559143, "continent": "North America", "ord_stra": 4, "image_num": 501, "OWT": 4, "trend2": "increasing", "label": "River mouth 485"}, "geometry": {"type": "Point", "coordinates": [-79.48946439126203, 21.687488197039166]}}, {"id": "475", "type": "Feature", "properties": {"ID": 486, "width_mean": 2829.0, "slope": 0.0, "uparea": 1193.98707686, "trend": "no trend", "ave_flux": 0.0002005, "continent": "North America", "ord_stra": 4, "image_num": 1118, "OWT": 3, "trend2": "no trend", "label": "River mouth 486"}, "geometry": {"type": "Point", "coordinates": [-80.56235199301727, 22.249854929442943]}}, {"id": "476", "type": "Feature", "properties": {"ID": 487, "width_mean": 97.0, "slope": 4.7e-05, "uparea": 9340.63116766, "trend": "no trend", "ave_flux": 0.00290571, "continent": "North America", "ord_stra": 5, "image_num": 591, "OWT": 3, "trend2": "increasing", "label": "River mouth 487"}, "geometry": {"type": "Point", "coordinates": [-77.07142490436951, 20.59187582888417]}}, {"id": "477", "type": "Feature", "properties": {"ID": 488, "width_mean": 72.0, "slope": 0.000126, "uparea": 586.4835245331712, "trend": "increasing", "ave_flux": 0.00210209, "continent": "Asia", "ord_stra": 4, "image_num": 443, "OWT": 4, "trend2": "increasing", "label": "River mouth 488"}, "geometry": {"type": "Point", "coordinates": [72.94213999996111, 20.413720000277863]}}, {"id": "478", "type": "Feature", "properties": {"ID": 489, "width_mean": 97.0, "slope": 0.000192, "uparea": 2643.82514872, "trend": "no trend", "ave_flux": 0.0132313, "continent": "Asia", "ord_stra": 5, "image_num": 434, "OWT": 2, "trend2": "increasing", "label": "River mouth 489"}, "geometry": {"type": "Point", "coordinates": [72.97324567181442, 20.79086782126539]}}, {"id": "479", "type": "Feature", "properties": {"ID": 490, "width_mean": 124.0, "slope": 0.000182, "uparea": 712.9530677117026, "trend": "increasing", "ave_flux": 0.00451875, "continent": "Asia", "ord_stra": 4, "image_num": 443, "OWT": 2, "trend2": "increasing", "label": "River mouth 490"}, "geometry": {"type": "Point", "coordinates": [72.95263056310395, 20.605382037512605]}}, {"id": "480", "type": "Feature", "properties": {"ID": 491, "width_mean": 124.0, "slope": 0.00033, "uparea": 1401.87880796, "trend": "increasing", "ave_flux": 0.0058625, "continent": "Asia", "ord_stra": 4, "image_num": 445, "OWT": 2, "trend2": "increasing", "label": "River mouth 491"}, "geometry": {"type": "Point", "coordinates": [72.95506006223121, 20.53281927791617]}}, {"id": "481", "type": "Feature", "properties": {"ID": 492, "width_mean": 155.0, "slope": 0.001537, "uparea": 27713.9475522, "trend": "increasing", "ave_flux": 0.0403997, "continent": "Asia", "ord_stra": 6, "image_num": 1033, "OWT": 2, "trend2": "increasing", "label": "River mouth 492"}, "geometry": {"type": "Point", "coordinates": [72.38703837802701, 22.389455603924368]}}, {"id": "482", "type": "Feature", "properties": {"ID": 493, "width_mean": 190.0, "slope": 0.000485, "uparea": 2269.28632859, "trend": "increasing", "ave_flux": 0.0101577, "continent": "Asia", "ord_stra": 5, "image_num": 441, "OWT": 2, "trend2": "increasing", "label": "River mouth 493"}, "geometry": {"type": "Point", "coordinates": [72.87801903417707, 20.374470478377685]}}, {"id": "483", "type": "Feature", "properties": {"ID": 494, "width_mean": 432.0, "slope": 0.001562, "uparea": 33575.3248666, "trend": "increasing", "ave_flux": 0.0534714, "continent": "Asia", "ord_stra": 6, "image_num": 469, "OWT": 2, "trend2": "increasing", "label": "River mouth 494"}, "geometry": {"type": "Point", "coordinates": [72.90830613144003, 22.284016213680616]}}, {"id": "484", "type": "Feature", "properties": {"ID": 495, "width_mean": 432.0, "slope": 0.010682, "uparea": 94591.836265, "trend": "increasing", "ave_flux": 0.291958, "continent": "Asia", "ord_stra": 7, "image_num": 478, "OWT": 3, "trend2": "increasing", "label": "River mouth 495"}, "geometry": {"type": "Point", "coordinates": [72.93537521966351, 21.6745670454142]}}, {"id": "485", "type": "Feature", "properties": {"ID": 496, "width_mean": 850.0, "slope": 0.002908, "uparea": 63595.5314732, "trend": "increasing", "ave_flux": 0.0936863, "continent": "Asia", "ord_stra": 6, "image_num": 454, "OWT": 2, "trend2": "increasing", "label": "River mouth 496"}, "geometry": {"type": "Point", "coordinates": [72.8103103335522, 21.190077421596655]}}, {"id": "486", "type": "Feature", "properties": {"ID": 497, "width_mean": 72.0, "slope": 0.000147, "uparea": 1578.9512022, "trend": "increasing", "ave_flux": 0.00652106, "continent": "Asia", "ord_stra": 4, "image_num": 507, "OWT": 3, "trend2": "increasing", "label": "River mouth 497"}, "geometry": {"type": "Point", "coordinates": [87.06819999993013, 21.584409999721743]}}, {"id": "487", "type": "Feature", "properties": {"ID": 498, "width_mean": 155.0, "slope": 0.000529, "uparea": 4456.51906679, "trend": "increasing", "ave_flux": 0.0204103, "continent": "Asia", "ord_stra": 5, "image_num": 514, "OWT": 3, "trend2": "increasing", "label": "River mouth 498"}, "geometry": {"type": "Point", "coordinates": [87.00814459967839, 21.489720146740446]}}, {"id": "488", "type": "Feature", "properties": {"ID": 499, "width_mean": 190.0, "slope": 8.8e-05, "uparea": 978.323255711082, "trend": "increasing", "ave_flux": 0.00439891, "continent": "Asia", "ord_stra": 4, "image_num": 987, "OWT": 2, "trend2": "increasing", "label": "River mouth 499"}, "geometry": {"type": "Point", "coordinates": [87.85697000026533, 21.87004999970776]}}, {"id": "489", "type": "Feature", "properties": {"ID": 500, "width_mean": 271.0, "slope": 0.002489, "uparea": 46923.4368106, "trend": "increasing", "ave_flux": 0.133671, "continent": "Asia", "ord_stra": 6, "image_num": 444, "OWT": 3, "trend2": "increasing", "label": "River mouth 500"}, "geometry": {"type": "Point", "coordinates": [86.69317000019544, 20.68503000043421]}}, {"id": "490", "type": "Feature", "properties": {"ID": 501, "width_mean": 372.0, "slope": 0.001047, "uparea": 18430.1410958, "trend": "increasing", "ave_flux": 0.0448618, "continent": "Asia", "ord_stra": 6, "image_num": 464, "OWT": 3, "trend2": "increasing", "label": "River mouth 501"}, "geometry": {"type": "Point", "coordinates": [87.28313000004954, 21.679590000278324]}}, {"id": "491", "type": "Feature", "properties": {"ID": 502, "width_mean": 498.0, "slope": 2.3e-05, "uparea": 458.5041057060287, "trend": "no trend", "ave_flux": 0.00113347, "continent": "Asia", "ord_stra": 4, "image_num": 385, "OWT": 3, "trend2": "increasing", "label": "River mouth 502"}, "geometry": {"type": "Point", "coordinates": [86.20286999975076, 20.04997000001555]}}, {"id": "492", "type": "Feature", "properties": {"ID": 503, "width_mean": 1094.0, "slope": 0.010303, "uparea": 132412.711128, "trend": "increasing", "ave_flux": 0.401129, "continent": "Asia", "ord_stra": 7, "image_num": 895, "OWT": 3, "trend2": "increasing", "label": "River mouth 503"}, "geometry": {"type": "Point", "coordinates": [85.83315872319525, 20.50132338319717]}}, {"id": "493", "type": "Feature", "properties": {"ID": 504, "width_mean": 1237.0, "slope": 1.8e-05, "uparea": 858.261907890258, "trend": "no trend", "ave_flux": 0.0048666, "continent": "Asia", "ord_stra": 4, "image_num": 534, "OWT": 1, "trend2": "no trend", "label": "River mouth 504"}, "geometry": {"type": "Point", "coordinates": [89.04243412287396, 21.828224583489966]}}, {"id": "494", "type": "Feature", "properties": {"ID": 505, "width_mean": 1397.0, "slope": 0.000405, "uparea": 2569.98130007, "trend": "increasing", "ave_flux": 0.0178307, "continent": "Asia", "ord_stra": 4, "image_num": 1025, "OWT": 1, "trend2": "increasing", "label": "River mouth 505"}, "geometry": {"type": "Point", "coordinates": [89.29842974023339, 22.081190867701142]}}, {"id": "495", "type": "Feature", "properties": {"ID": 506, "width_mean": 1575.0, "slope": 0.00042, "uparea": 2688.13075084, "trend": "increasing", "ave_flux": 0.0147495, "continent": "Asia", "ord_stra": 4, "image_num": 1008, "OWT": 1, "trend2": "increasing", "label": "River mouth 506"}, "geometry": {"type": "Point", "coordinates": [89.47761530386016, 22.28502101516716]}}, {"id": "496", "type": "Feature", "properties": {"ID": 507, "width_mean": 1774.0, "slope": 0.00043, "uparea": 1511.80945199, "trend": "increasing", "ave_flux": 0.0171885, "continent": "Asia", "ord_stra": 4, "image_num": 460, "OWT": 1, "trend2": "increasing", "label": "River mouth 507"}, "geometry": {"type": "Point", "coordinates": [89.98303615304388, 22.010304085099794]}}, {"id": "497", "type": "Feature", "properties": {"ID": 508, "width_mean": 2520.0, "slope": 0.000272, "uparea": 5858.30958214, "trend": "increasing", "ave_flux": 0.0192447, "continent": "Asia", "ord_stra": 4, "image_num": 731, "OWT": 1, "trend2": "increasing", "label": "River mouth 508"}, "geometry": {"type": "Point", "coordinates": [89.08633275157064, 21.870708789806407]}}, {"id": "498", "type": "Feature", "properties": {"ID": 509, "width_mean": 2829.0, "slope": 0.000563, "uparea": 6772.77604219, "trend": "no trend", "ave_flux": 0.0427156, "continent": "Asia", "ord_stra": 4, "image_num": 557, "OWT": 1, "trend2": "increasing", "label": "River mouth 509"}, "geometry": {"type": "Point", "coordinates": [89.87889643959502, 22.20199165338021]}}, {"id": "499", "type": "Feature", "properties": {"ID": 510, "width_mean": 4466.0, "slope": 0.00318, "uparea": 71594.1795654, "trend": "increasing", "ave_flux": 0.212994, "continent": "Asia", "ord_stra": 4, "image_num": 531, "OWT": 1, "trend2": "increasing", "label": "River mouth 510"}, "geometry": {"type": "Point", "coordinates": [88.18533559531517, 22.050636193550268]}}, {"id": "500", "type": "Feature", "properties": {"ID": 511, "width_mean": 5000.0, "slope": 9.2e-05, "uparea": 3074.75041282, "trend": "no trend", "ave_flux": 0.00862891, "continent": "Asia", "ord_stra": 4, "image_num": 529, "OWT": 1, "trend2": "no trend", "label": "River mouth 511"}, "geometry": {"type": "Point", "coordinates": [88.67313878869355, 21.84921128526222]}}, {"id": "501", "type": "Feature", "properties": {"ID": 512, "width_mean": 5000.0, "slope": 0.001456, "uparea": 12441.7777283, "trend": "increasing", "ave_flux": 0.0631586, "continent": "Asia", "ord_stra": 4, "image_num": 727, "OWT": 1, "trend2": "increasing", "label": "River mouth 512"}, "geometry": {"type": "Point", "coordinates": [89.52317621970076, 21.904282302442603]}}, {"id": "502", "type": "Feature", "properties": {"ID": 513, "width_mean": 72.0, "slope": 4.5e-05, "uparea": 308.4052743884191, "trend": "increasing", "ave_flux": 0.00202117, "continent": "Asia", "ord_stra": 4, "image_num": 902, "OWT": 2, "trend2": "increasing", "label": "River mouth 513"}, "geometry": {"type": "Point", "coordinates": [92.08768389761723, 21.416476216212196]}}, {"id": "503", "type": "Feature", "properties": {"ID": 514, "width_mean": 155.0, "slope": 0.000112, "uparea": 443.13016885089587, "trend": "increasing", "ave_flux": 0.0038058, "continent": "Asia", "ord_stra": 4, "image_num": 971, "OWT": 2, "trend2": "increasing", "label": "River mouth 514"}, "geometry": {"type": "Point", "coordinates": [93.60596388928668, 20.042903217371997]}}, {"id": "504", "type": "Feature", "properties": {"ID": 515, "width_mean": 155.0, "slope": 0.000244, "uparea": 741.9375319966383, "trend": "increasing", "ave_flux": 0.0101619, "continent": "Asia", "ord_stra": 5, "image_num": 843, "OWT": 2, "trend2": "increasing", "label": "River mouth 515"}, "geometry": {"type": "Point", "coordinates": [92.13588128672271, 21.76329761511072]}}, {"id": "505", "type": "Feature", "properties": {"ID": 516, "width_mean": 190.0, "slope": 0.000614, "uparea": 1485.47212489, "trend": "increasing", "ave_flux": 0.0300723, "continent": "Asia", "ord_stra": 5, "image_num": 786, "OWT": 2, "trend2": "increasing", "label": "River mouth 516"}, "geometry": {"type": "Point", "coordinates": [91.34563999958635, 22.93378999990864]}}, {"id": "506", "type": "Feature", "properties": {"ID": 517, "width_mean": 372.0, "slope": 0.00045, "uparea": 2499.32234905, "trend": "increasing", "ave_flux": 0.0158767, "continent": "Asia", "ord_stra": 5, "image_num": 507, "OWT": 3, "trend2": "increasing", "label": "River mouth 517"}, "geometry": {"type": "Point", "coordinates": [91.46702151062007, 22.877465887753672]}}, {"id": "507", "type": "Feature", "properties": {"ID": 518, "width_mean": 372.0, "slope": 0.00069, "uparea": 3060.08480107, "trend": "increasing", "ave_flux": 0.0349015, "continent": "Asia", "ord_stra": 6, "image_num": 507, "OWT": 3, "trend2": "increasing", "label": "River mouth 518"}, "geometry": {"type": "Point", "coordinates": [91.92988999962387, 22.17029000028333]}}, {"id": "508", "type": "Feature", "properties": {"ID": 519, "width_mean": 655.0, "slope": 0.005135, "uparea": 21212.4176624, "trend": "increasing", "ave_flux": 0.142123, "continent": "Asia", "ord_stra": 6, "image_num": 545, "OWT": 3, "trend2": "increasing", "label": "River mouth 519"}, "geometry": {"type": "Point", "coordinates": [93.00442000008297, 20.711189999918588]}}, {"id": "509", "type": "Feature", "properties": {"ID": 520, "width_mean": 747.0, "slope": 0.001671, "uparea": 8629.49411322, "trend": "increasing", "ave_flux": 0.0648337, "continent": "Asia", "ord_stra": 6, "image_num": 520, "OWT": 1, "trend2": "increasing", "label": "River mouth 520"}, "geometry": {"type": "Point", "coordinates": [93.3060460244032, 20.449215034560098]}}, {"id": "510", "type": "Feature", "properties": {"ID": 521, "width_mean": 850.0, "slope": 0.001753, "uparea": 12512.4114514, "trend": "increasing", "ave_flux": 0.0718201, "continent": "Asia", "ord_stra": 6, "image_num": 552, "OWT": 3, "trend2": "increasing", "label": "River mouth 521"}, "geometry": {"type": "Point", "coordinates": [91.84492732041929, 22.324091737168644]}}, {"id": "511", "type": "Feature", "properties": {"ID": 522, "width_mean": 850.0, "slope": 0.00032, "uparea": 2030.53818409, "trend": "increasing", "ave_flux": 0.0173927, "continent": "Asia", "ord_stra": 5, "image_num": 486, "OWT": 1, "trend2": "increasing", "label": "River mouth 522"}, "geometry": {"type": "Point", "coordinates": [92.71742138418615, 20.578653207766656]}}, {"id": "512", "type": "Feature", "properties": {"ID": 523, "width_mean": 4466.0, "slope": 0.000121, "uparea": 1297.63480309, "trend": "no trend", "ave_flux": 0.0134919, "continent": "Asia", "ord_stra": 4, "image_num": 560, "OWT": 1, "trend2": "no trend", "label": "River mouth 523"}, "geometry": {"type": "Point", "coordinates": [90.65857618295323, 22.40607751037887]}}, {"id": "513", "type": "Feature", "properties": {"ID": 524, "width_mean": 5000.0, "slope": 0.078922, "uparea": 1574545.57444, "trend": "no trend", "ave_flux": 10.973, "continent": "Asia", "ord_stra": 9, "image_num": 1042, "OWT": 1, "trend2": "increasing", "label": "River mouth 524"}, "geometry": {"type": "Point", "coordinates": [90.19137641934987, 23.477703651837352]}}, {"id": "514", "type": "Feature", "properties": {"ID": 526, "width_mean": 372.0, "slope": 0.00021, "uparea": 5938.19673033, "trend": "no trend", "ave_flux": 0.0315585, "continent": "Asia", "ord_stra": 6, "image_num": 328, "OWT": 3, "trend2": "no trend", "label": "River mouth 526"}, "geometry": {"type": "Point", "coordinates": [106.11317428682173, 20.03316708112694]}}, {"id": "515", "type": "Feature", "properties": {"ID": 527, "width_mean": 432.0, "slope": -0.000126, "uparea": 16051.5670904, "trend": "no trend", "ave_flux": 0.0663623, "continent": "Asia", "ord_stra": 6, "image_num": 330, "OWT": 3, "trend2": "no trend", "label": "River mouth 527"}, "geometry": {"type": "Point", "coordinates": [106.64950469029628, 20.702703133065633]}}, {"id": "516", "type": "Feature", "properties": {"ID": 528, "width_mean": 432.0, "slope": -0.0245, "uparea": 138867.638743, "trend": "decreasing", "ave_flux": 0.768955, "continent": "Asia", "ord_stra": 8, "image_num": 320, "OWT": 3, "trend2": "decreasing", "label": "River mouth 528"}, "geometry": {"type": "Point", "coordinates": [106.49631866624766, 20.307299300409472]}}, {"id": "517", "type": "Feature", "properties": {"ID": 529, "width_mean": 432.0, "slope": -6e-06, "uparea": 548.404292152778, "trend": "no trend", "ave_flux": 0.00209889, "continent": "Asia", "ord_stra": 4, "image_num": 389, "OWT": 3, "trend2": "no trend", "label": "River mouth 529"}, "geometry": {"type": "Point", "coordinates": [106.72142999989467, 20.996869999950604]}}, {"id": "518", "type": "Feature", "properties": {"ID": 530, "width_mean": 97.0, "slope": 0.000336, "uparea": 6637.22805322, "trend": "no trend", "ave_flux": 0.036828, "continent": "Asia", "ord_stra": 6, "image_num": 770, "OWT": 3, "trend2": "no trend", "label": "River mouth 530"}, "geometry": {"type": "Point", "coordinates": [110.79323772321523, 21.44055619994232]}}, {"id": "519", "type": "Feature", "properties": {"ID": 531, "width_mean": 155.0, "slope": 1e-05, "uparea": 508.9897426377598, "trend": "no trend", "ave_flux": 0.00289994, "continent": "Asia", "ord_stra": 4, "image_num": 364, "OWT": 3, "trend2": "no trend", "label": "River mouth 531"}, "geometry": {"type": "Point", "coordinates": [108.3380120277542, 21.71659095800027]}}, {"id": "520", "type": "Feature", "properties": {"ID": 532, "width_mean": 190.0, "slope": 9.1e-05, "uparea": 2167.63762243, "trend": "no trend", "ave_flux": 0.00807509, "continent": "Asia", "ord_stra": 4, "image_num": 377, "OWT": 3, "trend2": "no trend", "label": "River mouth 532"}, "geometry": {"type": "Point", "coordinates": [108.60926862441922, 21.93297443857749]}}, {"id": "521", "type": "Feature", "properties": {"ID": 533, "width_mean": 228.0, "slope": 0.00035, "uparea": 6637.22805322, "trend": "increasing", "ave_flux": 0.0307816, "continent": "Asia", "ord_stra": 6, "image_num": 714, "OWT": 3, "trend2": "increasing", "label": "River mouth 533"}, "geometry": {"type": "Point", "coordinates": [110.7415413314967, 21.468054790629665]}}, {"id": "522", "type": "Feature", "properties": {"ID": 534, "width_mean": 228.0, "slope": 0.000225, "uparea": 4882.11607118, "trend": "no trend", "ave_flux": 0.0167621, "continent": "Asia", "ord_stra": 4, "image_num": 393, "OWT": 3, "trend2": "increasing", "label": "River mouth 534"}, "geometry": {"type": "Point", "coordinates": [112.06540823031546, 21.90063074292194]}}, {"id": "523", "type": "Feature", "properties": {"ID": 535, "width_mean": 228.0, "slope": 2.3e-05, "uparea": 1137.37670949, "trend": "no trend", "ave_flux": 0.00220037, "continent": "Asia", "ord_stra": 4, "image_num": 395, "OWT": 1, "trend2": "no trend", "label": "River mouth 535"}, "geometry": {"type": "Point", "coordinates": [108.81661000005153, 21.81013000009949]}}, {"id": "524", "type": "Feature", "properties": {"ID": 536, "width_mean": 271.0, "slope": 0.000106, "uparea": 4397.16380128, "trend": "no trend", "ave_flux": 0.0145203, "continent": "Asia", "ord_stra": 6, "image_num": 367, "OWT": 3, "trend2": "no trend", "label": "River mouth 536"}, "geometry": {"type": "Point", "coordinates": [111.92533000027936, 21.890549999882637]}}, {"id": "525", "type": "Feature", "properties": {"ID": 537, "width_mean": 271.0, "slope": 6.5e-05, "uparea": 1093.6209001, "trend": "no trend", "ave_flux": 0.00817606, "continent": "Asia", "ord_stra": 4, "image_num": 490, "OWT": 1, "trend2": "no trend", "label": "River mouth 537"}, "geometry": {"type": "Point", "coordinates": [110.1570936260982, 20.857167707930326]}}, {"id": "526", "type": "Feature", "properties": {"ID": 538, "width_mean": 372.0, "slope": 0.000159, "uparea": 3218.16407874, "trend": "no trend", "ave_flux": 0.0127303, "continent": "Asia", "ord_stra": 5, "image_num": 416, "OWT": 3, "trend2": "no trend", "label": "River mouth 538"}, "geometry": {"type": "Point", "coordinates": [109.96700894966241, 21.481800533752917]}}, {"id": "527", "type": "Feature", "properties": {"ID": 539, "width_mean": 372.0, "slope": 0.000161, "uparea": 8502.88379811, "trend": "no trend", "ave_flux": 0.0276866, "continent": "Asia", "ord_stra": 5, "image_num": 400, "OWT": 3, "trend2": "no trend", "label": "River mouth 539"}, "geometry": {"type": "Point", "coordinates": [109.06772630834485, 21.643805067040756]}}, {"id": "528", "type": "Feature", "properties": {"ID": 540, "width_mean": 498.0, "slope": 1.2e-05, "uparea": 2772.80449705, "trend": "no trend", "ave_flux": 0.00852837, "continent": "Asia", "ord_stra": 6, "image_num": 377, "OWT": 3, "trend2": "no trend", "label": "River mouth 540"}, "geometry": {"type": "Point", "coordinates": [108.46553244228758, 21.882014098703188]}}, {"id": "529", "type": "Feature", "properties": {"ID": 541, "width_mean": 655.0, "slope": 0.000225, "uparea": 6934.3034609, "trend": "no trend", "ave_flux": 0.0213657, "continent": "Asia", "ord_stra": 5, "image_num": 754, "OWT": 1, "trend2": "no trend", "label": "River mouth 541"}, "geometry": {"type": "Point", "coordinates": [110.38188953527862, 20.034571048551964]}}, {"id": "530", "type": "Feature", "properties": {"ID": 542, "width_mean": 655.0, "slope": -0.041493, "uparea": 378327.725977, "trend": "decreasing", "ave_flux": 1.58863, "continent": "Asia", "ord_stra": 8, "image_num": 463, "OWT": 1, "trend2": "decreasing", "label": "River mouth 542"}, "geometry": {"type": "Point", "coordinates": [113.15380962763207, 22.59943472967568]}}, {"id": "531", "type": "Feature", "properties": {"ID": 543, "width_mean": 965.0, "slope": 1.1e-05, "uparea": 391.92510076582397, "trend": "no trend", "ave_flux": 0.00180734, "continent": "Asia", "ord_stra": 4, "image_num": 707, "OWT": 1, "trend2": "no trend", "label": "River mouth 543"}, "geometry": {"type": "Point", "coordinates": [110.62550076130157, 21.30352018407349]}}, {"id": "532", "type": "Feature", "properties": {"ID": 544, "width_mean": 965.0, "slope": -0.000432, "uparea": 5192.82308039, "trend": "decreasing", "ave_flux": 0.0170529, "continent": "Asia", "ord_stra": 4, "image_num": 495, "OWT": 1, "trend2": "decreasing", "label": "River mouth 544"}, "geometry": {"type": "Point", "coordinates": [113.07182547655947, 22.327914429226322]}}, {"id": "533", "type": "Feature", "properties": {"ID": 545, "width_mean": 3174.0, "slope": -0.002301, "uparea": 38259.9423668, "trend": "decreasing", "ave_flux": 0.0805837, "continent": "Asia", "ord_stra": 4, "image_num": 427, "OWT": 1, "trend2": "decreasing", "label": "River mouth 545"}, "geometry": {"type": "Point", "coordinates": [113.59900849943709, 22.809185965933004]}}, {"id": "534", "type": "Feature", "properties": {"ID": 546, "width_mean": 97.0, "slope": 1.7e-05, "uparea": 986.038313368002, "trend": "no trend", "ave_flux": 0.00526674, "continent": "Asia", "ord_stra": 4, "image_num": 484, "OWT": 1, "trend2": "no trend", "label": "River mouth 546"}, "geometry": {"type": "Point", "coordinates": [116.17775167863137, 22.98158641383136]}}, {"id": "535", "type": "Feature", "properties": {"ID": 547, "width_mean": 155.0, "slope": 3e-05, "uparea": 1125.02439165, "trend": "no trend", "ave_flux": 0.00291454, "continent": "Asia", "ord_stra": 4, "image_num": 624, "OWT": 1, "trend2": "no trend", "label": "River mouth 547"}, "geometry": {"type": "Point", "coordinates": [115.61330625930026, 22.92717764293942]}}, {"id": "536", "type": "Feature", "properties": {"ID": 548, "width_mean": 155.0, "slope": -8e-06, "uparea": 1055.70738099, "trend": "no trend", "ave_flux": 0.00592309, "continent": "Asia", "ord_stra": 4, "image_num": 542, "OWT": 3, "trend2": "no trend", "label": "River mouth 548"}, "geometry": {"type": "Point", "coordinates": [116.97854230947272, 23.69498226910631]}}, {"id": "537", "type": "Feature", "properties": {"ID": 549, "width_mean": 228.0, "slope": -7.4e-05, "uparea": 734.1356824762026, "trend": "decreasing", "ave_flux": 0.00245034, "continent": "Asia", "ord_stra": 4, "image_num": 522, "OWT": 3, "trend2": "decreasing", "label": "River mouth 549"}, "geometry": {"type": "Point", "coordinates": [117.18888393030554, 23.706080966195394]}}, {"id": "538", "type": "Feature", "properties": {"ID": 550, "width_mean": 372.0, "slope": -1.9e-05, "uparea": 351.9697069009709, "trend": "decreasing", "ave_flux": 0.00110478, "continent": "Asia", "ord_stra": 4, "image_num": 1008, "OWT": 1, "trend2": "decreasing", "label": "River mouth 550"}, "geometry": {"type": "Point", "coordinates": [115.71876621190188, 22.92763000985718]}}, {"id": "539", "type": "Feature", "properties": {"ID": 551, "width_mean": 432.0, "slope": -0.00325, "uparea": 29245.055438, "trend": "decreasing", "ave_flux": 0.100165, "continent": "Asia", "ord_stra": 6, "image_num": 489, "OWT": 1, "trend2": "decreasing", "label": "River mouth 551"}, "geometry": {"type": "Point", "coordinates": [116.76622780697465, 23.446168436030476]}}, {"id": "540", "type": "Feature", "properties": {"ID": 552, "width_mean": 747.0, "slope": -1e-05, "uparea": 614.635845718066, "trend": "no trend", "ave_flux": 0.00122294, "continent": "Asia", "ord_stra": 4, "image_num": 537, "OWT": 1, "trend2": "decreasing", "label": "River mouth 552"}, "geometry": {"type": "Point", "coordinates": [115.28878124709802, 22.85784390430923]}}, {"id": "541", "type": "Feature", "properties": {"ID": 553, "width_mean": 1397.0, "slope": 8.9e-05, "uparea": 1528.94987222, "trend": "no trend", "ave_flux": 0.0111151, "continent": "Asia", "ord_stra": 5, "image_num": 444, "OWT": 1, "trend2": "no trend", "label": "River mouth 553"}, "geometry": {"type": "Point", "coordinates": [116.48118907880766, 23.472696306921478]}}, {"id": "542", "type": "Feature", "properties": {"ID": 554, "width_mean": 124.0, "slope": 0.00059, "uparea": 1586.34797003, "trend": "increasing", "ave_flux": 0.0327049, "continent": "Asia", "ord_stra": 5, "image_num": 396, "OWT": 4, "trend2": "increasing", "label": "River mouth 554"}, "geometry": {"type": "Point", "coordinates": [121.13512478082296, 22.83679785091264]}}, {"id": "543", "type": "Feature", "properties": {"ID": 555, "width_mean": 124.0, "slope": 0.000808, "uparea": 1790.93131939, "trend": "increasing", "ave_flux": 0.0377336, "continent": "Asia", "ord_stra": 4, "image_num": 407, "OWT": 2, "trend2": "increasing", "label": "River mouth 555"}, "geometry": {"type": "Point", "coordinates": [121.47102999963488, 23.484090000053527]}}, {"id": "544", "type": "Feature", "properties": {"ID": 556, "width_mean": 124.0, "slope": 0.000591, "uparea": 1509.90414462, "trend": "increasing", "ave_flux": 0.0443272, "continent": "Asia", "ord_stra": 4, "image_num": 382, "OWT": 4, "trend2": "increasing", "label": "River mouth 556"}, "geometry": {"type": "Point", "coordinates": [121.55153045490461, 23.87287010048528]}}, {"id": "545", "type": "Feature", "properties": {"ID": 557, "width_mean": 228.0, "slope": 0.000665, "uparea": 3005.10004159, "trend": "increasing", "ave_flux": 0.0633093, "continent": "Asia", "ord_stra": 5, "image_num": 513, "OWT": 4, "trend2": "increasing", "label": "River mouth 557"}, "geometry": {"type": "Point", "coordinates": [120.3334762857341, 23.82320207814486]}}, {"id": "546", "type": "Feature", "properties": {"ID": 558, "width_mean": 372.0, "slope": 0.001385, "uparea": 3178.84275042, "trend": "increasing", "ave_flux": 0.0577293, "continent": "Asia", "ord_stra": 5, "image_num": 1012, "OWT": 3, "trend2": "increasing", "label": "River mouth 558"}, "geometry": {"type": "Point", "coordinates": [120.44280430764411, 22.55919698140836]}}, {"id": "547", "type": "Feature", "properties": {"ID": 559, "width_mean": 50.0, "slope": 8.7e-05, "uparea": 10302.5282826, "trend": "no trend", "ave_flux": 0.00862869, "continent": "North America", "ord_stra": 5, "image_num": 694, "OWT": 3, "trend2": "no trend", "label": "River mouth 559"}, "geometry": {"type": "Point", "coordinates": [-108.46830000024477, 25.298919999558393]}}, {"id": "548", "type": "Feature", "properties": {"ID": 560, "width_mean": 50.0, "slope": 0.000509, "uparea": 71551.7224574, "trend": "increasing", "ave_flux": 0.0271472, "continent": "North America", "ord_stra": 4, "image_num": 1260, "OWT": 4, "trend2": "increasing", "label": "River mouth 560"}, "geometry": {"type": "Point", "coordinates": [-109.99879000035821, 27.4380700003303]}}, {"id": "549", "type": "Feature", "properties": {"ID": 561, "width_mean": 372.0, "slope": 0.000102, "uparea": 34223.7450228, "trend": "no trend", "ave_flux": 0.0236973, "continent": "North America", "ord_stra": 6, "image_num": 803, "OWT": 3, "trend2": "no trend", "label": "River mouth 561"}, "geometry": {"type": "Point", "coordinates": [-109.32292999981962, 25.878259999799184]}}, {"id": "550", "type": "Feature", "properties": {"ID": 562, "width_mean": 72.0, "slope": 0.000283, "uparea": 16098.6900759, "trend": "no trend", "ave_flux": 0.0234611, "continent": "North America", "ord_stra": 6, "image_num": 1231, "OWT": 3, "trend2": "no trend", "label": "River mouth 562"}, "geometry": {"type": "Point", "coordinates": [-107.69705000025726, 24.574599999990085]}}, {"id": "551", "type": "Feature", "properties": {"ID": 563, "width_mean": 124.0, "slope": -4e-06, "uparea": 9773.6775805, "trend": "no trend", "ave_flux": 0.0105529, "continent": "North America", "ord_stra": 5, "image_num": 608, "OWT": 3, "trend2": "no trend", "label": "River mouth 563"}, "geometry": {"type": "Point", "coordinates": [-107.36084670830616, 24.304901824278218]}}, {"id": "552", "type": "Feature", "properties": {"ID": 564, "width_mean": 1996.0, "slope": 0.0, "uparea": 2298.60832631, "trend": "no trend", "ave_flux": 0.00157317, "continent": "North America", "ord_stra": 4, "image_num": 852, "OWT": 2, "trend2": "no trend", "label": "River mouth 564"}, "geometry": {"type": "Point", "coordinates": [-81.90180143039363, 26.611782701471473]}}, {"id": "553", "type": "Feature", "properties": {"ID": 565, "width_mean": 97.0, "slope": 0.0, "uparea": 34071.0532446, "trend": "no trend", "ave_flux": 0.000437103, "continent": "Asia", "ord_stra": 6, "image_num": 194, "OWT": 2, "trend2": "no trend", "label": "River mouth 565"}, "geometry": {"type": "Point", "coordinates": [65.54591803202965, 25.424259209979923]}}, {"id": "554", "type": "Feature", "properties": {"ID": 566, "width_mean": 372.0, "slope": 0.005807, "uparea": 836932.215797, "trend": "no trend", "ave_flux": 1.07794, "continent": "Asia", "ord_stra": 8, "image_num": 589, "OWT": 1, "trend2": "no trend", "label": "River mouth 566"}, "geometry": {"type": "Point", "coordinates": [67.67297390842113, 24.16224494384373]}}, {"id": "555", "type": "Feature", "properties": {"ID": 567, "width_mean": 432.0, "slope": 0.0, "uparea": 414.4217828003515, "trend": "no trend", "ave_flux": 0.000186308, "continent": "Asia", "ord_stra": 4, "image_num": 628, "OWT": 3, "trend2": "no trend", "label": "River mouth 567"}, "geometry": {"type": "Point", "coordinates": [67.92861999981318, 24.153880000361767]}}, {"id": "556", "type": "Feature", "properties": {"ID": 568, "width_mean": 432.0, "slope": 0.0, "uparea": 645.8262369000893, "trend": "no trend", "ave_flux": 0.000292211, "continent": "Asia", "ord_stra": 4, "image_num": 1238, "OWT": 3, "trend2": "decreasing", "label": "River mouth 568"}, "geometry": {"type": "Point", "coordinates": [68.19548894364952, 24.158827963012616]}}, {"id": "557", "type": "Feature", "properties": {"ID": 569, "width_mean": 655.0, "slope": 0.000833, "uparea": 345695.753184, "trend": "increasing", "ave_flux": 0.0280898, "continent": "Asia", "ord_stra": 7, "image_num": 611, "OWT": 3, "trend2": "increasing", "label": "River mouth 569"}, "geometry": {"type": "Point", "coordinates": [68.87867941007832, 24.055998521022918]}}, {"id": "558", "type": "Feature", "properties": {"ID": 570, "width_mean": 655.0, "slope": 0.0, "uparea": 4443.33962892, "trend": "no trend", "ave_flux": 0.00024248, "continent": "Asia", "ord_stra": 4, "image_num": 844, "OWT": 3, "trend2": "no trend", "label": "River mouth 570"}, "geometry": {"type": "Point", "coordinates": [68.39466192760925, 24.081002384007412]}}, {"id": "559", "type": "Feature", "properties": {"ID": 571, "width_mean": 124.0, "slope": 0.000171, "uparea": 2521.20278419, "trend": "no trend", "ave_flux": 0.0163981, "continent": "Asia", "ord_stra": 4, "image_num": 822, "OWT": 3, "trend2": "increasing", "label": "River mouth 571"}, "geometry": {"type": "Point", "coordinates": [119.57122765081945, 26.22302745511815]}}, {"id": "560", "type": "Feature", "properties": {"ID": 572, "width_mean": 124.0, "slope": 0.0, "uparea": 1613.59675645, "trend": "no trend", "ave_flux": 0.00933577, "continent": "Asia", "ord_stra": 4, "image_num": 401, "OWT": 2, "trend2": "no trend", "label": "River mouth 572"}, "geometry": {"type": "Point", "coordinates": [119.0251469323349, 25.42096343920623]}}, {"id": "561", "type": "Feature", "properties": {"ID": 573, "width_mean": 124.0, "slope": 5.5e-05, "uparea": 2131.05108407, "trend": "no trend", "ave_flux": 0.0096064, "continent": "Asia", "ord_stra": 5, "image_num": 420, "OWT": 1, "trend2": "no trend", "label": "River mouth 573"}, "geometry": {"type": "Point", "coordinates": [119.52921000034132, 26.807609999801684]}}, {"id": "562", "type": "Feature", "properties": {"ID": 574, "width_mean": 432.0, "slope": -0.000118, "uparea": 3127.38488235, "trend": "decreasing", "ave_flux": 0.0087178, "continent": "Asia", "ord_stra": 5, "image_num": 457, "OWT": 1, "trend2": "decreasing", "label": "River mouth 574"}, "geometry": {"type": "Point", "coordinates": [118.56193999993116, 24.915439999556384]}}, {"id": "563", "type": "Feature", "properties": {"ID": 575, "width_mean": 747.0, "slope": -0.001791, "uparea": 9706.07820639, "trend": "decreasing", "ave_flux": 0.0628971, "continent": "Asia", "ord_stra": 6, "image_num": 902, "OWT": 3, "trend2": "decreasing", "label": "River mouth 575"}, "geometry": {"type": "Point", "coordinates": [117.82667659813477, 24.44178047943506]}}, {"id": "564", "type": "Feature", "properties": {"ID": 576, "width_mean": 1237.0, "slope": -2.5e-05, "uparea": 5435.55689613, "trend": "no trend", "ave_flux": 0.0350217, "continent": "Asia", "ord_stra": 5, "image_num": 925, "OWT": 1, "trend2": "no trend", "label": "River mouth 576"}, "geometry": {"type": "Point", "coordinates": [119.69920736427069, 26.801047384535025]}}, {"id": "565", "type": "Feature", "properties": {"ID": 577, "width_mean": 1237.0, "slope": -0.009652, "uparea": 60246.8791551, "trend": "decreasing", "ave_flux": 0.396844, "continent": "Asia", "ord_stra": 7, "image_num": 800, "OWT": 1, "trend2": "decreasing", "label": "River mouth 577"}, "geometry": {"type": "Point", "coordinates": [119.49135000000251, 26.017760000024055]}}, {"id": "566", "type": "Feature", "properties": {"ID": 578, "width_mean": 97.0, "slope": 0.000192, "uparea": 565.6064976743315, "trend": "increasing", "ave_flux": 0.0185886, "continent": "Asia", "ord_stra": 4, "image_num": 525, "OWT": 4, "trend2": "increasing", "label": "River mouth 578"}, "geometry": {"type": "Point", "coordinates": [121.6571377901902, 24.36152281372847]}}, {"id": "567", "type": "Feature", "properties": {"ID": 579, "width_mean": 97.0, "slope": 0.000113, "uparea": 1025.08882355, "trend": "no trend", "ave_flux": 0.0172201, "continent": "Asia", "ord_stra": 4, "image_num": 809, "OWT": 4, "trend2": "no trend", "label": "River mouth 579"}, "geometry": {"type": "Point", "coordinates": [120.6716900001934, 24.287070000080462]}}, {"id": "568", "type": "Feature", "properties": {"ID": 580, "width_mean": 155.0, "slope": 7.1e-05, "uparea": 907.731019758555, "trend": "no trend", "ave_flux": 0.00982166, "continent": "Asia", "ord_stra": 5, "image_num": 378, "OWT": 3, "trend2": "no trend", "label": "River mouth 580"}, "geometry": {"type": "Point", "coordinates": [121.4280413275249, 24.974846244709497]}}, {"id": "569", "type": "Feature", "properties": {"ID": 581, "width_mean": 271.0, "slope": 8.7e-05, "uparea": 2101.97787829, "trend": "no trend", "ave_flux": 0.0172157, "continent": "Asia", "ord_stra": 4, "image_num": 666, "OWT": 3, "trend2": "no trend", "label": "River mouth 581"}, "geometry": {"type": "Point", "coordinates": [120.52112958310545, 24.156788222924845]}}, {"id": "570", "type": "Feature", "properties": {"ID": 582, "width_mean": 372.0, "slope": 0.000138, "uparea": 618.7806660885315, "trend": "no trend", "ave_flux": 0.0136592, "continent": "Asia", "ord_stra": 4, "image_num": 402, "OWT": 4, "trend2": "no trend", "label": "River mouth 582"}, "geometry": {"type": "Point", "coordinates": [121.68006000016896, 24.703900000184888]}}, {"id": "571", "type": "Feature", "properties": {"ID": 583, "width_mean": 498.0, "slope": -5.2e-05, "uparea": 969.2085843380793, "trend": "decreasing", "ave_flux": 0.00962479, "continent": "Asia", "ord_stra": 5, "image_num": 434, "OWT": 2, "trend2": "decreasing", "label": "River mouth 583"}, "geometry": {"type": "Point", "coordinates": [120.5602550792934, 27.58089695555433]}}, {"id": "572", "type": "Feature", "properties": {"ID": 584, "width_mean": 965.0, "slope": 1.5e-05, "uparea": 3424.79478306, "trend": "no trend", "ave_flux": 0.0253114, "continent": "Asia", "ord_stra": 4, "image_num": 438, "OWT": 3, "trend2": "no trend", "label": "River mouth 584"}, "geometry": {"type": "Point", "coordinates": [120.65873321586176, 27.73033866780654]}}, {"id": "573", "type": "Feature", "properties": {"ID": 585, "width_mean": 2520.0, "slope": 0.001744, "uparea": 17350.735285, "trend": "no trend", "ave_flux": 0.220737, "continent": "Asia", "ord_stra": 4, "image_num": 470, "OWT": 3, "trend2": "no trend", "label": "River mouth 585"}, "geometry": {"type": "Point", "coordinates": [120.85618875959176, 27.98740154035309]}}, {"id": "574", "type": "Feature", "properties": {"ID": 586, "width_mean": 190.0, "slope": 0.000233, "uparea": 621192.38046, "trend": "no trend", "ave_flux": 0.200674, "continent": "North America", "ord_stra": 8, "image_num": 1074, "OWT": 2, "trend2": "no trend", "label": "River mouth 586"}, "geometry": {"type": "Point", "coordinates": [-115.00522938983295, 31.9327474141175]}}, {"id": "575", "type": "Feature", "properties": {"ID": 587, "width_mean": 124.0, "slope": 0.000268, "uparea": 107909.137864, "trend": "no trend", "ave_flux": 0.0351743, "continent": "North America", "ord_stra": 6, "image_num": 1348, "OWT": 2, "trend2": "no trend", "label": "River mouth 587"}, "geometry": {"type": "Point", "coordinates": [-96.0297599996243, 28.85804000024593]}}, {"id": "576", "type": "Feature", "properties": {"ID": 588, "width_mean": 97.0, "slope": 0.000106, "uparea": 2596.88617448, "trend": "no trend", "ave_flux": 0.00738, "continent": "North America", "ord_stra": 4, "image_num": 1176, "OWT": 2, "trend2": "increasing", "label": "River mouth 588"}, "geometry": {"type": "Point", "coordinates": [-95.59266828535416, 29.023281329660648]}}, {"id": "577", "type": "Feature", "properties": {"ID": 589, "width_mean": 124.0, "slope": -0.000177, "uparea": 110176.522224, "trend": "no trend", "ave_flux": 0.0387057, "continent": "North America", "ord_stra": 6, "image_num": 1009, "OWT": 2, "trend2": "no trend", "label": "River mouth 589"}, "geometry": {"type": "Point", "coordinates": [-95.58061999971325, 29.083659999609573]}}, {"id": "578", "type": "Feature", "properties": {"ID": 590, "width_mean": 1094.0, "slope": 0.000113, "uparea": 44979.0891126, "trend": "no trend", "ave_flux": 0.0705629, "continent": "North America", "ord_stra": 6, "image_num": 764, "OWT": 3, "trend2": "no trend", "label": "River mouth 590"}, "geometry": {"type": "Point", "coordinates": [-94.77860662740642, 29.93548077137938]}}, {"id": "579", "type": "Feature", "properties": {"ID": 591, "width_mean": 1774.0, "slope": 0.005477, "uparea": 254801.630826, "trend": "no trend", "ave_flux": 0.627174, "continent": "North America", "ord_stra": 4, "image_num": 1445, "OWT": 3, "trend2": "no trend", "label": "River mouth 591"}, "geometry": {"type": "Point", "coordinates": [-91.26598357936426, 29.51080480319787]}}, {"id": "580", "type": "Feature", "properties": {"ID": 592, "width_mean": 3987.0, "slope": -1.8e-05, "uparea": 7370.02472296, "trend": "no trend", "ave_flux": 0.00280386, "continent": "North America", "ord_stra": 4, "image_num": 761, "OWT": 1, "trend2": "decreasing", "label": "River mouth 592"}, "geometry": {"type": "Point", "coordinates": [-94.9705544060943, 29.688065789735987]}}, {"id": "581", "type": "Feature", "properties": {"ID": 593, "width_mean": 4466.0, "slope": 0.000339, "uparea": 53258.8776079, "trend": "no trend", "ave_flux": 0.0476686, "continent": "North America", "ord_stra": 6, "image_num": 1070, "OWT": 1, "trend2": "no trend", "label": "River mouth 593"}, "geometry": {"type": "Point", "coordinates": [-93.86544251891486, 29.728127334738616]}}, {"id": "582", "type": "Feature", "properties": {"ID": 594, "width_mean": 97.0, "slope": 0.000265, "uparea": 11437.7982702, "trend": "no trend", "ave_flux": 0.0486371, "continent": "North America", "ord_stra": 6, "image_num": 1495, "OWT": 3, "trend2": "no trend", "label": "River mouth 594"}, "geometry": {"type": "Point", "coordinates": [-86.04122000040272, 30.40659000042851]}}, {"id": "583", "type": "Feature", "properties": {"ID": 595, "width_mean": 97.0, "slope": 0.000594, "uparea": 20828.0719497, "trend": "no trend", "ave_flux": 0.0775943, "continent": "North America", "ord_stra": 5, "image_num": 780, "OWT": 2, "trend2": "no trend", "label": "River mouth 595"}, "geometry": {"type": "Point", "coordinates": [-89.72238796560531, 30.37410694296675]}}, {"id": "584", "type": "Feature", "properties": {"ID": 596, "width_mean": 124.0, "slope": -6e-06, "uparea": 1079.87608579, "trend": "no trend", "ave_flux": 0.00175463, "continent": "North America", "ord_stra": 4, "image_num": 940, "OWT": 2, "trend2": "no trend", "label": "River mouth 596"}, "geometry": {"type": "Point", "coordinates": [-89.65988000026181, 30.372870000350566]}}, {"id": "585", "type": "Feature", "properties": {"ID": 597, "width_mean": 190.0, "slope": -0.000156, "uparea": 21355.0835767, "trend": "no trend", "ave_flux": 0.0571514, "continent": "North America", "ord_stra": 6, "image_num": 721, "OWT": 3, "trend2": "no trend", "label": "River mouth 597"}, "geometry": {"type": "Point", "coordinates": [-88.60753985405972, 30.47396616806751]}}, {"id": "586", "type": "Feature", "properties": {"ID": 598, "width_mean": 228.0, "slope": 0.001105, "uparea": 49419.5378342, "trend": "no trend", "ave_flux": 0.142506, "continent": "North America", "ord_stra": 6, "image_num": 1371, "OWT": 3, "trend2": "no trend", "label": "River mouth 598"}, "geometry": {"type": "Point", "coordinates": [-85.02605400577121, 29.802375694715703]}}, {"id": "587", "type": "Feature", "properties": {"ID": 599, "width_mean": 228.0, "slope": -7.4e-05, "uparea": 5562.44085605, "trend": "decreasing", "ave_flux": 0.00498509, "continent": "North America", "ord_stra": 5, "image_num": 777, "OWT": 2, "trend2": "decreasing", "label": "River mouth 599"}, "geometry": {"type": "Point", "coordinates": [-84.48481105579786, 29.989198523784356]}}, {"id": "588", "type": "Feature", "properties": {"ID": 600, "width_mean": 271.0, "slope": -0.007708, "uparea": 111663.867329, "trend": "decreasing", "ave_flux": 0.242499, "continent": "North America", "ord_stra": 7, "image_num": 1045, "OWT": 3, "trend2": "decreasing", "label": "River mouth 600"}, "geometry": {"type": "Point", "coordinates": [-87.97569837945716, 30.891414353232413]}}, {"id": "589", "type": "Feature", "properties": {"ID": 601, "width_mean": 850.0, "slope": -0.012887, "uparea": 2959429.33247, "trend": "decreasing", "ave_flux": 1.29054, "continent": "North America", "ord_stra": 9, "image_num": 1462, "OWT": 1, "trend2": "decreasing", "label": "River mouth 601"}, "geometry": {"type": "Point", "coordinates": [-89.8733835456594, 29.607974961792543]}}, {"id": "590", "type": "Feature", "properties": {"ID": 602, "width_mean": 1575.0, "slope": -0.000283, "uparea": 17665.3424079, "trend": "decreasing", "ave_flux": 0.00834634, "continent": "North America", "ord_stra": 4, "image_num": 796, "OWT": 1, "trend2": "decreasing", "label": "River mouth 602"}, "geometry": {"type": "Point", "coordinates": [-87.12336420649892, 30.488594651159577]}}, {"id": "591", "type": "Feature", "properties": {"ID": 603, "width_mean": 97.0, "slope": -7.5e-05, "uparea": 7971.62168998, "trend": "decreasing", "ave_flux": 0.0022074, "continent": "North America", "ord_stra": 5, "image_num": 1463, "OWT": 2, "trend2": "decreasing", "label": "River mouth 603"}, "geometry": {"type": "Point", "coordinates": [-81.7329951762752, 30.971825653561773]}}, {"id": "592", "type": "Feature", "properties": {"ID": 604, "width_mean": 124.0, "slope": -0.00212, "uparea": 25304.9650744, "trend": "decreasing", "ave_flux": 0.0502824, "continent": "North America", "ord_stra": 6, "image_num": 844, "OWT": 4, "trend2": "decreasing", "label": "River mouth 604"}, "geometry": {"type": "Point", "coordinates": [-83.01944299588752, 29.432137830695037]}}, {"id": "593", "type": "Feature", "properties": {"ID": 605, "width_mean": 124.0, "slope": -8.7e-05, "uparea": 3662.02900403, "trend": "decreasing", "ave_flux": 0.00174167, "continent": "North America", "ord_stra": 4, "image_num": 1514, "OWT": 4, "trend2": "decreasing", "label": "River mouth 605"}, "geometry": {"type": "Point", "coordinates": [-81.66883697979104, 30.74590796283346]}}, {"id": "594", "type": "Feature", "properties": {"ID": 606, "width_mean": 190.0, "slope": 5e-06, "uparea": 5014.98244736, "trend": "no trend", "ave_flux": 0.00266888, "continent": "North America", "ord_stra": 4, "image_num": 835, "OWT": 2, "trend2": "no trend", "label": "River mouth 606"}, "geometry": {"type": "Point", "coordinates": [-82.62024999973767, 29.01193000036926]}}, {"id": "595", "type": "Feature", "properties": {"ID": 607, "width_mean": 228.0, "slope": -0.000722, "uparea": 36998.673403, "trend": "decreasing", "ave_flux": 0.0446796, "continent": "North America", "ord_stra": 6, "image_num": 1526, "OWT": 3, "trend2": "decreasing", "label": "River mouth 607"}, "geometry": {"type": "Point", "coordinates": [-81.40586895318103, 31.33602897085529]}}, {"id": "596", "type": "Feature", "properties": {"ID": 608, "width_mean": 572.0, "slope": 2.7e-05, "uparea": 11611.0041348, "trend": "no trend", "ave_flux": 0.00642571, "continent": "North America", "ord_stra": 5, "image_num": 1534, "OWT": 3, "trend2": "no trend", "label": "River mouth 608"}, "geometry": {"type": "Point", "coordinates": [-81.16047642918633, 31.87640988460669]}}, {"id": "597", "type": "Feature", "properties": {"ID": 609, "width_mean": 1094.0, "slope": 0.000273, "uparea": 21784.1139914, "trend": "no trend", "ave_flux": 0.0284229, "continent": "North America", "ord_stra": 6, "image_num": 946, "OWT": 2, "trend2": "no trend", "label": "River mouth 609"}, "geometry": {"type": "Point", "coordinates": [-81.61489862236688, 30.357699036984013]}}, {"id": "598", "type": "Feature", "properties": {"ID": 610, "width_mean": 271.0, "slope": -0.000204, "uparea": 3067598.819, "trend": "no trend", "ave_flux": 2.07789, "continent": "Africa", "ord_stra": 8, "image_num": 855, "OWT": 2, "trend2": "no trend", "label": "River mouth 610"}, "geometry": {"type": "Point", "coordinates": [31.26488545714247, 29.94310871071614]}}, {"id": "599", "type": "Feature", "properties": {"ID": 611, "width_mean": 432.0, "slope": 0.000273, "uparea": 4930.80696597, "trend": "no trend", "ave_flux": 0.0284229, "continent": "Africa", "ord_stra": 5, "image_num": 394, "OWT": 1, "trend2": "no trend", "label": "River mouth 611"}, "geometry": {"type": "Point", "coordinates": [32.31362327256694, 30.943336654307295]}}, {"id": "600", "type": "Feature", "properties": {"ID": 612, "width_mean": 72.0, "slope": -0.000167, "uparea": 40050.9223201, "trend": "decreasing", "ave_flux": 0.00701589, "continent": "Asia", "ord_stra": 6, "image_num": 79, "OWT": 3, "trend2": "decreasing", "label": "River mouth 612"}, "geometry": {"type": "Point", "coordinates": [51.369619833645515, 28.132255945704976]}}, {"id": "601", "type": "Feature", "properties": {"ID": 613, "width_mean": 72.0, "slope": -6.5e-05, "uparea": 1256.11951056, "trend": "decreasing", "ave_flux": 0.00180966, "continent": "Asia", "ord_stra": 4, "image_num": 408, "OWT": 2, "trend2": "decreasing", "label": "River mouth 613"}, "geometry": {"type": "Point", "coordinates": [50.71265184705047, 29.50564922187994]}}, {"id": "602", "type": "Feature", "properties": {"ID": 614, "width_mean": 72.0, "slope": -0.0002, "uparea": 13119.1074296, "trend": "no trend", "ave_flux": 0.0188951, "continent": "Asia", "ord_stra": 6, "image_num": 534, "OWT": 3, "trend2": "decreasing", "label": "River mouth 614"}, "geometry": {"type": "Point", "coordinates": [49.62897999992708, 30.15252000029784]}}, {"id": "603", "type": "Feature", "properties": {"ID": 615, "width_mean": 190.0, "slope": 3.3e-05, "uparea": 20974.7160857, "trend": "no trend", "ave_flux": 0.00759429, "continent": "Asia", "ord_stra": 4, "image_num": 692, "OWT": 3, "trend2": "no trend", "label": "River mouth 615"}, "geometry": {"type": "Point", "coordinates": [48.51588853022662, 30.189682983827183]}}, {"id": "604", "type": "Feature", "properties": {"ID": 616, "width_mean": 572.0, "slope": -0.006782, "uparea": 772324.661756, "trend": "decreasing", "ave_flux": 0.427993, "continent": "Asia", "ord_stra": 8, "image_num": 819, "OWT": 3, "trend2": "decreasing", "label": "River mouth 616"}, "geometry": {"type": "Point", "coordinates": [48.40285469895113, 30.15286188803275]}}, {"id": "605", "type": "Feature", "properties": {"ID": 617, "width_mean": 228.0, "slope": -0.000447, "uparea": 3570.84814439, "trend": "decreasing", "ave_flux": 0.0142303, "continent": "Asia", "ord_stra": 5, "image_num": 443, "OWT": 2, "trend2": "decreasing", "label": "River mouth 617"}, "geometry": {"type": "Point", "coordinates": [121.66360839907985, 29.919220478672315]}}, {"id": "606", "type": "Feature", "properties": {"ID": 618, "width_mean": 372.0, "slope": 0.000643, "uparea": 27943.1424828, "trend": "no trend", "ave_flux": 0.101423, "continent": "Asia", "ord_stra": 6, "image_num": 494, "OWT": 3, "trend2": "no trend", "label": "River mouth 618"}, "geometry": {"type": "Point", "coordinates": [121.50877083759877, 31.248621962321785]}}, {"id": "607", "type": "Feature", "properties": {"ID": 619, "width_mean": 1397.0, "slope": -0.006488, "uparea": 38345.6528175, "trend": "decreasing", "ave_flux": 0.249809, "continent": "Asia", "ord_stra": 7, "image_num": 568, "OWT": 3, "trend2": "decreasing", "label": "River mouth 619"}, "geometry": {"type": "Point", "coordinates": [120.32922433986451, 30.263071609603678]}}, {"id": "608", "type": "Feature", "properties": {"ID": 620, "width_mean": 1774.0, "slope": -0.000708, "uparea": 5387.29046502, "trend": "decreasing", "ave_flux": 0.0283961, "continent": "Asia", "ord_stra": 5, "image_num": 497, "OWT": 3, "trend2": "decreasing", "label": "River mouth 620"}, "geometry": {"type": "Point", "coordinates": [121.44237107669312, 28.691494665900613]}}, {"id": "609", "type": "Feature", "properties": {"ID": 621, "width_mean": 5000.0, "slope": -0.060296, "uparea": 1913381.09637, "trend": "decreasing", "ave_flux": 2.62482, "continent": "Asia", "ord_stra": 9, "image_num": 979, "OWT": 1, "trend2": "decreasing", "label": "River mouth 621"}, "geometry": {"type": "Point", "coordinates": [119.51522372482557, 32.211626004445776]}}, {"id": "610", "type": "Feature", "properties": {"ID": 622, "width_mean": 124.0, "slope": 0.000189, "uparea": 2174.37679518, "trend": "no trend", "ave_flux": 0.0262021, "continent": "Asia", "ord_stra": 5, "image_num": 536, "OWT": 1, "trend2": "no trend", "label": "River mouth 622"}, "geometry": {"type": "Point", "coordinates": [131.4047726553282, 31.921778989426876]}}, {"id": "611", "type": "Feature", "properties": {"ID": 623, "width_mean": 155.0, "slope": 0.000465, "uparea": 1185.63101794, "trend": "increasing", "ave_flux": 0.0189257, "continent": "Asia", "ord_stra": 4, "image_num": 972, "OWT": 3, "trend2": "increasing", "label": "River mouth 623"}, "geometry": {"type": "Point", "coordinates": [130.2789596603913, 31.82219917614509]}}, {"id": "612", "type": "Feature", "properties": {"ID": 624, "width_mean": 190.0, "slope": -0.00015, "uparea": 18240.2314808, "trend": "no trend", "ave_flux": 0.00922163, "continent": "North America", "ord_stra": 5, "image_num": 699, "OWT": 2, "trend2": "decreasing", "label": "River mouth 624"}, "geometry": {"type": "Point", "coordinates": [-78.01319986073284, 34.303665869236724]}}, {"id": "613", "type": "Feature", "properties": {"ID": 625, "width_mean": 319.0, "slope": -6e-06, "uparea": 1106.93655375, "trend": "no trend", "ave_flux": 0.00152129, "continent": "North America", "ord_stra": 4, "image_num": 772, "OWT": 1, "trend2": "no trend", "label": "River mouth 625"}, "geometry": {"type": "Point", "coordinates": [-80.38047164760687, 32.53109025198242]}}, {"id": "614", "type": "Feature", "properties": {"ID": 626, "width_mean": 432.0, "slope": -3.1e-05, "uparea": 39403.517416, "trend": "no trend", "ave_flux": 0.0522057, "continent": "North America", "ord_stra": 6, "image_num": 1472, "OWT": 3, "trend2": "no trend", "label": "River mouth 626"}, "geometry": {"type": "Point", "coordinates": [-79.35179632935285, 33.18730054436259]}}, {"id": "615", "type": "Feature", "properties": {"ID": 627, "width_mean": 655.0, "slope": -0.001581, "uparea": 26808.9094199, "trend": "decreasing", "ave_flux": 0.0548124, "continent": "North America", "ord_stra": 6, "image_num": 1349, "OWT": 3, "trend2": "decreasing", "label": "River mouth 627"}, "geometry": {"type": "Point", "coordinates": [-81.03069279025488, 32.08574129793808]}}, {"id": "616", "type": "Feature", "properties": {"ID": 628, "width_mean": 1094.0, "slope": -2.2e-05, "uparea": 1628.13464001, "trend": "decreasing", "ave_flux": 0.000866771, "continent": "North America", "ord_stra": 4, "image_num": 699, "OWT": 1, "trend2": "decreasing", "label": "River mouth 628"}, "geometry": {"type": "Point", "coordinates": [-79.93873170632986, 32.85436295786482]}}, {"id": "617", "type": "Feature", "properties": {"ID": 629, "width_mean": 2520.0, "slope": 0.001024, "uparea": 41100.7371118, "trend": "no trend", "ave_flux": 0.101194, "continent": "North America", "ord_stra": 4, "image_num": 1502, "OWT": 3, "trend2": "no trend", "label": "River mouth 629"}, "geometry": {"type": "Point", "coordinates": [-79.23497736410278, 33.27684141559038]}}, {"id": "618", "type": "Feature", "properties": {"ID": 630, "width_mean": 124.0, "slope": -0.000133, "uparea": 23630.198065, "trend": "no trend", "ave_flux": 0.020966, "continent": "North America", "ord_stra": 6, "image_num": 1422, "OWT": 3, "trend2": "no trend", "label": "River mouth 630"}, "geometry": {"type": "Point", "coordinates": [-76.83774999996251, 35.87375000026236]}}, {"id": "619", "type": "Feature", "properties": {"ID": 631, "width_mean": 5000.0, "slope": 1e-05, "uparea": 9365.76227724, "trend": "no trend", "ave_flux": 0.0083266, "continent": "North America", "ord_stra": 4, "image_num": 761, "OWT": 1, "trend2": "no trend", "label": "River mouth 631"}, "geometry": {"type": "Point", "coordinates": [-76.5759764468382, 35.359128138612846]}}, {"id": "620", "type": "Feature", "properties": {"ID": 632, "width_mean": 5000.0, "slope": -1.1e-05, "uparea": 14055.1912825, "trend": "no trend", "ave_flux": 0.0119943, "continent": "North America", "ord_stra": 4, "image_num": 716, "OWT": 1, "trend2": "no trend", "label": "River mouth 632"}, "geometry": {"type": "Point", "coordinates": [-76.57252499982883, 35.03831500003727]}}, {"id": "621", "type": "Feature", "properties": {"ID": 633, "width_mean": 124.0, "slope": -0.000136, "uparea": 2565.49034265, "trend": "decreasing", "ave_flux": 0.00354522, "continent": "Africa", "ord_stra": 5, "image_num": 1293, "OWT": 3, "trend2": "decreasing", "label": "River mouth 633"}, "geometry": {"type": "Point", "coordinates": [-6.1183083046711, 35.1854562788548]}}, {"id": "622", "type": "Feature", "properties": {"ID": 634, "width_mean": 155.0, "slope": 8.4e-05, "uparea": 35169.8088567, "trend": "no trend", "ave_flux": 0.0110143, "continent": "Africa", "ord_stra": 6, "image_num": 1291, "OWT": 2, "trend2": "no trend", "label": "River mouth 634"}, "geometry": {"type": "Point", "coordinates": [-8.251351251897747, 33.24881633918565]}}, {"id": "623", "type": "Feature", "properties": {"ID": 635, "width_mean": 155.0, "slope": 0.0, "uparea": 5650.18940523, "trend": "no trend", "ave_flux": 0.000658903, "continent": "Africa", "ord_stra": 5, "image_num": 1100, "OWT": 2, "trend2": "no trend", "label": "River mouth 635"}, "geometry": {"type": "Point", "coordinates": [-6.790679999882059, 33.98970999991661]}}, {"id": "624", "type": "Feature", "properties": {"ID": 636, "width_mean": 319.0, "slope": -0.000218, "uparea": 38074.190565, "trend": "decreasing", "ave_flux": 0.0174696, "continent": "Africa", "ord_stra": 6, "image_num": 1177, "OWT": 3, "trend2": "decreasing", "label": "River mouth 636"}, "geometry": {"type": "Point", "coordinates": [-6.630580932474237, 34.289041449996816]}}, {"id": "625", "type": "Feature", "properties": {"ID": 637, "width_mean": 50.0, "slope": 3e-05, "uparea": 53872.7716365, "trend": "no trend", "ave_flux": 0.00400286, "continent": "Africa", "ord_stra": 6, "image_num": 652, "OWT": 3, "trend2": "no trend", "label": "River mouth 637"}, "geometry": {"type": "Point", "coordinates": [-2.3816783157069734, 35.09539691014328]}}, {"id": "626", "type": "Feature", "properties": {"ID": 638, "width_mean": 72.0, "slope": -2e-05, "uparea": 754.991100700884, "trend": "decreasing", "ave_flux": 0.000669844, "continent": "Africa", "ord_stra": 4, "image_num": 651, "OWT": 2, "trend2": "decreasing", "label": "River mouth 638"}, "geometry": {"type": "Point", "coordinates": [-5.124829999804604, 35.41076000017392]}}, {"id": "627", "type": "Feature", "properties": {"ID": 639, "width_mean": 97.0, "slope": 0.0, "uparea": 497.2442772848382, "trend": "no trend", "ave_flux": 0.000264, "continent": "Africa", "ord_stra": 4, "image_num": 605, "OWT": 2, "trend2": "no trend", "label": "River mouth 639"}, "geometry": {"type": "Point", "coordinates": [-5.343447274059771, 35.572519879183744]}}, {"id": "628", "type": "Feature", "properties": {"ID": 640, "width_mean": 124.0, "slope": 3e-06, "uparea": 578.5970339063588, "trend": "no trend", "ave_flux": 0.000787829, "continent": "Africa", "ord_stra": 4, "image_num": 745, "OWT": 4, "trend2": "no trend", "label": "River mouth 640"}, "geometry": {"type": "Point", "coordinates": [-4.992950000242274, 35.26696999996557]}}, {"id": "629", "type": "Feature", "properties": {"ID": 641, "width_mean": 97.0, "slope": -0.003169, "uparea": 57557.0449129, "trend": "decreasing", "ave_flux": 0.083987, "continent": "Asia", "ord_stra": 6, "image_num": 1130, "OWT": 3, "trend2": "decreasing", "label": "River mouth 641"}, "geometry": {"type": "Point", "coordinates": [119.08876157126821, 34.17985021299331]}}, {"id": "630", "type": "Feature", "properties": {"ID": 642, "width_mean": 155.0, "slope": -2.3e-05, "uparea": 1298.29297336, "trend": "decreasing", "ave_flux": 0.00112046, "continent": "Asia", "ord_stra": 4, "image_num": 721, "OWT": 2, "trend2": "decreasing", "label": "River mouth 642"}, "geometry": {"type": "Point", "coordinates": [119.19773431276752, 34.73947832865557]}}, {"id": "631", "type": "Feature", "properties": {"ID": 643, "width_mean": 432.0, "slope": -0.000584, "uparea": 60851.9820375, "trend": "decreasing", "ave_flux": 0.0388105, "continent": "Asia", "ord_stra": 4, "image_num": 519, "OWT": 2, "trend2": "decreasing", "label": "River mouth 643"}, "geometry": {"type": "Point", "coordinates": [119.78482120412062, 34.402111225766085]}}, {"id": "632", "type": "Feature", "properties": {"ID": 644, "width_mean": 50.0, "slope": -2.9e-05, "uparea": 1882.67793216, "trend": "decreasing", "ave_flux": 0.00150286, "continent": "Asia", "ord_stra": 5, "image_num": 1069, "OWT": 3, "trend2": "decreasing", "label": "River mouth 644"}, "geometry": {"type": "Point", "coordinates": [120.15935660380883, 34.063798365050225]}}, {"id": "633", "type": "Feature", "properties": {"ID": 645, "width_mean": 97.0, "slope": 9.3e-05, "uparea": 2699.10073725, "trend": "no trend", "ave_flux": 0.0063098, "continent": "Asia", "ord_stra": 4, "image_num": 486, "OWT": 3, "trend2": "increasing", "label": "River mouth 645"}, "geometry": {"type": "Point", "coordinates": [120.60774171934162, 33.486892968620324]}}, {"id": "634", "type": "Feature", "properties": {"ID": 646, "width_mean": 97.0, "slope": -7e-05, "uparea": 1161.25493643, "trend": "decreasing", "ave_flux": 0.00169178, "continent": "Asia", "ord_stra": 4, "image_num": 1077, "OWT": 2, "trend2": "decreasing", "label": "River mouth 646"}, "geometry": {"type": "Point", "coordinates": [120.34188174619501, 33.713201932193414]}}, {"id": "635", "type": "Feature", "properties": {"ID": 647, "width_mean": 190.0, "slope": -1.7e-05, "uparea": 1198.25153256, "trend": "decreasing", "ave_flux": 0.00121971, "continent": "Asia", "ord_stra": 4, "image_num": 620, "OWT": 3, "trend2": "decreasing", "label": "River mouth 647"}, "geometry": {"type": "Point", "coordinates": [120.495181722724, 33.62105545318939]}}, {"id": "636", "type": "Feature", "properties": {"ID": 648, "width_mean": 190.0, "slope": -3.9e-05, "uparea": 2079.86522668, "trend": "decreasing", "ave_flux": 0.00195843, "continent": "Asia", "ord_stra": 4, "image_num": 1030, "OWT": 3, "trend2": "decreasing", "label": "River mouth 648"}, "geometry": {"type": "Point", "coordinates": [120.38619081240233, 33.794875075280245]}}, {"id": "637", "type": "Feature", "properties": {"ID": 649, "width_mean": 50.0, "slope": 4e-06, "uparea": 1024.62689195, "trend": "no trend", "ave_flux": 0.00849603, "continent": "Asia", "ord_stra": 4, "image_num": 475, "OWT": 4, "trend2": "no trend", "label": "River mouth 649"}, "geometry": {"type": "Point", "coordinates": [131.80320999984167, 34.62192000020792]}}, {"id": "638", "type": "Feature", "properties": {"ID": 650, "width_mean": 72.0, "slope": 2e-05, "uparea": 374.0046479955555, "trend": "no trend", "ave_flux": 0.00420969, "continent": "Asia", "ord_stra": 4, "image_num": 876, "OWT": 3, "trend2": "no trend", "label": "River mouth 650"}, "geometry": {"type": "Point", "coordinates": [130.7145147283069, 33.78715398244143]}}, {"id": "639", "type": "Feature", "properties": {"ID": 651, "width_mean": 72.0, "slope": 0.000165, "uparea": 452.6894170495945, "trend": "increasing", "ave_flux": 0.00851714, "continent": "Asia", "ord_stra": 4, "image_num": 1010, "OWT": 3, "trend2": "increasing", "label": "River mouth 651"}, "geometry": {"type": "Point", "coordinates": [130.7709735961542, 32.70492456014288]}}, {"id": "640", "type": "Feature", "properties": {"ID": 652, "width_mean": 72.0, "slope": 0.000112, "uparea": 885.2101278169873, "trend": "no trend", "ave_flux": 0.00599714, "continent": "Asia", "ord_stra": 4, "image_num": 553, "OWT": 3, "trend2": "increasing", "label": "River mouth 652"}, "geometry": {"type": "Point", "coordinates": [131.58695046413993, 32.34794168071707]}}, {"id": "641", "type": "Feature", "properties": {"ID": 653, "width_mean": 97.0, "slope": 0.000185, "uparea": 831.4135066043792, "trend": "increasing", "ave_flux": 0.00931429, "continent": "Asia", "ord_stra": 4, "image_num": 968, "OWT": 3, "trend2": "increasing", "label": "River mouth 653"}, "geometry": {"type": "Point", "coordinates": [130.55769383374215, 32.91883681687901]}}, {"id": "642", "type": "Feature", "properties": {"ID": 654, "width_mean": 97.0, "slope": 0.000433, "uparea": 1743.737209, "trend": "no trend", "ave_flux": 0.0352571, "continent": "Asia", "ord_stra": 5, "image_num": 1009, "OWT": 1, "trend2": "increasing", "label": "River mouth 654"}, "geometry": {"type": "Point", "coordinates": [130.6454327013162, 32.46631730303525]}}, {"id": "643", "type": "Feature", "properties": {"ID": 655, "width_mean": 124.0, "slope": 1e-06, "uparea": 594.2796133226146, "trend": "no trend", "ave_flux": 0.000686771, "continent": "Asia", "ord_stra": 5, "image_num": 514, "OWT": 1, "trend2": "no trend", "label": "River mouth 655"}, "geometry": {"type": "Point", "coordinates": [131.69584000011594, 32.61191999990814]}}, {"id": "644", "type": "Feature", "properties": {"ID": 656, "width_mean": 124.0, "slope": -0.0001, "uparea": 1100.44789173, "trend": "decreasing", "ave_flux": 0.00485777, "continent": "Asia", "ord_stra": 5, "image_num": 1020, "OWT": 2, "trend2": "decreasing", "label": "River mouth 656"}, "geometry": {"type": "Point", "coordinates": [126.85376000002407, 35.90959999964031]}}, {"id": "645", "type": "Feature", "properties": {"ID": 657, "width_mean": 124.0, "slope": 2e-05, "uparea": 1444.73549156, "trend": "no trend", "ave_flux": 0.00599429, "continent": "Asia", "ord_stra": 4, "image_num": 508, "OWT": 1, "trend2": "no trend", "label": "River mouth 657"}, "geometry": {"type": "Point", "coordinates": [131.69407851277086, 33.22578868451065]}}, {"id": "646", "type": "Feature", "properties": {"ID": 658, "width_mean": 124.0, "slope": 4.3e-05, "uparea": 805.7954503317717, "trend": "no trend", "ave_flux": 0.00546, "continent": "Asia", "ord_stra": 5, "image_num": 543, "OWT": 1, "trend2": "no trend", "label": "River mouth 658"}, "geometry": {"type": "Point", "coordinates": [131.41610650196745, 32.10393199820208]}}, {"id": "647", "type": "Feature", "properties": {"ID": 659, "width_mean": 155.0, "slope": 0.0003, "uparea": 2337.64059133, "trend": "no trend", "ave_flux": 0.0385629, "continent": "Asia", "ord_stra": 5, "image_num": 520, "OWT": 3, "trend2": "no trend", "label": "River mouth 659"}, "geometry": {"type": "Point", "coordinates": [130.40237677181142, 33.24857880379975]}}, {"id": "648", "type": "Feature", "properties": {"ID": 660, "width_mean": 155.0, "slope": -0.0001, "uparea": 4805.85110346, "trend": "decreasing", "ave_flux": 0.00560866, "continent": "Asia", "ord_stra": 5, "image_num": 560, "OWT": 1, "trend2": "decreasing", "label": "River mouth 660"}, "geometry": {"type": "Point", "coordinates": [127.7449608161966, 35.059112886424934]}}, {"id": "649", "type": "Feature", "properties": {"ID": 661, "width_mean": 228.0, "slope": -0.000251, "uparea": 2604.45032124, "trend": "decreasing", "ave_flux": 0.00719269, "continent": "Asia", "ord_stra": 4, "image_num": 1097, "OWT": 1, "trend2": "decreasing", "label": "River mouth 661"}, "geometry": {"type": "Point", "coordinates": [126.53856050651257, 34.89087495251604]}}, {"id": "650", "type": "Feature", "properties": {"ID": 662, "width_mean": 72.0, "slope": 0.000296, "uparea": 1139.07972034, "trend": "increasing", "ave_flux": 0.0121143, "continent": "Asia", "ord_stra": 4, "image_num": 938, "OWT": 3, "trend2": "increasing", "label": "River mouth 662"}, "geometry": {"type": "Point", "coordinates": [132.4893091516316, 34.454807566064474]}}, {"id": "651", "type": "Feature", "properties": {"ID": 663, "width_mean": 72.0, "slope": 6.7e-05, "uparea": 505.01929568452584, "trend": "increasing", "ave_flux": 0.00176286, "continent": "Asia", "ord_stra": 4, "image_num": 594, "OWT": 3, "trend2": "increasing", "label": "River mouth 663"}, "geometry": {"type": "Point", "coordinates": [134.7180660192054, 34.83224807203642]}}, {"id": "652", "type": "Feature", "properties": {"ID": 664, "width_mean": 72.0, "slope": 2.7e-05, "uparea": 684.4481924091505, "trend": "no trend", "ave_flux": 0.00242857, "continent": "Asia", "ord_stra": 4, "image_num": 538, "OWT": 4, "trend2": "no trend", "label": "River mouth 664"}, "geometry": {"type": "Point", "coordinates": [132.11920962174287, 34.17228505418711]}}, {"id": "653", "type": "Feature", "properties": {"ID": 665, "width_mean": 72.0, "slope": 0.00023, "uparea": 1052.24398625, "trend": "increasing", "ave_flux": 0.0111314, "continent": "Asia", "ord_stra": 4, "image_num": 929, "OWT": 3, "trend2": "increasing", "label": "River mouth 665"}, "geometry": {"type": "Point", "coordinates": [132.51505032982755, 33.585297448913785]}}, {"id": "654", "type": "Feature", "properties": {"ID": 666, "width_mean": 97.0, "slope": 0.000276, "uparea": 3488.11202903, "trend": "no trend", "ave_flux": 0.02734, "continent": "Asia", "ord_stra": 5, "image_num": 479, "OWT": 2, "trend2": "no trend", "label": "River mouth 666"}, "geometry": {"type": "Point", "coordinates": [132.30434295427227, 34.978574777587845]}}, {"id": "655", "type": "Feature", "properties": {"ID": 667, "width_mean": 97.0, "slope": 2.7e-05, "uparea": 618.4051008327622, "trend": "no trend", "ave_flux": 0.0017362, "continent": "Asia", "ord_stra": 4, "image_num": 1023, "OWT": 3, "trend2": "no trend", "label": "River mouth 667"}, "geometry": {"type": "Point", "coordinates": [134.4152999999951, 34.78449000041326]}}, {"id": "656", "type": "Feature", "properties": {"ID": 668, "width_mean": 97.0, "slope": 0.00011, "uparea": 1250.06028127, "trend": "no trend", "ave_flux": 0.0112633, "continent": "Asia", "ord_stra": 4, "image_num": 537, "OWT": 1, "trend2": "no trend", "label": "River mouth 668"}, "geometry": {"type": "Point", "coordinates": [135.22718999991866, 34.24716000033379]}}, {"id": "657", "type": "Feature", "properties": {"ID": 669, "width_mean": 97.0, "slope": 0.000164, "uparea": 1488.51451762, "trend": "no trend", "ave_flux": 0.0174, "continent": "Asia", "ord_stra": 4, "image_num": 493, "OWT": 3, "trend2": "no trend", "label": "River mouth 669"}, "geometry": {"type": "Point", "coordinates": [133.43890802591974, 33.50432317001298]}}, {"id": "658", "type": "Feature", "properties": {"ID": 670, "width_mean": 97.0, "slope": 0.000314, "uparea": 1801.73698629, "trend": "increasing", "ave_flux": 0.0133081, "continent": "Asia", "ord_stra": 5, "image_num": 471, "OWT": 1, "trend2": "increasing", "label": "River mouth 670"}, "geometry": {"type": "Point", "coordinates": [132.9731259063726, 32.959634893105886]}}, {"id": "659", "type": "Feature", "properties": {"ID": 671, "width_mean": 97.0, "slope": 0.000167, "uparea": 1702.10261689, "trend": "no trend", "ave_flux": 0.0153971, "continent": "Asia", "ord_stra": 4, "image_num": 506, "OWT": 1, "trend2": "no trend", "label": "River mouth 671"}, "geometry": {"type": "Point", "coordinates": [136.9986536070334, 34.86266325996991]}}, {"id": "660", "type": "Feature", "properties": {"ID": 672, "width_mean": 97.0, "slope": 0.000109, "uparea": 1658.18017482, "trend": "no trend", "ave_flux": 0.00889494, "continent": "Asia", "ord_stra": 4, "image_num": 520, "OWT": 1, "trend2": "no trend", "label": "River mouth 672"}, "geometry": {"type": "Point", "coordinates": [134.83577613117305, 34.77561661184806]}}, {"id": "661", "type": "Feature", "properties": {"ID": 673, "width_mean": 97.0, "slope": 7.5e-05, "uparea": 793.0379055019472, "trend": "no trend", "ave_flux": 0.00716286, "continent": "Asia", "ord_stra": 4, "image_num": 518, "OWT": 1, "trend2": "increasing", "label": "River mouth 673"}, "geometry": {"type": "Point", "coordinates": [134.6556892483115, 33.93859104442963]}}, {"id": "662", "type": "Feature", "properties": {"ID": 674, "width_mean": 124.0, "slope": 6.7e-05, "uparea": 1017.33742936, "trend": "no trend", "ave_flux": 0.00932571, "continent": "Asia", "ord_stra": 5, "image_num": 760, "OWT": 3, "trend2": "no trend", "label": "River mouth 674"}, "geometry": {"type": "Point", "coordinates": [135.48841242531105, 34.59583583938568]}}, {"id": "663", "type": "Feature", "properties": {"ID": 675, "width_mean": 124.0, "slope": 0.000208, "uparea": 874.9098181297658, "trend": "no trend", "ave_flux": 0.01146, "continent": "Asia", "ord_stra": 4, "image_num": 762, "OWT": 1, "trend2": "increasing", "label": "River mouth 675"}, "geometry": {"type": "Point", "coordinates": [134.80832410887956, 35.573614478732715]}}, {"id": "664", "type": "Feature", "properties": {"ID": 676, "width_mean": 124.0, "slope": 0.000205, "uparea": 1767.09581641, "trend": "no trend", "ave_flux": 0.0130543, "continent": "Asia", "ord_stra": 4, "image_num": 397, "OWT": 1, "trend2": "no trend", "label": "River mouth 676"}, "geometry": {"type": "Point", "coordinates": [135.27905698617946, 35.47652380757587]}}, {"id": "665", "type": "Feature", "properties": {"ID": 677, "width_mean": 124.0, "slope": -0.001361, "uparea": 2252.16020013, "trend": "decreasing", "ave_flux": 0.0357445, "continent": "Asia", "ord_stra": 5, "image_num": 502, "OWT": 1, "trend2": "decreasing", "label": "River mouth 677"}, "geometry": {"type": "Point", "coordinates": [135.97301668272354, 33.73058398070467]}}, {"id": "666", "type": "Feature", "properties": {"ID": 678, "width_mean": 155.0, "slope": 0.0, "uparea": 306.27097926556, "trend": "no trend", "ave_flux": 0.000497143, "continent": "Asia", "ord_stra": 4, "image_num": 534, "OWT": 3, "trend2": "no trend", "label": "River mouth 678"}, "geometry": {"type": "Point", "coordinates": [133.93505163578274, 34.65858729488279]}}, {"id": "667", "type": "Feature", "properties": {"ID": 679, "width_mean": 155.0, "slope": 0.000588, "uparea": 3043.61164441, "trend": "increasing", "ave_flux": 0.0266114, "continent": "Asia", "ord_stra": 5, "image_num": 695, "OWT": 1, "trend2": "increasing", "label": "River mouth 679"}, "geometry": {"type": "Point", "coordinates": [134.51301214656797, 34.1054467736578]}}, {"id": "668", "type": "Feature", "properties": {"ID": 680, "width_mean": 190.0, "slope": 0.0, "uparea": 306.27097926556, "trend": "no trend", "ave_flux": 0.0006, "continent": "Asia", "ord_stra": 4, "image_num": 531, "OWT": 3, "trend2": "no trend", "label": "River mouth 680"}, "geometry": {"type": "Point", "coordinates": [133.89222845364057, 34.6212535669711]}}, {"id": "669", "type": "Feature", "properties": {"ID": 681, "width_mean": 228.0, "slope": -0.000742, "uparea": 5053.2763979, "trend": "decreasing", "ave_flux": 0.0312594, "continent": "Asia", "ord_stra": 5, "image_num": 514, "OWT": 1, "trend2": "decreasing", "label": "River mouth 681"}, "geometry": {"type": "Point", "coordinates": [137.8056299996249, 34.727600000239875]}}, {"id": "670", "type": "Feature", "properties": {"ID": 682, "width_mean": 228.0, "slope": 0.000144, "uparea": 2673.25109411, "trend": "increasing", "ave_flux": 0.0125743, "continent": "Asia", "ord_stra": 5, "image_num": 501, "OWT": 1, "trend2": "increasing", "label": "River mouth 682"}, "geometry": {"type": "Point", "coordinates": [133.69869895913715, 34.55490988218493]}}, {"id": "671", "type": "Feature", "properties": {"ID": 683, "width_mean": 319.0, "slope": 7e-05, "uparea": 1999.79879098, "trend": "no trend", "ave_flux": 0.0148, "continent": "Asia", "ord_stra": 5, "image_num": 945, "OWT": 1, "trend2": "no trend", "label": "River mouth 683"}, "geometry": {"type": "Point", "coordinates": [134.06522547300455, 34.67301457457182]}}, {"id": "672", "type": "Feature", "properties": {"ID": 684, "width_mean": 372.0, "slope": -1.3e-05, "uparea": 5017.01567185, "trend": "no trend", "ave_flux": 0.0331714, "continent": "Asia", "ord_stra": 6, "image_num": 493, "OWT": 1, "trend2": "no trend", "label": "River mouth 684"}, "geometry": {"type": "Point", "coordinates": [136.72172077724076, 35.07656764877004]}}, {"id": "673", "type": "Feature", "properties": {"ID": 685, "width_mean": 572.0, "slope": -0.000896, "uparea": 7350.57416045, "trend": "decreasing", "ave_flux": 0.0219191, "continent": "Asia", "ord_stra": 6, "image_num": 567, "OWT": 1, "trend2": "decreasing", "label": "River mouth 685"}, "geometry": {"type": "Point", "coordinates": [135.47559131359307, 34.70769014511464]}}, {"id": "674", "type": "Feature", "properties": {"ID": 686, "width_mean": 850.0, "slope": 0.000125, "uparea": 5017.01567185, "trend": "no trend", "ave_flux": 0.0409514, "continent": "Asia", "ord_stra": 6, "image_num": 501, "OWT": 1, "trend2": "no trend", "label": "River mouth 686"}, "geometry": {"type": "Point", "coordinates": [136.6975328853827, 35.07670967213386]}}, {"id": "675", "type": "Feature", "properties": {"ID": 687, "width_mean": 72.0, "slope": 6.4e-05, "uparea": 418.0074079934825, "trend": "no trend", "ave_flux": 0.00517429, "continent": "Asia", "ord_stra": 4, "image_num": 990, "OWT": 4, "trend2": "increasing", "label": "River mouth 687"}, "geometry": {"type": "Point", "coordinates": [139.14080170268545, 35.32593115739522]}}, {"id": "676", "type": "Feature", "properties": {"ID": 688, "width_mean": 97.0, "slope": 0.000562, "uparea": 3386.84569927, "trend": "no trend", "ave_flux": 0.0305486, "continent": "Asia", "ord_stra": 5, "image_num": 536, "OWT": 2, "trend2": "increasing", "label": "River mouth 688"}, "geometry": {"type": "Point", "coordinates": [138.62009999981524, 35.1645100000365]}}, {"id": "677", "type": "Feature", "properties": {"ID": 689, "width_mean": 97.0, "slope": -0.000108, "uparea": 1234.56286849, "trend": "decreasing", "ave_flux": 0.0145794, "continent": "Asia", "ord_stra": 4, "image_num": 489, "OWT": 4, "trend2": "decreasing", "label": "River mouth 689"}, "geometry": {"type": "Point", "coordinates": [138.25107519435636, 34.802081433670125]}}, {"id": "678", "type": "Feature", "properties": {"ID": 690, "width_mean": 124.0, "slope": 7e-06, "uparea": 1231.60511453, "trend": "no trend", "ave_flux": 0.00384857, "continent": "Asia", "ord_stra": 4, "image_num": 464, "OWT": 1, "trend2": "no trend", "label": "River mouth 690"}, "geometry": {"type": "Point", "coordinates": [139.73192563734588, 35.54314032557892]}}, {"id": "679", "type": "Feature", "properties": {"ID": 691, "width_mean": 155.0, "slope": 0.0, "uparea": 171.4853706116914, "trend": "no trend", "ave_flux": 0.000441906, "continent": "Asia", "ord_stra": 4, "image_num": 930, "OWT": 3, "trend2": "no trend", "label": "River mouth 691"}, "geometry": {"type": "Point", "coordinates": [139.36838413594606, 35.36464329975167]}}, {"id": "680", "type": "Feature", "properties": {"ID": 692, "width_mean": 190.0, "slope": 0.0001, "uparea": 2699.81304775, "trend": "no trend", "ave_flux": 0.00856286, "continent": "Asia", "ord_stra": 5, "image_num": 458, "OWT": 1, "trend2": "no trend", "label": "River mouth 692"}, "geometry": {"type": "Point", "coordinates": [139.82622560553497, 35.735045929336245]}}, {"id": "681", "type": "Feature", "properties": {"ID": 693, "width_mean": 747.0, "slope": 0.000967, "uparea": 15532.2918682, "trend": "no trend", "ave_flux": 0.0806229, "continent": "Asia", "ord_stra": 6, "image_num": 842, "OWT": 1, "trend2": "no trend", "label": "River mouth 693"}, "geometry": {"type": "Point", "coordinates": [140.7719024257216, 35.76837746909405]}}, {"id": "682", "type": "Feature", "properties": {"ID": 694, "width_mean": 2520.0, "slope": -1.4e-05, "uparea": 1111.33316158, "trend": "no trend", "ave_flux": 0.00202, "continent": "North America", "ord_stra": 4, "image_num": 828, "OWT": 1, "trend2": "decreasing", "label": "River mouth 694"}, "geometry": {"type": "Point", "coordinates": [-122.21473081755902, 38.06111847010148]}}, {"id": "683", "type": "Feature", "properties": {"ID": 695, "width_mean": 228.0, "slope": -0.00054, "uparea": 17721.5150541, "trend": "decreasing", "ave_flux": 0.0175348, "continent": "North America", "ord_stra": 5, "image_num": 675, "OWT": 3, "trend2": "decreasing", "label": "River mouth 695"}, "geometry": {"type": "Point", "coordinates": [-77.40005000040713, 37.422840000165934]}}, {"id": "684", "type": "Feature", "properties": {"ID": 696, "width_mean": 271.0, "slope": -6.4e-05, "uparea": 3544.35874554, "trend": "decreasing", "ave_flux": 0.0039244, "continent": "North America", "ord_stra": 5, "image_num": 672, "OWT": 3, "trend2": "decreasing", "label": "River mouth 696"}, "geometry": {"type": "Point", "coordinates": [-77.4230638617978, 37.229569106624005]}}, {"id": "685", "type": "Feature", "properties": {"ID": 697, "width_mean": 655.0, "slope": 8e-06, "uparea": 659.6224696020322, "trend": "no trend", "ave_flux": 0.00160286, "continent": "North America", "ord_stra": 4, "image_num": 1237, "OWT": 3, "trend2": "no trend", "label": "River mouth 697"}, "geometry": {"type": "Point", "coordinates": [-76.9451900002183, 37.392810000281315]}}, {"id": "686", "type": "Feature", "properties": {"ID": 698, "width_mean": 850.0, "slope": -0.000362, "uparea": 20449.294118, "trend": "decreasing", "ave_flux": 0.0139133, "continent": "North America", "ord_stra": 6, "image_num": 550, "OWT": 1, "trend2": "decreasing", "label": "River mouth 698"}, "geometry": {"type": "Point", "coordinates": [-75.1349221049488, 39.927772274741464]}}, {"id": "687", "type": "Feature", "properties": {"ID": 699, "width_mean": 1237.0, "slope": 0.000627, "uparea": 69239.7706182, "trend": "no trend", "ave_flux": 0.354217, "continent": "North America", "ord_stra": 7, "image_num": 1367, "OWT": 1, "trend2": "no trend", "label": "River mouth 699"}, "geometry": {"type": "Point", "coordinates": [-76.18244390747782, 39.66461198830743]}}, {"id": "688", "type": "Feature", "properties": {"ID": 700, "width_mean": 1996.0, "slope": -9.7e-05, "uparea": 31284.9095745, "trend": "decreasing", "ave_flux": 0.00980263, "continent": "North America", "ord_stra": 4, "image_num": 701, "OWT": 1, "trend2": "decreasing", "label": "River mouth 700"}, "geometry": {"type": "Point", "coordinates": [-77.17576160582527, 38.61359299302766]}}, {"id": "689", "type": "Feature", "properties": {"ID": 701, "width_mean": 2244.0, "slope": -7e-06, "uparea": 470.1075821823877, "trend": "no trend", "ave_flux": 0.000316667, "continent": "North America", "ord_stra": 4, "image_num": 736, "OWT": 1, "trend2": "decreasing", "label": "River mouth 701"}, "geometry": {"type": "Point", "coordinates": [-76.85460999955183, 38.33402999998458]}}, {"id": "690", "type": "Feature", "properties": {"ID": 702, "width_mean": 3987.0, "slope": -0.000155, "uparea": 5911.22519438, "trend": "decreasing", "ave_flux": 0.0067658, "continent": "North America", "ord_stra": 4, "image_num": 1425, "OWT": 1, "trend2": "decreasing", "label": "River mouth 702"}, "geometry": {"type": "Point", "coordinates": [-76.65564529770805, 37.77571769708024]}}, {"id": "691", "type": "Feature", "properties": {"ID": 703, "width_mean": 72.0, "slope": 4e-06, "uparea": 1080.86613737, "trend": "no trend", "ave_flux": 0.0002945, "continent": "Europe", "ord_stra": 4, "image_num": 1314, "OWT": 2, "trend2": "no trend", "label": "River mouth 703"}, "geometry": {"type": "Point", "coordinates": [-6.82450030524455, 37.30561597561282]}}, {"id": "692", "type": "Feature", "properties": {"ID": 704, "width_mean": 97.0, "slope": -6e-06, "uparea": 1521.31324342, "trend": "no trend", "ave_flux": 0.00134571, "continent": "Europe", "ord_stra": 4, "image_num": 1252, "OWT": 3, "trend2": "decreasing", "label": "River mouth 704"}, "geometry": {"type": "Point", "coordinates": [-8.747030000134373, 37.7017999996703]}}, {"id": "693", "type": "Feature", "properties": {"ID": 705, "width_mean": 228.0, "slope": -1e-05, "uparea": 66690.8926491, "trend": "no trend", "ave_flux": 0.00586191, "continent": "Europe", "ord_stra": 6, "image_num": 1296, "OWT": 1, "trend2": "no trend", "label": "River mouth 705"}, "geometry": {"type": "Point", "coordinates": [-7.418740000350681, 37.23775999972423]}}, {"id": "694", "type": "Feature", "properties": {"ID": 706, "width_mean": 432.0, "slope": 0.0, "uparea": 2137.92966374, "trend": "no trend", "ave_flux": 0.000601257, "continent": "Europe", "ord_stra": 4, "image_num": 1141, "OWT": 1, "trend2": "no trend", "label": "River mouth 706"}, "geometry": {"type": "Point", "coordinates": [-6.9716500778304065, 37.28274027630784]}}, {"id": "695", "type": "Feature", "properties": {"ID": 707, "width_mean": 572.0, "slope": -0.000288, "uparea": 56997.7298648, "trend": "decreasing", "ave_flux": 0.0167541, "continent": "Europe", "ord_stra": 6, "image_num": 721, "OWT": 1, "trend2": "decreasing", "label": "River mouth 707"}, "geometry": {"type": "Point", "coordinates": [-6.363822605046147, 36.789554819258655]}}, {"id": "696", "type": "Feature", "properties": {"ID": 708, "width_mean": 850.0, "slope": -4e-06, "uparea": 6229.23155141, "trend": "no trend", "ave_flux": 0.00502857, "continent": "Europe", "ord_stra": 4, "image_num": 1156, "OWT": 1, "trend2": "no trend", "label": "River mouth 708"}, "geometry": {"type": "Point", "coordinates": [-8.685897256644969, 38.420621963044006]}}, {"id": "697", "type": "Feature", "properties": {"ID": 709, "width_mean": 5000.0, "slope": -0.000387, "uparea": 71080.1754387, "trend": "decreasing", "ave_flux": 0.0164251, "continent": "Europe", "ord_stra": 4, "image_num": 652, "OWT": 1, "trend2": "decreasing", "label": "River mouth 709"}, "geometry": {"type": "Point", "coordinates": [-9.07007246203436, 38.73012820594554]}}, {"id": "698", "type": "Feature", "properties": {"ID": 710, "width_mean": 50.0, "slope": -3.7e-05, "uparea": 19408.4753073, "trend": "decreasing", "ave_flux": 0.00108, "continent": "Europe", "ord_stra": 6, "image_num": 1279, "OWT": 4, "trend2": "decreasing", "label": "River mouth 710"}, "geometry": {"type": "Point", "coordinates": [-0.3331500000724077, 39.19152999970976]}}, {"id": "699", "type": "Feature", "properties": {"ID": 711, "width_mean": 72.0, "slope": 6.4e-05, "uparea": 2317.48251484, "trend": "no trend", "ave_flux": 0.00596571, "continent": "Africa", "ord_stra": 4, "image_num": 1251, "OWT": 2, "trend2": "increasing", "label": "River mouth 711"}, "geometry": {"type": "Point", "coordinates": [3.868099999715241, 36.83274000015092]}}, {"id": "700", "type": "Feature", "properties": {"ID": 712, "width_mean": 50.0, "slope": 0.0, "uparea": 22616.4537774, "trend": "no trend", "ave_flux": 0.00156857, "continent": "Africa", "ord_stra": 5, "image_num": 1221, "OWT": 4, "trend2": "no trend", "label": "River mouth 712"}, "geometry": {"type": "Point", "coordinates": [10.108113255460896, 37.021493413901325]}}, {"id": "701", "type": "Feature", "properties": {"ID": 713, "width_mean": 50.0, "slope": 0.0, "uparea": 6006.29052038, "trend": "no trend", "ave_flux": 0.0006508, "continent": "Africa", "ord_stra": 5, "image_num": 672, "OWT": 2, "trend2": "no trend", "label": "River mouth 713"}, "geometry": {"type": "Point", "coordinates": [7.771050553254958, 36.8193237057059]}}, {"id": "702", "type": "Feature", "properties": {"ID": 714, "width_mean": 72.0, "slope": -0.000822, "uparea": 16099.9709256, "trend": "decreasing", "ave_flux": 0.0217657, "continent": "Africa", "ord_stra": 5, "image_num": 614, "OWT": 2, "trend2": "decreasing", "label": "River mouth 714"}, "geometry": {"type": "Point", "coordinates": [6.120040000145934, 36.85158000021687]}}, {"id": "703", "type": "Feature", "properties": {"ID": 715, "width_mean": 50.0, "slope": 4.4e-05, "uparea": 2953.58001919, "trend": "no trend", "ave_flux": 0.00368857, "continent": "Europe", "ord_stra": 4, "image_num": 700, "OWT": 2, "trend2": "no trend", "label": "River mouth 715"}, "geometry": {"type": "Point", "coordinates": [21.579669999670784, 37.635210000041525]}}, {"id": "704", "type": "Feature", "properties": {"ID": 716, "width_mean": 50.0, "slope": -4.2e-05, "uparea": 9192.22285708, "trend": "no trend", "ave_flux": 0.00920286, "continent": "Europe", "ord_stra": 5, "image_num": 883, "OWT": 2, "trend2": "no trend", "label": "River mouth 716"}, "geometry": {"type": "Point", "coordinates": [22.624890983443187, 39.896395802363195]}}, {"id": "705", "type": "Feature", "properties": {"ID": 717, "width_mean": 190.0, "slope": -8.2e-05, "uparea": 1885.68130733, "trend": "decreasing", "ave_flux": 0.00435429, "continent": "Europe", "ord_stra": 4, "image_num": 1217, "OWT": 1, "trend2": "decreasing", "label": "River mouth 717"}, "geometry": {"type": "Point", "coordinates": [21.022530647153687, 39.07643915789916]}}, {"id": "706", "type": "Feature", "properties": {"ID": 718, "width_mean": 432.0, "slope": -0.000464, "uparea": 5569.51293005, "trend": "decreasing", "ave_flux": 0.0142554, "continent": "Europe", "ord_stra": 5, "image_num": 1295, "OWT": 1, "trend2": "decreasing", "label": "River mouth 718"}, "geometry": {"type": "Point", "coordinates": [21.147439999856147, 38.36576999958584]}}, {"id": "707", "type": "Feature", "properties": {"ID": 719, "width_mean": 50.0, "slope": 0.000238, "uparea": 24082.2827116, "trend": "no trend", "ave_flux": 0.0213771, "continent": "Asia", "ord_stra": 5, "image_num": 1401, "OWT": 2, "trend2": "no trend", "label": "River mouth 719"}, "geometry": {"type": "Point", "coordinates": [27.229031524720135, 37.55868279011054]}}, {"id": "708", "type": "Feature", "properties": {"ID": 720, "width_mean": 50.0, "slope": 4.6e-05, "uparea": 16401.9555051, "trend": "no trend", "ave_flux": 0.00895714, "continent": "Asia", "ord_stra": 6, "image_num": 1343, "OWT": 2, "trend2": "no trend", "label": "River mouth 720"}, "geometry": {"type": "Point", "coordinates": [26.92186999980072, 38.63337000042526]}}, {"id": "709", "type": "Feature", "properties": {"ID": 721, "width_mean": 72.0, "slope": 5.6e-05, "uparea": 2358.50541945, "trend": "increasing", "ave_flux": 0.00309143, "continent": "Asia", "ord_stra": 4, "image_num": 790, "OWT": 4, "trend2": "increasing", "label": "River mouth 721"}, "geometry": {"type": "Point", "coordinates": [29.311936721546445, 36.342649871566366]}}, {"id": "710", "type": "Feature", "properties": {"ID": 722, "width_mean": 124.0, "slope": -4e-06, "uparea": 5223.22392445, "trend": "no trend", "ave_flux": 0.00364, "continent": "Asia", "ord_stra": 5, "image_num": 809, "OWT": 4, "trend2": "no trend", "label": "River mouth 722"}, "geometry": {"type": "Point", "coordinates": [28.76162999962486, 36.75310000036478]}}, {"id": "711", "type": "Feature", "properties": {"ID": 723, "width_mean": 271.0, "slope": 3e-05, "uparea": 883.7850280379033, "trend": "no trend", "ave_flux": 0.00285429, "continent": "Asia", "ord_stra": 4, "image_num": 1172, "OWT": 3, "trend2": "no trend", "label": "River mouth 723"}, "geometry": {"type": "Point", "coordinates": [28.632470344097968, 36.828282664441964]}}, {"id": "712", "type": "Feature", "properties": {"ID": 724, "width_mean": 72.0, "slope": -0.000408, "uparea": 23574.3551036, "trend": "decreasing", "ave_flux": 0.0205006, "continent": "Asia", "ord_stra": 6, "image_num": 1313, "OWT": 2, "trend2": "decreasing", "label": "River mouth 724"}, "geometry": {"type": "Point", "coordinates": [35.98139537231663, 36.06238430530449]}}, {"id": "713", "type": "Feature", "properties": {"ID": 725, "width_mean": 72.0, "slope": 0.000135, "uparea": 10779.1732028, "trend": "no trend", "ave_flux": 0.0197457, "continent": "Asia", "ord_stra": 5, "image_num": 1078, "OWT": 1, "trend2": "no trend", "label": "River mouth 725"}, "geometry": {"type": "Point", "coordinates": [34.023446941934, 36.34334847597844]}}, {"id": "714", "type": "Feature", "properties": {"ID": 727, "width_mean": 271.0, "slope": -0.000324, "uparea": 19775.3781807, "trend": "decreasing", "ave_flux": 0.0174511, "continent": "Asia", "ord_stra": 5, "image_num": 750, "OWT": 3, "trend2": "decreasing", "label": "River mouth 727"}, "geometry": {"type": "Point", "coordinates": [34.979443484724484, 36.758450082344716]}}, {"id": "715", "type": "Feature", "properties": {"ID": 728, "width_mean": 124.0, "slope": 0.001046, "uparea": 187441.498649, "trend": "no trend", "ave_flux": 0.384373, "continent": "Asia", "ord_stra": 7, "image_num": 960, "OWT": 3, "trend2": "no trend", "label": "River mouth 728"}, "geometry": {"type": "Point", "coordinates": [49.300117902405255, 39.38360237093693]}}, {"id": "716", "type": "Feature", "properties": {"ID": 729, "width_mean": 155.0, "slope": -0.000731, "uparea": 58490.7373352, "trend": "decreasing", "ave_flux": 0.0250908, "continent": "Asia", "ord_stra": 6, "image_num": 819, "OWT": 2, "trend2": "decreasing", "label": "River mouth 729"}, "geometry": {"type": "Point", "coordinates": [49.916227896481374, 37.39475119117739]}}, {"id": "717", "type": "Feature", "properties": {"ID": 730, "width_mean": 72.0, "slope": 0.000186, "uparea": 37413.5524458, "trend": "no trend", "ave_flux": 0.0315657, "continent": "Asia", "ord_stra": 4, "image_num": 660, "OWT": 2, "trend2": "no trend", "label": "River mouth 730"}, "geometry": {"type": "Point", "coordinates": [117.79101999987313, 38.19557000005551]}}, {"id": "718", "type": "Feature", "properties": {"ID": 731, "width_mean": 72.0, "slope": 0.0, "uparea": 1019.7923365, "trend": "no trend", "ave_flux": 0.000384457, "continent": "Asia", "ord_stra": 4, "image_num": 1161, "OWT": 2, "trend2": "no trend", "label": "River mouth 731"}, "geometry": {"type": "Point", "coordinates": [118.00592999996957, 37.87840000025983]}}, {"id": "719", "type": "Feature", "properties": {"ID": 732, "width_mean": 97.0, "slope": 0.0, "uparea": 1053.99790803, "trend": "no trend", "ave_flux": 0.000268, "continent": "Asia", "ord_stra": 4, "image_num": 612, "OWT": 2, "trend2": "decreasing", "label": "River mouth 732"}, "geometry": {"type": "Point", "coordinates": [119.34700000005, 39.8043699997757]}}, {"id": "720", "type": "Feature", "properties": {"ID": 733, "width_mean": 97.0, "slope": -2.7e-05, "uparea": 12049.4614182, "trend": "no trend", "ave_flux": 0.00453714, "continent": "Asia", "ord_stra": 5, "image_num": 1200, "OWT": 2, "trend2": "decreasing", "label": "River mouth 733"}, "geometry": {"type": "Point", "coordinates": [118.10934169242587, 37.78310177502133]}}, {"id": "721", "type": "Feature", "properties": {"ID": 734, "width_mean": 124.0, "slope": -0.0009, "uparea": 45438.1582831, "trend": "decreasing", "ave_flux": 0.0182721, "continent": "Asia", "ord_stra": 6, "image_num": 575, "OWT": 1, "trend2": "decreasing", "label": "River mouth 734"}, "geometry": {"type": "Point", "coordinates": [119.25933538909007, 39.42545647941294]}}, {"id": "722", "type": "Feature", "properties": {"ID": 735, "width_mean": 155.0, "slope": -0.0002, "uparea": 14636.7199267, "trend": "decreasing", "ave_flux": 0.00628584, "continent": "Asia", "ord_stra": 6, "image_num": 631, "OWT": 3, "trend2": "decreasing", "label": "River mouth 735"}, "geometry": {"type": "Point", "coordinates": [118.90463982889068, 37.28756172336392]}}, {"id": "723", "type": "Feature", "properties": {"ID": 736, "width_mean": 190.0, "slope": -8.6e-05, "uparea": 10054.0280701, "trend": "decreasing", "ave_flux": 0.00338166, "continent": "Asia", "ord_stra": 5, "image_num": 820, "OWT": 3, "trend2": "decreasing", "label": "River mouth 736"}, "geometry": {"type": "Point", "coordinates": [117.92351869696279, 38.17353226922337]}}, {"id": "724", "type": "Feature", "properties": {"ID": 737, "width_mean": 190.0, "slope": 0.000233, "uparea": 75664.3144999, "trend": "no trend", "ave_flux": 0.0400057, "continent": "Asia", "ord_stra": 5, "image_num": 615, "OWT": 3, "trend2": "no trend", "label": "River mouth 737"}, "geometry": {"type": "Point", "coordinates": [117.71400375160506, 39.11900823243077]}}, {"id": "725", "type": "Feature", "properties": {"ID": 739, "width_mean": 228.0, "slope": -4.5e-05, "uparea": 2346.98694876, "trend": "decreasing", "ave_flux": 0.00136566, "continent": "Asia", "ord_stra": 4, "image_num": 1193, "OWT": 3, "trend2": "decreasing", "label": "River mouth 739"}, "geometry": {"type": "Point", "coordinates": [119.57378898602236, 37.05067194788029]}}, {"id": "726", "type": "Feature", "properties": {"ID": 740, "width_mean": 271.0, "slope": -0.006062, "uparea": 760407.219448, "trend": "decreasing", "ave_flux": 0.56474, "continent": "Asia", "ord_stra": 8, "image_num": 590, "OWT": 2, "trend2": "decreasing", "label": "River mouth 740"}, "geometry": {"type": "Point", "coordinates": [118.9924978472823, 37.79315373774236]}}, {"id": "727", "type": "Feature", "properties": {"ID": 741, "width_mean": 850.0, "slope": -0.000142, "uparea": 6469.13079371, "trend": "decreasing", "ave_flux": 0.00439054, "continent": "Asia", "ord_stra": 4, "image_num": 1218, "OWT": 3, "trend2": "decreasing", "label": "River mouth 741"}, "geometry": {"type": "Point", "coordinates": [119.46645949850925, 37.06132136779371]}}, {"id": "728", "type": "Feature", "properties": {"ID": 742, "width_mean": 72.0, "slope": -1e-05, "uparea": 2838.59869936, "trend": "no trend", "ave_flux": 0.00294286, "continent": "Asia", "ord_stra": 4, "image_num": 584, "OWT": 2, "trend2": "decreasing", "label": "River mouth 742"}, "geometry": {"type": "Point", "coordinates": [122.53328000037175, 39.54930000029481]}}, {"id": "729", "type": "Feature", "properties": {"ID": 743, "width_mean": 228.0, "slope": -0.000141, "uparea": 5990.52517052, "trend": "decreasing", "ave_flux": 0.00445006, "continent": "Asia", "ord_stra": 5, "image_num": 620, "OWT": 3, "trend2": "decreasing", "label": "River mouth 743"}, "geometry": {"type": "Point", "coordinates": [120.11594869123937, 36.23631085565611]}}, {"id": "730", "type": "Feature", "properties": {"ID": 744, "width_mean": 228.0, "slope": 9e-06, "uparea": 1089.81378203, "trend": "no trend", "ave_flux": 0.00226, "continent": "Asia", "ord_stra": 4, "image_num": 1132, "OWT": 4, "trend2": "no trend", "label": "River mouth 744"}, "geometry": {"type": "Point", "coordinates": [121.25912999984962, 37.48129999989516]}}, {"id": "731", "type": "Feature", "properties": {"ID": 745, "width_mean": 372.0, "slope": -0.000505, "uparea": 5595.56910476, "trend": "decreasing", "ave_flux": 0.0221347, "continent": "Asia", "ord_stra": 5, "image_num": 1022, "OWT": 3, "trend2": "decreasing", "label": "River mouth 745"}, "geometry": {"type": "Point", "coordinates": [123.64680645494114, 39.915950371556484]}}, {"id": "732", "type": "Feature", "properties": {"ID": 746, "width_mean": 572.0, "slope": -4.9e-05, "uparea": 2604.95868864, "trend": "decreasing", "ave_flux": 0.00277766, "continent": "Asia", "ord_stra": 4, "image_num": 1238, "OWT": 3, "trend2": "decreasing", "label": "River mouth 746"}, "geometry": {"type": "Point", "coordinates": [120.76188579136655, 36.66740368232005]}}, {"id": "733", "type": "Feature", "properties": {"ID": 747, "width_mean": 2244.0, "slope": -0.003173, "uparea": 19478.9718549, "trend": "decreasing", "ave_flux": 0.0745029, "continent": "Asia", "ord_stra": 4, "image_num": 612, "OWT": 1, "trend2": "decreasing", "label": "River mouth 747"}, "geometry": {"type": "Point", "coordinates": [125.39663025140908, 38.706849241486154]}}, {"id": "734", "type": "Feature", "properties": {"ID": 748, "width_mean": 2244.0, "slope": -0.00039, "uparea": 5685.82064832, "trend": "decreasing", "ave_flux": 0.0388339, "continent": "Asia", "ord_stra": 4, "image_num": 772, "OWT": 3, "trend2": "decreasing", "label": "River mouth 748"}, "geometry": {"type": "Point", "coordinates": [125.37354438601595, 39.534742696936604]}}, {"id": "735", "type": "Feature", "properties": {"ID": 749, "width_mean": 72.0, "slope": -4e-06, "uparea": 674.5884382444788, "trend": "no trend", "ave_flux": 0.00162286, "continent": "Asia", "ord_stra": 4, "image_num": 495, "OWT": 3, "trend2": "no trend", "label": "River mouth 749"}, "geometry": {"type": "Point", "coordinates": [128.29076999973574, 38.615700000354764]}}, {"id": "736", "type": "Feature", "properties": {"ID": 750, "width_mean": 97.0, "slope": 4e-06, "uparea": 586.7766311366454, "trend": "no trend", "ave_flux": 0.00337429, "continent": "Asia", "ord_stra": 4, "image_num": 825, "OWT": 3, "trend2": "no trend", "label": "River mouth 750"}, "geometry": {"type": "Point", "coordinates": [127.52114566673106, 39.095248114722466]}}, {"id": "737", "type": "Feature", "properties": {"ID": 751, "width_mean": 228.0, "slope": -0.000142, "uparea": 1168.41129196, "trend": "decreasing", "ave_flux": 0.0045174, "continent": "Asia", "ord_stra": 4, "image_num": 587, "OWT": 1, "trend2": "decreasing", "label": "River mouth 751"}, "geometry": {"type": "Point", "coordinates": [127.4170057789988, 39.442905880011374]}}, {"id": "738", "type": "Feature", "properties": {"ID": 752, "width_mean": 271.0, "slope": 5.4e-05, "uparea": 2000.25192477, "trend": "no trend", "ave_flux": 0.00487813, "continent": "Asia", "ord_stra": 4, "image_num": 571, "OWT": 3, "trend2": "no trend", "label": "River mouth 752"}, "geometry": {"type": "Point", "coordinates": [127.57090433776406, 39.84379690185894]}}, {"id": "739", "type": "Feature", "properties": {"ID": 753, "width_mean": 319.0, "slope": 0.0, "uparea": 1071.8982663, "trend": "no trend", "ave_flux": 0.000777486, "continent": "Asia", "ord_stra": 4, "image_num": 551, "OWT": 3, "trend2": "no trend", "label": "River mouth 753"}, "geometry": {"type": "Point", "coordinates": [129.34887081267672, 36.00195502598726]}}, {"id": "740", "type": "Feature", "properties": {"ID": 754, "width_mean": 319.0, "slope": -0.001512, "uparea": 9807.82995789, "trend": "decreasing", "ave_flux": 0.0447925, "continent": "Asia", "ord_stra": 5, "image_num": 1067, "OWT": 1, "trend2": "decreasing", "label": "River mouth 754"}, "geometry": {"type": "Point", "coordinates": [126.77997511932998, 36.03081505717679]}}, {"id": "741", "type": "Feature", "properties": {"ID": 755, "width_mean": 432.0, "slope": -1.9e-05, "uparea": 3511.33996083, "trend": "no trend", "ave_flux": 0.0150714, "continent": "Asia", "ord_stra": 5, "image_num": 696, "OWT": 3, "trend2": "no trend", "label": "River mouth 755"}, "geometry": {"type": "Point", "coordinates": [126.39217043507747, 37.9577157027765]}}, {"id": "742", "type": "Feature", "properties": {"ID": 756, "width_mean": 655.0, "slope": -9.9e-05, "uparea": 1471.15340027, "trend": "decreasing", "ave_flux": 0.00530103, "continent": "Asia", "ord_stra": 4, "image_num": 1070, "OWT": 1, "trend2": "decreasing", "label": "River mouth 756"}, "geometry": {"type": "Point", "coordinates": [126.95132789284727, 36.92006489586536]}}, {"id": "743", "type": "Feature", "properties": {"ID": 757, "width_mean": 2520.0, "slope": -0.002291, "uparea": 34308.7322251, "trend": "no trend", "ave_flux": 0.236663, "continent": "Asia", "ord_stra": 4, "image_num": 587, "OWT": 3, "trend2": "decreasing", "label": "River mouth 757"}, "geometry": {"type": "Point", "coordinates": [126.61433146423617, 37.77425469266104]}}, {"id": "744", "type": "Feature", "properties": {"ID": 758, "width_mean": 72.0, "slope": 8.5e-05, "uparea": 681.1248410145089, "trend": "no trend", "ave_flux": 0.0115659, "continent": "Asia", "ord_stra": 4, "image_num": 320, "OWT": 4, "trend2": "no trend", "label": "River mouth 758"}, "geometry": {"type": "Point", "coordinates": [137.47906657772364, 36.898126890897224]}}, {"id": "745", "type": "Feature", "properties": {"ID": 760, "width_mean": 97.0, "slope": 0.000157, "uparea": 2707.44753352, "trend": "no trend", "ave_flux": 0.0302057, "continent": "Asia", "ord_stra": 5, "image_num": 401, "OWT": 1, "trend2": "no trend", "label": "River mouth 760"}, "geometry": {"type": "Point", "coordinates": [137.2181562662613, 36.74540128282716]}}, {"id": "746", "type": "Feature", "properties": {"ID": 761, "width_mean": 155.0, "slope": -1.9e-05, "uparea": 1109.12406773, "trend": "no trend", "ave_flux": 0.0125009, "continent": "Asia", "ord_stra": 5, "image_num": 402, "OWT": 3, "trend2": "no trend", "label": "River mouth 761"}, "geometry": {"type": "Point", "coordinates": [137.0526819228533, 36.75658144173039]}}, {"id": "747", "type": "Feature", "properties": {"ID": 762, "width_mean": 271.0, "slope": 0.001315, "uparea": 2623.25102835, "trend": "increasing", "ave_flux": 0.0502886, "continent": "Asia", "ord_stra": 6, "image_num": 782, "OWT": 1, "trend2": "increasing", "label": "River mouth 762"}, "geometry": {"type": "Point", "coordinates": [136.16169687544644, 36.159030189729414]}}, {"id": "748", "type": "Feature", "properties": {"ID": 763, "width_mean": 50.0, "slope": -4e-06, "uparea": 1192.48530972, "trend": "no trend", "ave_flux": 0.00600286, "continent": "Asia", "ord_stra": 4, "image_num": 507, "OWT": 3, "trend2": "no trend", "label": "River mouth 763"}, "geometry": {"type": "Point", "coordinates": [140.59229343901546, 36.488797746294104]}}, {"id": "749", "type": "Feature", "properties": {"ID": 764, "width_mean": 72.0, "slope": 0.000155, "uparea": 750.4740660397238, "trend": "increasing", "ave_flux": 0.00548571, "continent": "Asia", "ord_stra": 4, "image_num": 443, "OWT": 2, "trend2": "increasing", "label": "River mouth 764"}, "geometry": {"type": "Point", "coordinates": [141.11441000042123, 38.439890000223386]}}, {"id": "750", "type": "Feature", "properties": {"ID": 765, "width_mean": 97.0, "slope": 0.001233, "uparea": 6573.1469754, "trend": "increasing", "ave_flux": 0.0799171, "continent": "Asia", "ord_stra": 5, "image_num": 642, "OWT": 1, "trend2": "increasing", "label": "River mouth 765"}, "geometry": {"type": "Point", "coordinates": [139.8390111749798, 38.890675180783205]}}, {"id": "751", "type": "Feature", "properties": {"ID": 766, "width_mean": 124.0, "slope": 0.000863, "uparea": 4070.28263708, "trend": "increasing", "ave_flux": 0.0715171, "continent": "Asia", "ord_stra": 5, "image_num": 757, "OWT": 1, "trend2": "increasing", "label": "River mouth 766"}, "geometry": {"type": "Point", "coordinates": [140.12829999994506, 39.642930000419256]}}, {"id": "752", "type": "Feature", "properties": {"ID": 767, "width_mean": 124.0, "slope": 7.1e-05, "uparea": 950.3258179995876, "trend": "no trend", "ave_flux": 0.0168257, "continent": "Asia", "ord_stra": 4, "image_num": 442, "OWT": 3, "trend2": "no trend", "label": "River mouth 767"}, "geometry": {"type": "Point", "coordinates": [139.46775997818176, 38.12752562940309]}}, {"id": "753", "type": "Feature", "properties": {"ID": 768, "width_mean": 124.0, "slope": 9.1e-05, "uparea": 386.327362985578, "trend": "increasing", "ave_flux": 0.0033988, "continent": "Asia", "ord_stra": 4, "image_num": 407, "OWT": 2, "trend2": "increasing", "label": "River mouth 768"}, "geometry": {"type": "Point", "coordinates": [139.49892250608264, 38.25580457645856]}}, {"id": "754", "type": "Feature", "properties": {"ID": 769, "width_mean": 155.0, "slope": 0.000291, "uparea": 881.3054217450908, "trend": "increasing", "ave_flux": 0.0142714, "continent": "Asia", "ord_stra": 4, "image_num": 373, "OWT": 3, "trend2": "increasing", "label": "River mouth 769"}, "geometry": {"type": "Point", "coordinates": [139.0248699995509, 37.86584999977771]}}, {"id": "755", "type": "Feature", "properties": {"ID": 770, "width_mean": 190.0, "slope": 0.0, "uparea": 2614.95739402, "trend": "no trend", "ave_flux": 0.0140257, "continent": "Asia", "ord_stra": 5, "image_num": 531, "OWT": 1, "trend2": "no trend", "label": "River mouth 770"}, "geometry": {"type": "Point", "coordinates": [140.553403891016, 36.358686941731115]}}, {"id": "756", "type": "Feature", "properties": {"ID": 771, "width_mean": 228.0, "slope": 0.000133, "uparea": 1898.89917141, "trend": "increasing", "ave_flux": 0.00695429, "continent": "Asia", "ord_stra": 5, "image_num": 822, "OWT": 1, "trend2": "increasing", "label": "River mouth 771"}, "geometry": {"type": "Point", "coordinates": [141.31132319657107, 38.447418540956534]}}, {"id": "757", "type": "Feature", "properties": {"ID": 772, "width_mean": 319.0, "slope": 0.00031, "uparea": 4474.8396727, "trend": "no trend", "ave_flux": 0.0197699, "continent": "Asia", "ord_stra": 5, "image_num": 506, "OWT": 1, "trend2": "no trend", "label": "River mouth 772"}, "geometry": {"type": "Point", "coordinates": [140.86026947625606, 38.08194752629033]}}, {"id": "758", "type": "Feature", "properties": {"ID": 773, "width_mean": 319.0, "slope": 0.000142, "uparea": 8237.17894216, "trend": "no trend", "ave_flux": 0.0280914, "continent": "Asia", "ord_stra": 4, "image_num": 869, "OWT": 1, "trend2": "no trend", "label": "River mouth 773"}, "geometry": {"type": "Point", "coordinates": [141.39618959170087, 38.5392661657132]}}, {"id": "759", "type": "Feature", "properties": {"ID": 774, "width_mean": 432.0, "slope": -4.7e-05, "uparea": 7385.41381508, "trend": "no trend", "ave_flux": 0.0660943, "continent": "Asia", "ord_stra": 6, "image_num": 388, "OWT": 1, "trend2": "no trend", "label": "River mouth 774"}, "geometry": {"type": "Point", "coordinates": [139.1458320380486, 37.92336081296751]}}, {"id": "760", "type": "Feature", "properties": {"ID": 775, "width_mean": 72.0, "slope": 0.0005, "uparea": 13106.030601, "trend": "no trend", "ave_flux": 0.0537829, "continent": "North America", "ord_stra": 5, "image_num": 1311, "OWT": 3, "trend2": "no trend", "label": "River mouth 775"}, "geometry": {"type": "Point", "coordinates": [-124.35565749628375, 42.466413883829404]}}, {"id": "761", "type": "Feature", "properties": {"ID": 776, "width_mean": 124.0, "slope": 0.000226, "uparea": 9366.96950827, "trend": "no trend", "ave_flux": 0.0309343, "continent": "North America", "ord_stra": 5, "image_num": 584, "OWT": 1, "trend2": "no trend", "label": "River mouth 776"}, "geometry": {"type": "Point", "coordinates": [-124.26173999980114, 40.625050000357305]}}, {"id": "762", "type": "Feature", "properties": {"ID": 777, "width_mean": 124.0, "slope": 0.000537, "uparea": 33799.2639326, "trend": "no trend", "ave_flux": 0.0546645, "continent": "North America", "ord_stra": 7, "image_num": 640, "OWT": 1, "trend2": "no trend", "label": "River mouth 777"}, "geometry": {"type": "Point", "coordinates": [-124.02094562338331, 41.51907036639012]}}, {"id": "763", "type": "Feature", "properties": {"ID": 778, "width_mean": 190.0, "slope": 0.000367, "uparea": 11003.8214715, "trend": "no trend", "ave_flux": 0.0408371, "continent": "North America", "ord_stra": 6, "image_num": 1117, "OWT": 1, "trend2": "no trend", "label": "River mouth 778"}, "geometry": {"type": "Point", "coordinates": [-124.15958516291067, 43.7064506003713]}}, {"id": "764", "type": "Feature", "properties": {"ID": 779, "width_mean": 155.0, "slope": -1.4e-05, "uparea": 4932.15824607, "trend": "no trend", "ave_flux": 0.00573429, "continent": "North America", "ord_stra": 5, "image_num": 632, "OWT": 1, "trend2": "no trend", "label": "River mouth 779"}, "geometry": {"type": "Point", "coordinates": [-73.11081400270041, 41.22329349294398]}}, {"id": "765", "type": "Feature", "properties": {"ID": 780, "width_mean": 432.0, "slope": -0.000127, "uparea": 28944.9995959, "trend": "no trend", "ave_flux": 0.0478914, "continent": "North America", "ord_stra": 6, "image_num": 1200, "OWT": 1, "trend2": "no trend", "label": "River mouth 780"}, "geometry": {"type": "Point", "coordinates": [-72.34874580052512, 41.31468777714646]}}, {"id": "766", "type": "Feature", "properties": {"ID": 781, "width_mean": 498.0, "slope": 7.9e-05, "uparea": 3663.63829263, "trend": "no trend", "ave_flux": 0.00517714, "continent": "North America", "ord_stra": 4, "image_num": 1237, "OWT": 3, "trend2": "no trend", "label": "River mouth 781"}, "geometry": {"type": "Point", "coordinates": [-72.09191322965016, 41.37725353787715]}}, {"id": "767", "type": "Feature", "properties": {"ID": 782, "width_mean": 1575.0, "slope": -0.001832, "uparea": 34387.5028426, "trend": "decreasing", "ave_flux": 0.108137, "continent": "North America", "ord_stra": 6, "image_num": 1335, "OWT": 1, "trend2": "decreasing", "label": "River mouth 782"}, "geometry": {"type": "Point", "coordinates": [-73.89880478608602, 40.97167453421835]}}, {"id": "768", "type": "Feature", "properties": {"ID": 783, "width_mean": 155.0, "slope": 1.1e-05, "uparea": 4369.31878687, "trend": "no trend", "ave_flux": 0.0115885, "continent": "North America", "ord_stra": 5, "image_num": 1072, "OWT": 1, "trend2": "no trend", "label": "River mouth 783"}, "geometry": {"type": "Point", "coordinates": [-70.4166040107399, 43.47925579852695]}}, {"id": "769", "type": "Feature", "properties": {"ID": 784, "width_mean": 372.0, "slope": -0.000194, "uparea": 12711.5630385, "trend": "decreasing", "ave_flux": 0.00891983, "continent": "North America", "ord_stra": 6, "image_num": 606, "OWT": 3, "trend2": "decreasing", "label": "River mouth 784"}, "geometry": {"type": "Point", "coordinates": [-70.9373376886287, 42.82450059679515]}}, {"id": "770", "type": "Feature", "properties": {"ID": 785, "width_mean": 572.0, "slope": -0.00025, "uparea": 24525.7107802, "trend": "no trend", "ave_flux": 0.050237, "continent": "North America", "ord_stra": 6, "image_num": 1156, "OWT": 3, "trend2": "no trend", "label": "River mouth 785"}, "geometry": {"type": "Point", "coordinates": [-69.79685000022727, 43.87101000001155]}}, {"id": "771", "type": "Feature", "properties": {"ID": 786, "width_mean": 50.0, "slope": -0.000223, "uparea": 1007.93548441, "trend": "decreasing", "ave_flux": 0.00515003, "continent": "Europe", "ord_stra": 4, "image_num": 1041, "OWT": 4, "trend2": "decreasing", "label": "River mouth 786"}, "geometry": {"type": "Point", "coordinates": [-8.6700654695283, 41.35005641164486]}}, {"id": "772", "type": "Feature", "properties": {"ID": 787, "width_mean": 72.0, "slope": -9e-05, "uparea": 5386.51638591, "trend": "decreasing", "ave_flux": 0.00390054, "continent": "Europe", "ord_stra": 5, "image_num": 648, "OWT": 3, "trend2": "decreasing", "label": "River mouth 787"}, "geometry": {"type": "Point", "coordinates": [-8.764432086419994, 40.13309476149733]}}, {"id": "773", "type": "Feature", "properties": {"ID": 788, "width_mean": 72.0, "slope": -0.000421, "uparea": 1341.60808342, "trend": "decreasing", "ave_flux": 0.00706232, "continent": "Europe", "ord_stra": 4, "image_num": 1040, "OWT": 2, "trend2": "decreasing", "label": "River mouth 788"}, "geometry": {"type": "Point", "coordinates": [-8.693910000246262, 41.518739999851164]}}, {"id": "774", "type": "Feature", "properties": {"ID": 789, "width_mean": 97.0, "slope": 3.7e-05, "uparea": 2913.15080764, "trend": "no trend", "ave_flux": 0.0110743, "continent": "Europe", "ord_stra": 5, "image_num": 412, "OWT": 2, "trend2": "no trend", "label": "River mouth 789"}, "geometry": {"type": "Point", "coordinates": [-6.089244303246677, 43.53134131534329]}}, {"id": "775", "type": "Feature", "properties": {"ID": 790, "width_mean": 155.0, "slope": -0.000387, "uparea": 2467.08707439, "trend": "decreasing", "ave_flux": 0.0116771, "continent": "Europe", "ord_stra": 5, "image_num": 800, "OWT": 4, "trend2": "decreasing", "label": "River mouth 790"}, "geometry": {"type": "Point", "coordinates": [-6.725577645885243, 43.51163417760309]}}, {"id": "776", "type": "Feature", "properties": {"ID": 791, "width_mean": 155.0, "slope": -0.000313, "uparea": 2470.94962609, "trend": "decreasing", "ave_flux": 0.00621969, "continent": "Europe", "ord_stra": 4, "image_num": 1022, "OWT": 1, "trend2": "decreasing", "label": "River mouth 791"}, "geometry": {"type": "Point", "coordinates": [-8.76320358525072, 41.696531072051265]}}, {"id": "777", "type": "Feature", "properties": {"ID": 792, "width_mean": 190.0, "slope": -0.002515, "uparea": 96718.556181, "trend": "decreasing", "ave_flux": 0.0519507, "continent": "Europe", "ord_stra": 7, "image_num": 1045, "OWT": 1, "trend2": "decreasing", "label": "River mouth 792"}, "geometry": {"type": "Point", "coordinates": [-8.594169999845576, 41.13780999963183]}}, {"id": "778", "type": "Feature", "properties": {"ID": 793, "width_mean": 228.0, "slope": -0.000911, "uparea": 16674.476406, "trend": "decreasing", "ave_flux": 0.0336926, "continent": "Europe", "ord_stra": 6, "image_num": 1014, "OWT": 1, "trend2": "decreasing", "label": "River mouth 793"}, "geometry": {"type": "Point", "coordinates": [-8.808237136924525, 41.90800486578257]}}, {"id": "779", "type": "Feature", "properties": {"ID": 794, "width_mean": 50.0, "slope": 1e-05, "uparea": 1276.75752643, "trend": "no trend", "ave_flux": 0.00336297, "continent": "Europe", "ord_stra": 4, "image_num": 732, "OWT": 2, "trend2": "no trend", "label": "River mouth 794"}, "geometry": {"type": "Point", "coordinates": [-5.069699999855061, 43.43313000044924]}}, {"id": "780", "type": "Feature", "properties": {"ID": 795, "width_mean": 50.0, "slope": -1.7e-05, "uparea": 649.8056969688089, "trend": "no trend", "ave_flux": 0.00250571, "continent": "Europe", "ord_stra": 4, "image_num": 407, "OWT": 2, "trend2": "decreasing", "label": "River mouth 795"}, "geometry": {"type": "Point", "coordinates": [-4.539369999725636, 43.35627000026034]}}, {"id": "781", "type": "Feature", "properties": {"ID": 796, "width_mean": 72.0, "slope": 1.6e-05, "uparea": 1044.82819912, "trend": "no trend", "ave_flux": 0.00239714, "continent": "Europe", "ord_stra": 4, "image_num": 316, "OWT": 2, "trend2": "no trend", "label": "River mouth 796"}, "geometry": {"type": "Point", "coordinates": [-4.029618151577001, 43.41130200304457]}}, {"id": "782", "type": "Feature", "properties": {"ID": 797, "width_mean": 124.0, "slope": -0.000216, "uparea": 15858.6122778, "trend": "no trend", "ave_flux": 0.0367286, "continent": "Europe", "ord_stra": 6, "image_num": 510, "OWT": 1, "trend2": "decreasing", "label": "River mouth 797"}, "geometry": {"type": "Point", "coordinates": [-1.4934345376747582, 43.51022358383303]}}, {"id": "783", "type": "Feature", "properties": {"ID": 798, "width_mean": 155.0, "slope": -0.000174, "uparea": 1038.17680624, "trend": "decreasing", "ave_flux": 0.00405587, "continent": "Europe", "ord_stra": 5, "image_num": 315, "OWT": 3, "trend2": "decreasing", "label": "River mouth 798"}, "geometry": {"type": "Point", "coordinates": [-2.9959893048674675, 43.31505861341616]}}, {"id": "784", "type": "Feature", "properties": {"ID": 799, "width_mean": 50.0, "slope": -0.000117, "uparea": 4871.73572375, "trend": "decreasing", "ave_flux": 0.00574571, "continent": "Europe", "ord_stra": 5, "image_num": 568, "OWT": 2, "trend2": "decreasing", "label": "River mouth 799"}, "geometry": {"type": "Point", "coordinates": [3.1741714976547066, 43.24318254366462]}}, {"id": "785", "type": "Feature", "properties": {"ID": 800, "width_mean": 50.0, "slope": -0.000133, "uparea": 1547.33050764, "trend": "decreasing", "ave_flux": 0.00337291, "continent": "Europe", "ord_stra": 4, "image_num": 583, "OWT": 4, "trend2": "decreasing", "label": "River mouth 800"}, "geometry": {"type": "Point", "coordinates": [3.2761800003067947, 43.29012000023789]}}, {"id": "786", "type": "Feature", "properties": {"ID": 801, "width_mean": 50.0, "slope": -0.000244, "uparea": 2590.39621469, "trend": "decreasing", "ave_flux": 0.00614549, "continent": "Europe", "ord_stra": 4, "image_num": 572, "OWT": 3, "trend2": "decreasing", "label": "River mouth 801"}, "geometry": {"type": "Point", "coordinates": [3.4647699999456574, 43.310560000015556]}}, {"id": "787", "type": "Feature", "properties": {"ID": 802, "width_mean": 50.0, "slope": -0.000114, "uparea": 4786.1706879, "trend": "decreasing", "ave_flux": 0.00535143, "continent": "Europe", "ord_stra": 5, "image_num": 1141, "OWT": 3, "trend2": "decreasing", "label": "River mouth 802"}, "geometry": {"type": "Point", "coordinates": [2.0815770266023823, 41.34306015938516]}}, {"id": "788", "type": "Feature", "properties": {"ID": 803, "width_mean": 228.0, "slope": -0.001189, "uparea": 84878.3547739, "trend": "decreasing", "ave_flux": 0.0416645, "continent": "Europe", "ord_stra": 7, "image_num": 627, "OWT": 1, "trend2": "decreasing", "label": "River mouth 803"}, "geometry": {"type": "Point", "coordinates": [0.8097707104599485, 40.701311228866544]}}, {"id": "789", "type": "Feature", "properties": {"ID": 804, "width_mean": 432.0, "slope": -0.002431, "uparea": 96410.3467126, "trend": "decreasing", "ave_flux": 0.106198, "continent": "Europe", "ord_stra": 7, "image_num": 618, "OWT": 1, "trend2": "decreasing", "label": "River mouth 804"}, "geometry": {"type": "Point", "coordinates": [4.793325439678418, 43.38807262300983]}}, {"id": "790", "type": "Feature", "properties": {"ID": 805, "width_mean": 50.0, "slope": -0.00024, "uparea": 1994.50731057, "trend": "decreasing", "ave_flux": 0.00720523, "continent": "Europe", "ord_stra": 4, "image_num": 666, "OWT": 2, "trend2": "decreasing", "label": "River mouth 805"}, "geometry": {"type": "Point", "coordinates": [6.660750050048205, 43.44380288284165]}}, {"id": "791", "type": "Feature", "properties": {"ID": 806, "width_mean": 50.0, "slope": -1.1e-05, "uparea": 3435.23035154, "trend": "no trend", "ave_flux": 0.00258634, "continent": "Europe", "ord_stra": 5, "image_num": 644, "OWT": 3, "trend2": "no trend", "label": "River mouth 806"}, "geometry": {"type": "Point", "coordinates": [11.061983313599077, 42.688146465757015]}}, {"id": "792", "type": "Feature", "properties": {"ID": 807, "width_mean": 50.0, "slope": -0.000196, "uparea": 1282.24013813, "trend": "decreasing", "ave_flux": 0.00682263, "continent": "Europe", "ord_stra": 4, "image_num": 1153, "OWT": 2, "trend2": "decreasing", "label": "River mouth 807"}, "geometry": {"type": "Point", "coordinates": [10.366876169157802, 43.78172916978661]}}, {"id": "793", "type": "Feature", "properties": {"ID": 808, "width_mean": 50.0, "slope": -0.000237, "uparea": 8983.29798027, "trend": "decreasing", "ave_flux": 0.0169915, "continent": "Europe", "ord_stra": 4, "image_num": 1147, "OWT": 3, "trend2": "decreasing", "label": "River mouth 808"}, "geometry": {"type": "Point", "coordinates": [10.364102100153046, 43.70240428351942]}}, {"id": "794", "type": "Feature", "properties": {"ID": 809, "width_mean": 72.0, "slope": -0.00026, "uparea": 2818.38334475, "trend": "decreasing", "ave_flux": 0.0132362, "continent": "Europe", "ord_stra": 4, "image_num": 1085, "OWT": 2, "trend2": "decreasing", "label": "River mouth 809"}, "geometry": {"type": "Point", "coordinates": [7.187352292813285, 43.70140020699712]}}, {"id": "795", "type": "Feature", "properties": {"ID": 811, "width_mean": 50.0, "slope": 8.8e-05, "uparea": 3925.55258054, "trend": "no trend", "ave_flux": 0.0137714, "continent": "Europe", "ord_stra": 5, "image_num": 873, "OWT": 2, "trend2": "no trend", "label": "River mouth 811"}, "geometry": {"type": "Point", "coordinates": [13.802060000068991, 41.2487700003353]}}, {"id": "796", "type": "Feature", "properties": {"ID": 813, "width_mean": 50.0, "slope": 2.9e-05, "uparea": 792.716697377223, "trend": "no trend", "ave_flux": 0.00367429, "continent": "Europe", "ord_stra": 4, "image_num": 501, "OWT": 2, "trend2": "no trend", "label": "River mouth 813"}, "geometry": {"type": "Point", "coordinates": [13.904268145754067, 42.621391965174595]}}, {"id": "797", "type": "Feature", "properties": {"ID": 814, "width_mean": 50.0, "slope": 6.7e-05, "uparea": 2198.89167911, "trend": "no trend", "ave_flux": 0.00513714, "continent": "Europe", "ord_stra": 4, "image_num": 737, "OWT": 3, "trend2": "no trend", "label": "River mouth 814"}, "geometry": {"type": "Point", "coordinates": [15.087570792974192, 40.579910270009606]}}, {"id": "798", "type": "Feature", "properties": {"ID": 815, "width_mean": 50.0, "slope": 5e-05, "uparea": 5610.54587653, "trend": "no trend", "ave_flux": 0.0162686, "continent": "Europe", "ord_stra": 5, "image_num": 1315, "OWT": 2, "trend2": "no trend", "label": "River mouth 815"}, "geometry": {"type": "Point", "coordinates": [14.040390000098455, 41.07386000033881]}}, {"id": "799", "type": "Feature", "properties": {"ID": 816, "width_mean": 97.0, "slope": 0.000258, "uparea": 14370.9119198, "trend": "no trend", "ave_flux": 0.02844, "continent": "Europe", "ord_stra": 6, "image_num": 829, "OWT": 3, "trend2": "no trend", "label": "River mouth 816"}, "geometry": {"type": "Point", "coordinates": [12.421700000254873, 41.83120999964183]}}, {"id": "800", "type": "Feature", "properties": {"ID": 817, "width_mean": 124.0, "slope": -0.00024, "uparea": 3845.14485258, "trend": "no trend", "ave_flux": 0.0163437, "continent": "Europe", "ord_stra": 5, "image_num": 1177, "OWT": 1, "trend2": "decreasing", "label": "River mouth 817"}, "geometry": {"type": "Point", "coordinates": [17.708169999745735, 43.111439999956076]}}, {"id": "801", "type": "Feature", "properties": {"ID": 818, "width_mean": 228.0, "slope": 2.1e-05, "uparea": 1088.59911518, "trend": "no trend", "ave_flux": 0.00252, "continent": "Europe", "ord_stra": 4, "image_num": 1227, "OWT": 4, "trend2": "no trend", "label": "River mouth 818"}, "geometry": {"type": "Point", "coordinates": [16.784486157925652, 43.51153692053842]}}, {"id": "802", "type": "Feature", "properties": {"ID": 819, "width_mean": 432.0, "slope": 6e-06, "uparea": 2558.76278468, "trend": "no trend", "ave_flux": 0.00641223, "continent": "Europe", "ord_stra": 4, "image_num": 712, "OWT": 1, "trend2": "no trend", "label": "River mouth 819"}, "geometry": {"type": "Point", "coordinates": [15.940800275239592, 43.82098498758967]}}, {"id": "803", "type": "Feature", "properties": {"ID": 820, "width_mean": 50.0, "slope": 3e-05, "uparea": 2375.09690846, "trend": "no trend", "ave_flux": 0.00187714, "continent": "Europe", "ord_stra": 4, "image_num": 632, "OWT": 4, "trend2": "increasing", "label": "River mouth 820"}, "geometry": {"type": "Point", "coordinates": [22.51690458232867, 40.676383087842765]}}, {"id": "804", "type": "Feature", "properties": {"ID": 821, "width_mean": 72.0, "slope": -0.000116, "uparea": 6202.59070937, "trend": "decreasing", "ave_flux": 0.00462928, "continent": "Europe", "ord_stra": 5, "image_num": 624, "OWT": 2, "trend2": "decreasing", "label": "River mouth 821"}, "geometry": {"type": "Point", "coordinates": [22.446832847303835, 40.58539567003716]}}, {"id": "805", "type": "Feature", "properties": {"ID": 822, "width_mean": 97.0, "slope": -0.000349, "uparea": 24013.2543031, "trend": "decreasing", "ave_flux": 0.0189055, "continent": "Europe", "ord_stra": 6, "image_num": 649, "OWT": 3, "trend2": "decreasing", "label": "River mouth 822"}, "geometry": {"type": "Point", "coordinates": [22.676712571997903, 40.71129739207725]}}, {"id": "806", "type": "Feature", "properties": {"ID": 823, "width_mean": 97.0, "slope": 0.00018, "uparea": 6847.72845378, "trend": "increasing", "ave_flux": 0.01162, "continent": "Europe", "ord_stra": 5, "image_num": 650, "OWT": 2, "trend2": "increasing", "label": "River mouth 823"}, "geometry": {"type": "Point", "coordinates": [19.539569999855644, 40.798089999553895]}}, {"id": "807", "type": "Feature", "properties": {"ID": 824, "width_mean": 124.0, "slope": -9.6e-05, "uparea": 2259.52179514, "trend": "decreasing", "ave_flux": 0.00983534, "continent": "Europe", "ord_stra": 5, "image_num": 685, "OWT": 2, "trend2": "decreasing", "label": "River mouth 824"}, "geometry": {"type": "Point", "coordinates": [19.561210990300186, 41.04357523947146]}}, {"id": "808", "type": "Feature", "properties": {"ID": 825, "width_mean": 155.0, "slope": 5.5e-05, "uparea": 5856.61526923, "trend": "no trend", "ave_flux": 0.0207486, "continent": "Europe", "ord_stra": 5, "image_num": 591, "OWT": 1, "trend2": "no trend", "label": "River mouth 825"}, "geometry": {"type": "Point", "coordinates": [19.456580000266854, 40.63486999995058]}}, {"id": "809", "type": "Feature", "properties": {"ID": 826, "width_mean": 155.0, "slope": 8.1e-05, "uparea": 2494.04452278, "trend": "no trend", "ave_flux": 0.0124914, "continent": "Europe", "ord_stra": 4, "image_num": 615, "OWT": 4, "trend2": "no trend", "label": "River mouth 826"}, "geometry": {"type": "Point", "coordinates": [19.787480000101993, 41.75405000000757]}}, {"id": "810", "type": "Feature", "properties": {"ID": 827, "width_mean": 190.0, "slope": -0.000748, "uparea": 12843.291606, "trend": "decreasing", "ave_flux": 0.0196865, "continent": "Europe", "ord_stra": 6, "image_num": 1193, "OWT": 1, "trend2": "decreasing", "label": "River mouth 827"}, "geometry": {"type": "Point", "coordinates": [19.387609999701795, 41.964750000212405]}}, {"id": "811", "type": "Feature", "properties": {"ID": 828, "width_mean": 319.0, "slope": 4.2e-05, "uparea": 2494.04452278, "trend": "no trend", "ave_flux": 0.0111257, "continent": "Europe", "ord_stra": 5, "image_num": 636, "OWT": 3, "trend2": "no trend", "label": "River mouth 828"}, "geometry": {"type": "Point", "coordinates": [19.666555271052587, 41.68169551319721]}}, {"id": "812", "type": "Feature", "properties": {"ID": 829, "width_mean": 432.0, "slope": -0.000273, "uparea": 16732.054611, "trend": "decreasing", "ave_flux": 0.0168286, "continent": "Europe", "ord_stra": 5, "image_num": 1348, "OWT": 2, "trend2": "decreasing", "label": "River mouth 829"}, "geometry": {"type": "Point", "coordinates": [23.669268539503655, 40.950739585832615]}}, {"id": "813", "type": "Feature", "properties": {"ID": 830, "width_mean": 498.0, "slope": -0.000133, "uparea": 6202.59070937, "trend": "decreasing", "ave_flux": 0.00351966, "continent": "Europe", "ord_stra": 5, "image_num": 603, "OWT": 2, "trend2": "decreasing", "label": "River mouth 830"}, "geometry": {"type": "Point", "coordinates": [22.321927216844955, 40.525345940187876]}}, {"id": "814", "type": "Feature", "properties": {"ID": 831, "width_mean": 72.0, "slope": -0.000345, "uparea": 10613.1969941, "trend": "decreasing", "ave_flux": 0.0184137, "continent": "Asia", "ord_stra": 6, "image_num": 620, "OWT": 2, "trend2": "decreasing", "label": "River mouth 831"}, "geometry": {"type": "Point", "coordinates": [28.406813815685087, 40.27495829497073]}}, {"id": "815", "type": "Feature", "properties": {"ID": 832, "width_mean": 124.0, "slope": 0.000183, "uparea": 50918.5443011, "trend": "no trend", "ave_flux": 0.0545257, "continent": "Asia", "ord_stra": 6, "image_num": 1366, "OWT": 2, "trend2": "no trend", "label": "River mouth 832"}, "geometry": {"type": "Point", "coordinates": [26.237751958502532, 40.86306916264536]}}, {"id": "816", "type": "Feature", "properties": {"ID": 833, "width_mean": 190.0, "slope": -0.000392, "uparea": 5290.46286195, "trend": "decreasing", "ave_flux": 0.0173619, "continent": "Europe", "ord_stra": 4, "image_num": 1394, "OWT": 2, "trend2": "decreasing", "label": "River mouth 833"}, "geometry": {"type": "Point", "coordinates": [24.737807560168868, 41.00884399200937]}}, {"id": "817", "type": "Feature", "properties": {"ID": 834, "width_mean": 50.0, "slope": -1.7e-05, "uparea": 822.7268088162201, "trend": "no trend", "ave_flux": 0.00940286, "continent": "Asia", "ord_stra": 4, "image_num": 1067, "OWT": 2, "trend2": "no trend", "label": "River mouth 834"}, "geometry": {"type": "Point", "coordinates": [32.41625813593173, 41.56906110618533]}}, {"id": "818", "type": "Feature", "properties": {"ID": 835, "width_mean": 50.0, "slope": -0.001027, "uparea": 61342.5073619, "trend": "decreasing", "ave_flux": 0.0666575, "continent": "Asia", "ord_stra": 6, "image_num": 626, "OWT": 2, "trend2": "decreasing", "label": "River mouth 835"}, "geometry": {"type": "Point", "coordinates": [30.569509999686773, 41.011820000092996]}}, {"id": "819", "type": "Feature", "properties": {"ID": 836, "width_mean": 72.0, "slope": 4.3e-05, "uparea": 8657.28904813, "trend": "no trend", "ave_flux": 0.0244371, "continent": "Asia", "ord_stra": 6, "image_num": 674, "OWT": 2, "trend2": "no trend", "label": "River mouth 836"}, "geometry": {"type": "Point", "coordinates": [32.13211999983815, 41.30780000026982]}}, {"id": "820", "type": "Feature", "properties": {"ID": 837, "width_mean": 432.0, "slope": -0.002322, "uparea": 75164.7137049, "trend": "decreasing", "ave_flux": 0.0452157, "continent": "Asia", "ord_stra": 6, "image_num": 1205, "OWT": 1, "trend2": "decreasing", "label": "River mouth 837"}, "geometry": {"type": "Point", "coordinates": [35.83539000024837, 41.48661999981317]}}, {"id": "821", "type": "Feature", "properties": {"ID": 839, "width_mean": 50.0, "slope": 9.3e-05, "uparea": 806.695737197193, "trend": "no trend", "ave_flux": 0.0173914, "continent": "Asia", "ord_stra": 4, "image_num": 1039, "OWT": 2, "trend2": "no trend", "label": "River mouth 839"}, "geometry": {"type": "Point", "coordinates": [40.47178198857954, 40.85808999789781]}}, {"id": "822", "type": "Feature", "properties": {"ID": 840, "width_mean": 72.0, "slope": 0.000461, "uparea": 1509.88770621, "trend": "increasing", "ave_flux": 0.0242543, "continent": "Asia", "ord_stra": 4, "image_num": 982, "OWT": 4, "trend2": "increasing", "label": "River mouth 840"}, "geometry": {"type": "Point", "coordinates": [40.5656699995709, 43.36887999991211]}}, {"id": "823", "type": "Feature", "properties": {"ID": 842, "width_mean": 72.0, "slope": 1.7e-05, "uparea": 1108.45149894, "trend": "no trend", "ave_flux": 0.0126571, "continent": "Asia", "ord_stra": 4, "image_num": 783, "OWT": 2, "trend2": "no trend", "label": "River mouth 842"}, "geometry": {"type": "Point", "coordinates": [41.83159999964033, 42.03178000034677]}}, {"id": "824", "type": "Feature", "properties": {"ID": 843, "width_mean": 72.0, "slope": -0.00034, "uparea": 1065.18512503, "trend": "decreasing", "ave_flux": 0.0167155, "continent": "Asia", "ord_stra": 5, "image_num": 555, "OWT": 2, "trend2": "decreasing", "label": "River mouth 843"}, "geometry": {"type": "Point", "coordinates": [41.767240000325785, 42.26812999989966]}}, {"id": "825", "type": "Feature", "properties": {"ID": 844, "width_mean": 72.0, "slope": -0.000542, "uparea": 15529.6933128, "trend": "decreasing", "ave_flux": 0.0317851, "continent": "Asia", "ord_stra": 6, "image_num": 1083, "OWT": 4, "trend2": "decreasing", "label": "River mouth 844"}, "geometry": {"type": "Point", "coordinates": [41.64322999991461, 40.812584999797934]}}, {"id": "826", "type": "Feature", "properties": {"ID": 845, "width_mean": 97.0, "slope": -8e-05, "uparea": 604.1791960545663, "trend": "decreasing", "ave_flux": 0.00859103, "continent": "Asia", "ord_stra": 4, "image_num": 901, "OWT": 4, "trend2": "decreasing", "label": "River mouth 845"}, "geometry": {"type": "Point", "coordinates": [40.00003569779727, 43.52255532539546]}}, {"id": "827", "type": "Feature", "properties": {"ID": 847, "width_mean": 124.0, "slope": 6.4e-05, "uparea": 2058.0078177, "trend": "no trend", "ave_flux": 0.01428, "continent": "Asia", "ord_stra": 5, "image_num": 925, "OWT": 2, "trend2": "no trend", "label": "River mouth 847"}, "geometry": {"type": "Point", "coordinates": [41.29204821212069, 42.929765450404986]}}, {"id": "828", "type": "Feature", "properties": {"ID": 848, "width_mean": 190.0, "slope": 0.000218, "uparea": 4013.30862726, "trend": "no trend", "ave_flux": 0.0395571, "continent": "Asia", "ord_stra": 4, "image_num": 535, "OWT": 3, "trend2": "no trend", "label": "River mouth 848"}, "geometry": {"type": "Point", "coordinates": [41.65230290132754, 42.445319325598895]}}, {"id": "829", "type": "Feature", "properties": {"ID": 849, "width_mean": 190.0, "slope": -0.001789, "uparea": 21950.3865681, "trend": "decreasing", "ave_flux": 0.0931135, "continent": "Asia", "ord_stra": 6, "image_num": 538, "OWT": 2, "trend2": "decreasing", "label": "River mouth 849"}, "geometry": {"type": "Point", "coordinates": [41.6277805520983, 41.58687224378081]}}, {"id": "830", "type": "Feature", "properties": {"ID": 850, "width_mean": 271.0, "slope": 0.000584, "uparea": 13349.519096, "trend": "no trend", "ave_flux": 0.10408, "continent": "Asia", "ord_stra": 6, "image_num": 594, "OWT": 3, "trend2": "no trend", "label": "River mouth 850"}, "geometry": {"type": "Point", "coordinates": [41.772155367581846, 42.188968210271526]}}, {"id": "831", "type": "Feature", "properties": {"ID": 851, "width_mean": 319.0, "slope": 1.3e-05, "uparea": 33973.9947157, "trend": "no trend", "ave_flux": 0.03252, "continent": "Asia", "ord_stra": 6, "image_num": 646, "OWT": 1, "trend2": "no trend", "label": "River mouth 851"}, "geometry": {"type": "Point", "coordinates": [36.63644000030581, 41.02551000008651]}}, {"id": "832", "type": "Feature", "properties": {"ID": 854, "width_mean": 228.0, "slope": 0.000311, "uparea": 37143.7209414, "trend": "no trend", "ave_flux": 0.199697, "continent": "Europe", "ord_stra": 6, "image_num": 903, "OWT": 2, "trend2": "no trend", "label": "River mouth 854"}, "geometry": {"type": "Point", "coordinates": [47.24583788100783, 43.699552824820884]}}, {"id": "833", "type": "Feature", "properties": {"ID": 856, "width_mean": 271.0, "slope": 0.000645, "uparea": 15148.682216, "trend": "increasing", "ave_flux": 0.0602086, "continent": "Europe", "ord_stra": 5, "image_num": 926, "OWT": 3, "trend2": "increasing", "label": "River mouth 856"}, "geometry": {"type": "Point", "coordinates": [47.38270949169016, 43.30855974631539]}}, {"id": "834", "type": "Feature", "properties": {"ID": 858, "width_mean": 271.0, "slope": 0.000259, "uparea": 6794.32183092, "trend": "no trend", "ave_flux": 0.0321714, "continent": "Europe", "ord_stra": 4, "image_num": 860, "OWT": 4, "trend2": "no trend", "label": "River mouth 858"}, "geometry": {"type": "Point", "coordinates": [48.46298000002702, 41.82888999967378]}}, {"id": "835", "type": "Feature", "properties": {"ID": 859, "width_mean": 124.0, "slope": -1.5e-05, "uparea": 602.3658251795113, "trend": "decreasing", "ave_flux": 0.000585429, "continent": "Asia", "ord_stra": 4, "image_num": 628, "OWT": 3, "trend2": "decreasing", "label": "River mouth 859"}, "geometry": {"type": "Point", "coordinates": [119.67043514554886, 40.04920160223597]}}, {"id": "836", "type": "Feature", "properties": {"ID": 861, "width_mean": 72.0, "slope": -0.000136, "uparea": 23086.9312783, "trend": "decreasing", "ave_flux": 0.00500271, "continent": "Asia", "ord_stra": 6, "image_num": 572, "OWT": 2, "trend2": "decreasing", "label": "River mouth 861"}, "geometry": {"type": "Point", "coordinates": [121.58544185034363, 40.877858353470046]}}, {"id": "837", "type": "Feature", "properties": {"ID": 862, "width_mean": 72.0, "slope": -6.9e-05, "uparea": 1102.53814704, "trend": "decreasing", "ave_flux": 0.00211293, "continent": "Asia", "ord_stra": 4, "image_num": 1172, "OWT": 4, "trend2": "decreasing", "label": "River mouth 862"}, "geometry": {"type": "Point", "coordinates": [122.34827288811323, 40.39421502423474]}}, {"id": "838", "type": "Feature", "properties": {"ID": 863, "width_mean": 72.0, "slope": -4.7e-05, "uparea": 2480.30999185, "trend": "decreasing", "ave_flux": 0.00118474, "continent": "Asia", "ord_stra": 4, "image_num": 1130, "OWT": 2, "trend2": "decreasing", "label": "River mouth 863"}, "geometry": {"type": "Point", "coordinates": [120.41897635848491, 40.31167969124094]}}, {"id": "839", "type": "Feature", "properties": {"ID": 864, "width_mean": 124.0, "slope": -3.3e-05, "uparea": 5044.36956775, "trend": "decreasing", "ave_flux": 0.00131149, "continent": "Asia", "ord_stra": 5, "image_num": 647, "OWT": 2, "trend2": "decreasing", "label": "River mouth 864"}, "geometry": {"type": "Point", "coordinates": [121.26470869357628, 40.98539463092743]}}, {"id": "840", "type": "Feature", "properties": {"ID": 865, "width_mean": 432.0, "slope": -0.001088, "uparea": 27199.3919093, "trend": "decreasing", "ave_flux": 0.0472971, "continent": "Asia", "ord_stra": 6, "image_num": 1235, "OWT": 3, "trend2": "decreasing", "label": "River mouth 865"}, "geometry": {"type": "Point", "coordinates": [122.17432170972289, 40.749348406042756]}}, {"id": "841", "type": "Feature", "properties": {"ID": 866, "width_mean": 965.0, "slope": 0.000775, "uparea": 63794.6625985, "trend": "no trend", "ave_flux": 0.176429, "continent": "Asia", "ord_stra": 6, "image_num": 530, "OWT": 3, "trend2": "no trend", "label": "River mouth 866"}, "geometry": {"type": "Point", "coordinates": [124.3704175869646, 40.01353826623066]}}, {"id": "842", "type": "Feature", "properties": {"ID": 867, "width_mean": 1237.0, "slope": -0.001992, "uparea": 190639.049114, "trend": "decreasing", "ave_flux": 0.0749786, "continent": "Asia", "ord_stra": 7, "image_num": 786, "OWT": 2, "trend2": "decreasing", "label": "River mouth 867"}, "geometry": {"type": "Point", "coordinates": [121.8449487329889, 41.056792768862266]}}, {"id": "843", "type": "Feature", "properties": {"ID": 868, "width_mean": 50.0, "slope": 4.2e-05, "uparea": 1453.8925061, "trend": "no trend", "ave_flux": 0.00409851, "continent": "Asia", "ord_stra": 4, "image_num": 118, "OWT": 2, "trend2": "no trend", "label": "River mouth 868"}, "geometry": {"type": "Point", "coordinates": [128.97974653681777, 40.5359023819731]}}, {"id": "844", "type": "Feature", "properties": {"ID": 869, "width_mean": 72.0, "slope": 7.2e-05, "uparea": 1343.35863091, "trend": "no trend", "ave_flux": 0.00502, "continent": "Asia", "ord_stra": 4, "image_num": 489, "OWT": 2, "trend2": "increasing", "label": "River mouth 869"}, "geometry": {"type": "Point", "coordinates": [129.34321765302826, 40.796790466979424]}}, {"id": "845", "type": "Feature", "properties": {"ID": 870, "width_mean": 72.0, "slope": 1.6e-05, "uparea": 1829.44819005, "trend": "no trend", "ave_flux": 0.00269737, "continent": "Asia", "ord_stra": 4, "image_num": 519, "OWT": 3, "trend2": "no trend", "label": "River mouth 870"}, "geometry": {"type": "Point", "coordinates": [128.87663999983624, 40.45431000020642]}}, {"id": "846", "type": "Feature", "properties": {"ID": 871, "width_mean": 124.0, "slope": 7.5e-05, "uparea": 1738.70048936, "trend": "no trend", "ave_flux": 0.00586571, "continent": "Asia", "ord_stra": 4, "image_num": 834, "OWT": 3, "trend2": "increasing", "label": "River mouth 871"}, "geometry": {"type": "Point", "coordinates": [128.38868999984368, 40.145720000377764]}}, {"id": "847", "type": "Feature", "properties": {"ID": 872, "width_mean": 155.0, "slope": -0.000373, "uparea": 15933.1691755, "trend": "decreasing", "ave_flux": 0.0158506, "continent": "Asia", "ord_stra": 5, "image_num": 397, "OWT": 3, "trend2": "decreasing", "label": "River mouth 872"}, "geometry": {"type": "Point", "coordinates": [131.85555293939439, 43.469263675122235]}}, {"id": "848", "type": "Feature", "properties": {"ID": 873, "width_mean": 190.0, "slope": 4.6e-05, "uparea": 1903.35609534, "trend": "no trend", "ave_flux": 0.00382286, "continent": "Asia", "ord_stra": 4, "image_num": 490, "OWT": 2, "trend2": "no trend", "label": "River mouth 873"}, "geometry": {"type": "Point", "coordinates": [129.70502999983466, 41.37200999986163]}}, {"id": "849", "type": "Feature", "properties": {"ID": 874, "width_mean": 319.0, "slope": -0.000782, "uparea": 33201.6593701, "trend": "decreasing", "ave_flux": 0.0685393, "continent": "Asia", "ord_stra": 6, "image_num": 880, "OWT": 3, "trend2": "decreasing", "label": "River mouth 874"}, "geometry": {"type": "Point", "coordinates": [130.65981380499758, 42.36556226888319]}}, {"id": "850", "type": "Feature", "properties": {"ID": 875, "width_mean": 50.0, "slope": -5e-05, "uparea": 2325.64959249, "trend": "decreasing", "ave_flux": 0.00337194, "continent": "Asia", "ord_stra": 4, "image_num": 919, "OWT": 4, "trend2": "decreasing", "label": "River mouth 875"}, "geometry": {"type": "Point", "coordinates": [133.714464688402, 43.014215077239065]}}, {"id": "851", "type": "Feature", "properties": {"ID": 876, "width_mean": 50.0, "slope": -8e-06, "uparea": 447.82215261671206, "trend": "no trend", "ave_flux": 0.000790097, "continent": "Asia", "ord_stra": 4, "image_num": 886, "OWT": 4, "trend2": "decreasing", "label": "River mouth 876"}, "geometry": {"type": "Point", "coordinates": [132.3985699996059, 43.31690999999654]}}, {"id": "852", "type": "Feature", "properties": {"ID": 877, "width_mean": 72.0, "slope": -5e-06, "uparea": 400.5046730137139, "trend": "no trend", "ave_flux": 0.000865625, "continent": "Asia", "ord_stra": 4, "image_num": 811, "OWT": 2, "trend2": "decreasing", "label": "River mouth 877"}, "geometry": {"type": "Point", "coordinates": [132.4413360344062, 43.22581679309678]}}, {"id": "853", "type": "Feature", "properties": {"ID": 878, "width_mean": 72.0, "slope": -7e-06, "uparea": 312.8948343483773, "trend": "no trend", "ave_flux": 0.000653333, "continent": "Asia", "ord_stra": 4, "image_num": 826, "OWT": 2, "trend2": "decreasing", "label": "River mouth 878"}, "geometry": {"type": "Point", "coordinates": [132.40480000002003, 43.12675000001252]}}, {"id": "854", "type": "Feature", "properties": {"ID": 879, "width_mean": 72.0, "slope": -0.000169, "uparea": 3594.27969044, "trend": "decreasing", "ave_flux": 0.00412117, "continent": "Asia", "ord_stra": 4, "image_num": 493, "OWT": 1, "trend2": "decreasing", "label": "River mouth 879"}, "geometry": {"type": "Point", "coordinates": [133.03354401690925, 42.88851651331903]}}, {"id": "855", "type": "Feature", "properties": {"ID": 880, "width_mean": 50.0, "slope": 8.1e-05, "uparea": 391.0684237067134, "trend": "no trend", "ave_flux": 0.00438571, "continent": "Asia", "ord_stra": 4, "image_num": 554, "OWT": 2, "trend2": "increasing", "label": "River mouth 880"}, "geometry": {"type": "Point", "coordinates": [139.9723213509178, 42.41613660770475]}}, {"id": "856", "type": "Feature", "properties": {"ID": 881, "width_mean": 72.0, "slope": 0.000318, "uparea": 1875.67845634, "trend": "increasing", "ave_flux": 0.0118, "continent": "Asia", "ord_stra": 4, "image_num": 398, "OWT": 3, "trend2": "increasing", "label": "River mouth 881"}, "geometry": {"type": "Point", "coordinates": [141.47020492716015, 40.515714834224966]}}, {"id": "857", "type": "Feature", "properties": {"ID": 882, "width_mean": 72.0, "slope": 0.000213, "uparea": 1240.94755491, "trend": "increasing", "ave_flux": 0.0102286, "continent": "Asia", "ord_stra": 4, "image_num": 335, "OWT": 3, "trend2": "increasing", "label": "River mouth 882"}, "geometry": {"type": "Point", "coordinates": [141.94976799283717, 42.584774409313454]}}, {"id": "858", "type": "Feature", "properties": {"ID": 883, "width_mean": 72.0, "slope": 5.6e-05, "uparea": 493.93511927871043, "trend": "increasing", "ave_flux": 0.00343643, "continent": "Asia", "ord_stra": 4, "image_num": 644, "OWT": 2, "trend2": "increasing", "label": "River mouth 883"}, "geometry": {"type": "Point", "coordinates": [143.1886001034577, 42.524318435451804]}}, {"id": "859", "type": "Feature", "properties": {"ID": 884, "width_mean": 72.0, "slope": 0.000471, "uparea": 1387.77324835, "trend": "increasing", "ave_flux": 0.0117229, "continent": "Asia", "ord_stra": 4, "image_num": 411, "OWT": 3, "trend2": "increasing", "label": "River mouth 884"}, "geometry": {"type": "Point", "coordinates": [140.42022869982924, 42.839356693588684]}}, {"id": "860", "type": "Feature", "properties": {"ID": 885, "width_mean": 97.0, "slope": -4e-06, "uparea": 1993.81696189, "trend": "no trend", "ave_flux": 0.00982571, "continent": "Asia", "ord_stra": 5, "image_num": 468, "OWT": 3, "trend2": "no trend", "label": "River mouth 885"}, "geometry": {"type": "Point", "coordinates": [140.38889587670639, 40.97365032293]}}, {"id": "861", "type": "Feature", "properties": {"ID": 886, "width_mean": 97.0, "slope": 0.000224, "uparea": 1338.69638553, "trend": "increasing", "ave_flux": 0.0120257, "continent": "Asia", "ord_stra": 4, "image_num": 362, "OWT": 3, "trend2": "increasing", "label": "River mouth 886"}, "geometry": {"type": "Point", "coordinates": [142.04222251132938, 42.517909225768626]}}, {"id": "862", "type": "Feature", "properties": {"ID": 887, "width_mean": 190.0, "slope": 0.000189, "uparea": 3927.16455832, "trend": "no trend", "ave_flux": 0.0284686, "continent": "Asia", "ord_stra": 5, "image_num": 425, "OWT": 1, "trend2": "no trend", "label": "River mouth 887"}, "geometry": {"type": "Point", "coordinates": [140.0686953587332, 40.20718198740051]}}, {"id": "863", "type": "Feature", "properties": {"ID": 888, "width_mean": 228.0, "slope": 6e-05, "uparea": 8387.7486125, "trend": "no trend", "ave_flux": 0.0173044, "continent": "Asia", "ord_stra": 6, "image_num": 380, "OWT": 1, "trend2": "no trend", "label": "River mouth 888"}, "geometry": {"type": "Point", "coordinates": [143.5978988069734, 42.71874322965702]}}, {"id": "864", "type": "Feature", "properties": {"ID": 889, "width_mean": 432.0, "slope": 0.000638, "uparea": 12886.2625403, "trend": "no trend", "ave_flux": 0.0591229, "continent": "Asia", "ord_stra": 6, "image_num": 759, "OWT": 1, "trend2": "increasing", "label": "River mouth 889"}, "geometry": {"type": "Point", "coordinates": [141.38117576485763, 43.21891952325042]}}, {"id": "865", "type": "Feature", "properties": {"ID": 891, "width_mean": 50.0, "slope": 0.000518, "uparea": 1164.53317049, "trend": "no trend", "ave_flux": 0.0374686, "continent": "North America", "ord_stra": 4, "image_num": 815, "OWT": 2, "trend2": "no trend", "label": "River mouth 891"}, "geometry": {"type": "Point", "coordinates": [-124.28646953295544, 47.54844621791926]}}, {"id": "866", "type": "Feature", "properties": {"ID": 892, "width_mean": 50.0, "slope": -0.001386, "uparea": 4475.00163272, "trend": "decreasing", "ave_flux": 0.0449821, "continent": "North America", "ord_stra": 5, "image_num": 882, "OWT": 2, "trend2": "decreasing", "label": "River mouth 892"}, "geometry": {"type": "Point", "coordinates": [-122.1784599998291, 47.94740000020988]}}, {"id": "867", "type": "Feature", "properties": {"ID": 893, "width_mean": 228.0, "slope": 8.5e-05, "uparea": 1033.97711248, "trend": "no trend", "ave_flux": 0.0157257, "continent": "North America", "ord_stra": 4, "image_num": 869, "OWT": 2, "trend2": "no trend", "label": "River mouth 893"}, "geometry": {"type": "Point", "coordinates": [-124.21645590639406, 47.341986020780126]}}, {"id": "868", "type": "Feature", "properties": {"ID": 894, "width_mean": 1094.0, "slope": 0.001017, "uparea": 4641.37074647, "trend": "increasing", "ave_flux": 0.0404995, "continent": "North America", "ord_stra": 5, "image_num": 458, "OWT": 2, "trend2": "increasing", "label": "River mouth 894"}, "geometry": {"type": "Point", "coordinates": [-123.60867143729467, 46.960013795248145]}}, {"id": "869", "type": "Feature", "properties": {"ID": 895, "width_mean": 3558.0, "slope": 0.012746, "uparea": 644588.272115, "trend": "no trend", "ave_flux": 1.18528, "continent": "North America", "ord_stra": 8, "image_num": 1015, "OWT": 1, "trend2": "no trend", "label": "River mouth 895"}, "geometry": {"type": "Point", "coordinates": [-123.1170120765162, 46.17608525214589]}}, {"id": "870", "type": "Feature", "properties": {"ID": 896, "width_mean": 50.0, "slope": 6.2e-05, "uparea": 963.9257720601342, "trend": "no trend", "ave_flux": 0.00426874, "continent": "North America", "ord_stra": 4, "image_num": 661, "OWT": 2, "trend2": "increasing", "label": "River mouth 896"}, "geometry": {"type": "Point", "coordinates": [-66.83516141556203, 45.2378245802188]}}, {"id": "871", "type": "Feature", "properties": {"ID": 897, "width_mean": 97.0, "slope": 6.7e-05, "uparea": 847.2722647278911, "trend": "no trend", "ave_flux": 0.00563429, "continent": "North America", "ord_stra": 5, "image_num": 1091, "OWT": 3, "trend2": "no trend", "label": "River mouth 897"}, "geometry": {"type": "Point", "coordinates": [-67.57076587017508, 44.76109387560351]}}, {"id": "872", "type": "Feature", "properties": {"ID": 898, "width_mean": 498.0, "slope": 0.00022, "uparea": 21925.5802771, "trend": "no trend", "ave_flux": 0.03382, "continent": "North America", "ord_stra": 6, "image_num": 588, "OWT": 1, "trend2": "no trend", "label": "River mouth 898"}, "geometry": {"type": "Point", "coordinates": [-68.8167619110754, 44.68642991323726]}}, {"id": "873", "type": "Feature", "properties": {"ID": 899, "width_mean": 655.0, "slope": 5.8e-05, "uparea": 3758.1849317, "trend": "no trend", "ave_flux": 0.00599429, "continent": "North America", "ord_stra": 5, "image_num": 550, "OWT": 1, "trend2": "increasing", "label": "River mouth 899"}, "geometry": {"type": "Point", "coordinates": [-67.17811999963823, 45.162800000119944]}}, {"id": "874", "type": "Feature", "properties": {"ID": 901, "width_mean": 2829.0, "slope": 0.002329, "uparea": 1041667.03826, "trend": "no trend", "ave_flux": 1.83174, "continent": "North America", "ord_stra": 8, "image_num": 970, "OWT": 1, "trend2": "no trend", "label": "River mouth 901"}, "geometry": {"type": "Point", "coordinates": [-71.94860241937491, 46.627596781078964]}}, {"id": "875", "type": "Feature", "properties": {"ID": 903, "width_mean": 4466.0, "slope": 0.002925, "uparea": 52698.2940922, "trend": "increasing", "ave_flux": 0.133711, "continent": "North America", "ord_stra": 6, "image_num": 939, "OWT": 1, "trend2": "increasing", "label": "River mouth 903"}, "geometry": {"type": "Point", "coordinates": [-66.14916402052874, 45.297875059155686]}}, {"id": "876", "type": "Feature", "properties": {"ID": 904, "width_mean": 97.0, "slope": 8.4e-05, "uparea": 1059.82507467, "trend": "increasing", "ave_flux": 0.00670571, "continent": "North America", "ord_stra": 5, "image_num": 596, "OWT": 3, "trend2": "increasing", "label": "River mouth 904"}, "geometry": {"type": "Point", "coordinates": [-61.07546124064999, 46.38034677975338]}}, {"id": "877", "type": "Feature", "properties": {"ID": 906, "width_mean": 319.0, "slope": 4e-05, "uparea": 391.71526939327583, "trend": "increasing", "ave_flux": 0.00100251, "continent": "North America", "ord_stra": 4, "image_num": 757, "OWT": 3, "trend2": "increasing", "label": "River mouth 906"}, "geometry": {"type": "Point", "coordinates": [-65.65241146141312, 47.57643855849473]}}, {"id": "878", "type": "Feature", "properties": {"ID": 907, "width_mean": 372.0, "slope": 0.000405, "uparea": 11785.3267334, "trend": "no trend", "ave_flux": 0.0308343, "continent": "North America", "ord_stra": 6, "image_num": 757, "OWT": 3, "trend2": "increasing", "label": "River mouth 907"}, "geometry": {"type": "Point", "coordinates": [-65.45943749203562, 47.0488696449235]}}, {"id": "879", "type": "Feature", "properties": {"ID": 908, "width_mean": 2244.0, "slope": 3.9e-05, "uparea": 1663.19592002, "trend": "no trend", "ave_flux": 0.00742054, "continent": "North America", "ord_stra": 4, "image_num": 855, "OWT": 4, "trend2": "no trend", "label": "River mouth 908"}, "geometry": {"type": "Point", "coordinates": [-64.79180000036968, 44.079330000179425]}}, {"id": "880", "type": "Feature", "properties": {"ID": 909, "width_mean": 228.0, "slope": 0.0001, "uparea": 1727.78121409, "trend": "increasing", "ave_flux": 0.00497409, "continent": "North America", "ord_stra": 4, "image_num": 432, "OWT": 1, "trend2": "increasing", "label": "River mouth 909"}, "geometry": {"type": "Point", "coordinates": [-56.9948599996892, 47.82037000037525]}}, {"id": "881", "type": "Feature", "properties": {"ID": 910, "width_mean": 271.0, "slope": 4.2e-05, "uparea": 671.2230680856252, "trend": "no trend", "ave_flux": 0.00282571, "continent": "North America", "ord_stra": 4, "image_num": 590, "OWT": 3, "trend2": "increasing", "label": "River mouth 910"}, "geometry": {"type": "Point", "coordinates": [-59.148470930089104, 47.86806662610865]}}, {"id": "882", "type": "Feature", "properties": {"ID": 911, "width_mean": 498.0, "slope": 2.1e-05, "uparea": 475.00536352844216, "trend": "increasing", "ave_flux": 0.00128677, "continent": "North America", "ord_stra": 4, "image_num": 367, "OWT": 1, "trend2": "increasing", "label": "River mouth 911"}, "geometry": {"type": "Point", "coordinates": [-55.01261568047194, 47.71729936411186]}}, {"id": "883", "type": "Feature", "properties": {"ID": 912, "width_mean": 498.0, "slope": 7.3e-05, "uparea": 846.0801471157342, "trend": "increasing", "ave_flux": 0.00248609, "continent": "North America", "ord_stra": 4, "image_num": 411, "OWT": 1, "trend2": "increasing", "label": "River mouth 912"}, "geometry": {"type": "Point", "coordinates": [-54.240529999759644, 47.88950000022487]}}, {"id": "884", "type": "Feature", "properties": {"ID": 913, "width_mean": 50.0, "slope": 3.8e-05, "uparea": 300.46042304799306, "trend": "increasing", "ave_flux": 0.00156857, "continent": "North America", "ord_stra": 4, "image_num": 271, "OWT": 2, "trend2": "increasing", "label": "River mouth 913"}, "geometry": {"type": "Point", "coordinates": [-53.566609999651746, 47.279009999711775]}}, {"id": "885", "type": "Feature", "properties": {"ID": 914, "width_mean": 97.0, "slope": -4.3e-05, "uparea": 2174.66392249, "trend": "decreasing", "ave_flux": 0.00259786, "continent": "Europe", "ord_stra": 4, "image_num": 931, "OWT": 3, "trend2": "decreasing", "label": "River mouth 914"}, "geometry": {"type": "Point", "coordinates": [-0.9596631413842951, 46.32133131022125]}}, {"id": "886", "type": "Feature", "properties": {"ID": 915, "width_mean": 97.0, "slope": -0.000244, "uparea": 7673.34155042, "trend": "decreasing", "ave_flux": 0.0127165, "continent": "Europe", "ord_stra": 5, "image_num": 931, "OWT": 3, "trend2": "decreasing", "label": "River mouth 915"}, "geometry": {"type": "Point", "coordinates": [-0.9487032986817362, 45.92827001283085]}}, {"id": "887", "type": "Feature", "properties": {"ID": 917, "width_mean": 124.0, "slope": -3.6e-05, "uparea": 1644.61485129, "trend": "decreasing", "ave_flux": 0.0024, "continent": "Europe", "ord_stra": 4, "image_num": 850, "OWT": 4, "trend2": "decreasing", "label": "River mouth 917"}, "geometry": {"type": "Point", "coordinates": [-1.253719999878058, 46.50180000006998]}}, {"id": "888", "type": "Feature", "properties": {"ID": 918, "width_mean": 190.0, "slope": 0.0, "uparea": 1952.14568754, "trend": "no trend", "ave_flux": 0.00223537, "continent": "Europe", "ord_stra": 4, "image_num": 801, "OWT": 1, "trend2": "no trend", "label": "River mouth 918"}, "geometry": {"type": "Point", "coordinates": [-3.3049199998580434, 47.76286999995057]}}, {"id": "889", "type": "Feature", "properties": {"ID": 919, "width_mean": 228.0, "slope": -0.000114, "uparea": 10523.049359, "trend": "no trend", "ave_flux": 0.0130873, "continent": "Europe", "ord_stra": 6, "image_num": 857, "OWT": 3, "trend2": "decreasing", "label": "River mouth 919"}, "geometry": {"type": "Point", "coordinates": [-2.309088157787961, 47.544108974171436]}}, {"id": "890", "type": "Feature", "properties": {"ID": 920, "width_mean": 850.0, "slope": -0.002533, "uparea": 117102.102209, "trend": "decreasing", "ave_flux": 0.104333, "continent": "Europe", "ord_stra": 4, "image_num": 848, "OWT": 1, "trend2": "decreasing", "label": "River mouth 920"}, "geometry": {"type": "Point", "coordinates": [-2.0976330132547183, 47.293498472172274]}}, {"id": "891", "type": "Feature", "properties": {"ID": 921, "width_mean": 5000.0, "slope": -0.002057, "uparea": 56296.6533449, "trend": "decreasing", "ave_flux": 0.118714, "continent": "Europe", "ord_stra": 4, "image_num": 598, "OWT": 3, "trend2": "decreasing", "label": "River mouth 921"}, "geometry": {"type": "Point", "coordinates": [-0.7017143851841505, 45.17357899761014]}}, {"id": "892", "type": "Feature", "properties": {"ID": 922, "width_mean": 50.0, "slope": -0.000477, "uparea": 8029.07197653, "trend": "decreasing", "ave_flux": 0.0403451, "continent": "Europe", "ord_stra": 4, "image_num": 575, "OWT": 2, "trend2": "decreasing", "label": "River mouth 922"}, "geometry": {"type": "Point", "coordinates": [8.652210000191417, 44.781979999577345]}}, {"id": "893", "type": "Feature", "properties": {"ID": 925, "width_mean": 97.0, "slope": -8.5e-05, "uparea": 965.438088816086, "trend": "decreasing", "ave_flux": 0.00264123, "continent": "Europe", "ord_stra": 4, "image_num": 606, "OWT": 1, "trend2": "decreasing", "label": "River mouth 925"}, "geometry": {"type": "Point", "coordinates": [9.930370000375262, 44.12079000015842]}}, {"id": "894", "type": "Feature", "properties": {"ID": 927, "width_mean": 50.0, "slope": -0.000144, "uparea": 2437.54737749, "trend": "decreasing", "ave_flux": 0.0119019, "continent": "Europe", "ord_stra": 4, "image_num": 910, "OWT": 3, "trend2": "decreasing", "label": "River mouth 927"}, "geometry": {"type": "Point", "coordinates": [12.792139999661288, 45.65758999987867]}}, {"id": "895", "type": "Feature", "properties": {"ID": 928, "width_mean": 72.0, "slope": -0.00059, "uparea": 3407.06830269, "trend": "decreasing", "ave_flux": 0.0146815, "continent": "Europe", "ord_stra": 6, "image_num": 258, "OWT": 1, "trend2": "decreasing", "label": "River mouth 928"}, "geometry": {"type": "Point", "coordinates": [13.458660000258874, 45.85525000038729]}}, {"id": "896", "type": "Feature", "properties": {"ID": 929, "width_mean": 72.0, "slope": -0.000641, "uparea": 4050.42201236, "trend": "decreasing", "ave_flux": 0.0238891, "continent": "Europe", "ord_stra": 5, "image_num": 937, "OWT": 1, "trend2": "decreasing", "label": "River mouth 929"}, "geometry": {"type": "Point", "coordinates": [12.605030489794316, 45.60170131956882]}}, {"id": "897", "type": "Feature", "properties": {"ID": 930, "width_mean": 72.0, "slope": -0.001255, "uparea": 13781.4162221, "trend": "decreasing", "ave_flux": 0.0561657, "continent": "Europe", "ord_stra": 5, "image_num": 1037, "OWT": 1, "trend2": "decreasing", "label": "River mouth 930"}, "geometry": {"type": "Point", "coordinates": [12.259467880692402, 45.182034023689454]}}, {"id": "898", "type": "Feature", "properties": {"ID": 931, "width_mean": 72.0, "slope": -0.000288, "uparea": 2750.82414802, "trend": "decreasing", "ave_flux": 0.0231929, "continent": "Europe", "ord_stra": 5, "image_num": 957, "OWT": 1, "trend2": "decreasing", "label": "River mouth 931"}, "geometry": {"type": "Point", "coordinates": [13.03731110734906, 45.72165179000205]}}, {"id": "899", "type": "Feature", "properties": {"ID": 932, "width_mean": 124.0, "slope": -0.000656, "uparea": 13781.4162221, "trend": "decreasing", "ave_flux": 0.0600057, "continent": "Europe", "ord_stra": 5, "image_num": 1033, "OWT": 1, "trend2": "decreasing", "label": "River mouth 932"}, "geometry": {"type": "Point", "coordinates": [12.246902154668692, 45.108153814227784]}}, {"id": "900", "type": "Feature", "properties": {"ID": 934, "width_mean": 432.0, "slope": -0.008175, "uparea": 73136.8861573, "trend": "decreasing", "ave_flux": 0.242597, "continent": "Europe", "ord_stra": 6, "image_num": 1013, "OWT": 1, "trend2": "decreasing", "label": "River mouth 934"}, "geometry": {"type": "Point", "coordinates": [12.366678584991075, 44.95745955203255]}}, {"id": "901", "type": "Feature", "properties": {"ID": 935, "width_mean": 432.0, "slope": 0.000784, "uparea": 73136.8861573, "trend": "no trend", "ave_flux": 0.287071, "continent": "Europe", "ord_stra": 6, "image_num": 1019, "OWT": 1, "trend2": "no trend", "label": "River mouth 935"}, "geometry": {"type": "Point", "coordinates": [12.244953865717891, 44.99560589427283]}}, {"id": "902", "type": "Feature", "properties": {"ID": 936, "width_mean": 747.0, "slope": -0.025259, "uparea": 783585.895503, "trend": "decreasing", "ave_flux": 1.33811, "continent": "Europe", "ord_stra": 8, "image_num": 1169, "OWT": 1, "trend2": "decreasing", "label": "River mouth 936"}, "geometry": {"type": "Point", "coordinates": [28.455594710384005, 45.28795060782457]}}, {"id": "903", "type": "Feature", "properties": {"ID": 937, "width_mean": 97.0, "slope": -0.00175, "uparea": 71386.5478799, "trend": "decreasing", "ave_flux": 0.0591914, "continent": "Europe", "ord_stra": 4, "image_num": 1099, "OWT": 2, "trend2": "decreasing", "label": "River mouth 937"}, "geometry": {"type": "Point", "coordinates": [30.08633999979122, 46.48191999970828]}}, {"id": "904", "type": "Feature", "properties": {"ID": 938, "width_mean": 372.0, "slope": -0.00035, "uparea": 53382.2519012, "trend": "decreasing", "ave_flux": 0.0119886, "continent": "Europe", "ord_stra": 6, "image_num": 1026, "OWT": 1, "trend2": "decreasing", "label": "River mouth 938"}, "geometry": {"type": "Point", "coordinates": [31.903197420329818, 47.08621754411046]}}, {"id": "905", "type": "Feature", "properties": {"ID": 939, "width_mean": 372.0, "slope": -0.005507, "uparea": 506890.248896, "trend": "decreasing", "ave_flux": 0.273251, "continent": "Europe", "ord_stra": 8, "image_num": 884, "OWT": 1, "trend2": "decreasing", "label": "River mouth 939"}, "geometry": {"type": "Point", "coordinates": [32.52342188217909, 46.59400594582132]}}, {"id": "906", "type": "Feature", "properties": {"ID": 940, "width_mean": 50.0, "slope": 7e-06, "uparea": 474.0169981058371, "trend": "no trend", "ave_flux": 0.00537429, "continent": "Europe", "ord_stra": 4, "image_num": 1110, "OWT": 2, "trend2": "no trend", "label": "River mouth 940"}, "geometry": {"type": "Point", "coordinates": [39.80452000039776, 44.33755000013247]}}, {"id": "907", "type": "Feature", "properties": {"ID": 941, "width_mean": 97.0, "slope": -0.001, "uparea": 50084.473639, "trend": "no trend", "ave_flux": 0.177003, "continent": "Europe", "ord_stra": 5, "image_num": 1045, "OWT": 3, "trend2": "decreasing", "label": "River mouth 941"}, "geometry": {"type": "Point", "coordinates": [37.95307995885147, 45.674951142464565]}}, {"id": "908", "type": "Feature", "properties": {"ID": 942, "width_mean": 124.0, "slope": 0.0, "uparea": 3186.37591842, "trend": "no trend", "ave_flux": 0.0104371, "continent": "Europe", "ord_stra": 6, "image_num": 1172, "OWT": 3, "trend2": "no trend", "label": "River mouth 942"}, "geometry": {"type": "Point", "coordinates": [37.47670999956688, 45.19040000035977]}}, {"id": "909", "type": "Feature", "properties": {"ID": 943, "width_mean": 124.0, "slope": 0.0, "uparea": 971.7254349299507, "trend": "no trend", "ave_flux": 0.000465238, "continent": "Europe", "ord_stra": 4, "image_num": 961, "OWT": 2, "trend2": "no trend", "label": "River mouth 943"}, "geometry": {"type": "Point", "coordinates": [38.93324000012598, 46.848669999820686]}}, {"id": "910", "type": "Feature", "properties": {"ID": 944, "width_mean": 228.0, "slope": -2.6e-05, "uparea": 553.4821704156951, "trend": "decreasing", "ave_flux": 0.000488593, "continent": "Europe", "ord_stra": 4, "image_num": 581, "OWT": 3, "trend2": "decreasing", "label": "River mouth 944"}, "geometry": {"type": "Point", "coordinates": [38.50256433950999, 46.39732413777359]}}, {"id": "911", "type": "Feature", "properties": {"ID": 945, "width_mean": 432.0, "slope": -0.00267, "uparea": 438539.986212, "trend": "decreasing", "ave_flux": 0.102206, "continent": "Europe", "ord_stra": 7, "image_num": 933, "OWT": 1, "trend2": "decreasing", "label": "River mouth 945"}, "geometry": {"type": "Point", "coordinates": [39.384853146133906, 47.12717944300799]}}, {"id": "912", "type": "Feature", "properties": {"ID": 946, "width_mean": 747.0, "slope": -3e-05, "uparea": 2310.48838335, "trend": "decreasing", "ave_flux": 0.00107143, "continent": "Europe", "ord_stra": 4, "image_num": 1082, "OWT": 3, "trend2": "decreasing", "label": "River mouth 946"}, "geometry": {"type": "Point", "coordinates": [38.62597000001551, 45.75446000012897]}}, {"id": "913", "type": "Feature", "properties": {"ID": 947, "width_mean": 4466.0, "slope": -0.000164, "uparea": 8704.9930106, "trend": "decreasing", "ave_flux": 0.00402131, "continent": "Europe", "ord_stra": 5, "image_num": 979, "OWT": 3, "trend2": "decreasing", "label": "River mouth 947"}, "geometry": {"type": "Point", "coordinates": [38.705946889915964, 46.66435161620754]}}, {"id": "914", "type": "Feature", "properties": {"ID": 948, "width_mean": 5000.0, "slope": -7.8e-05, "uparea": 5255.36592984, "trend": "decreasing", "ave_flux": 0.00173031, "continent": "Europe", "ord_stra": 4, "image_num": 1121, "OWT": 3, "trend2": "decreasing", "label": "River mouth 948"}, "geometry": {"type": "Point", "coordinates": [38.7362055417104, 45.937031653780686]}}, {"id": "915", "type": "Feature", "properties": {"ID": 949, "width_mean": 372.0, "slope": -0.01778, "uparea": 1441988.54423, "trend": "decreasing", "ave_flux": 1.88756, "continent": "Europe", "ord_stra": 9, "image_num": 984, "OWT": 1, "trend2": "decreasing", "label": "River mouth 949"}, "geometry": {"type": "Point", "coordinates": [47.58843140567154, 46.9167542316053]}}, {"id": "916", "type": "Feature", "properties": {"ID": 950, "width_mean": 190.0, "slope": -0.003049, "uparea": 212183.02364, "trend": "decreasing", "ave_flux": 0.118212, "continent": "Asia", "ord_stra": 7, "image_num": 902, "OWT": 3, "trend2": "decreasing", "label": "River mouth 950"}, "geometry": {"type": "Point", "coordinates": [51.83196748875336, 47.04267758313643]}}, {"id": "917", "type": "Feature", "properties": {"ID": 951, "width_mean": 50.0, "slope": 0.000183, "uparea": 773.0928037800755, "trend": "increasing", "ave_flux": 0.00670286, "continent": "Asia", "ord_stra": 4, "image_num": 582, "OWT": 2, "trend2": "increasing", "label": "River mouth 951"}, "geometry": {"type": "Point", "coordinates": [143.28061462951777, 44.29848203013054]}}, {"id": "918", "type": "Feature", "properties": {"ID": 952, "width_mean": 50.0, "slope": 0.0, "uparea": 1301.03020378, "trend": "no trend", "ave_flux": 0.00137429, "continent": "Asia", "ord_stra": 4, "image_num": 696, "OWT": 1, "trend2": "no trend", "label": "River mouth 952"}, "geometry": {"type": "Point", "coordinates": [142.4993958631289, 46.76954940222328]}}, {"id": "919", "type": "Feature", "properties": {"ID": 953, "width_mean": 50.0, "slope": 0.000257, "uparea": 1263.17030078, "trend": "increasing", "ave_flux": 0.00869143, "continent": "Asia", "ord_stra": 4, "image_num": 560, "OWT": 3, "trend2": "increasing", "label": "River mouth 953"}, "geometry": {"type": "Point", "coordinates": [143.57617706056914, 44.183261311761015]}}, {"id": "920", "type": "Feature", "properties": {"ID": 954, "width_mean": 72.0, "slope": -0.000574, "uparea": 7475.3652708, "trend": "decreasing", "ave_flux": 0.0172925, "continent": "Asia", "ord_stra": 5, "image_num": 727, "OWT": 2, "trend2": "decreasing", "label": "River mouth 954"}, "geometry": {"type": "Point", "coordinates": [138.72955000013246, 47.255159999734246]}}, {"id": "921", "type": "Feature", "properties": {"ID": 955, "width_mean": 271.0, "slope": 0.000231, "uparea": 4878.4210352, "trend": "no trend", "ave_flux": 0.0154943, "continent": "Asia", "ord_stra": 5, "image_num": 568, "OWT": 1, "trend2": "no trend", "label": "River mouth 955"}, "geometry": {"type": "Point", "coordinates": [141.72678999995856, 44.9268399996663]}}, {"id": "922", "type": "Feature", "properties": {"ID": 956, "width_mean": 72.0, "slope": 0.000533, "uparea": 2378.83556673, "trend": "increasing", "ave_flux": 0.0369086, "continent": "North America", "ord_stra": 5, "image_num": 920, "OWT": 1, "trend2": "increasing", "label": "River mouth 956"}, "geometry": {"type": "Point", "coordinates": [-123.17624496289122, 49.77550761961229]}}, {"id": "923", "type": "Feature", "properties": {"ID": 957, "width_mean": 72.0, "slope": 0.0002, "uparea": 730.8251263513787, "trend": "no trend", "ave_flux": 0.0151229, "continent": "North America", "ord_stra": 5, "image_num": 927, "OWT": 2, "trend2": "no trend", "label": "River mouth 957"}, "geometry": {"type": "Point", "coordinates": [-122.26442724663191, 48.20052846714807]}}, {"id": "924", "type": "Feature", "properties": {"ID": 958, "width_mean": 124.0, "slope": 0.003525, "uparea": 8077.90814543, "trend": "increasing", "ave_flux": 0.107306, "continent": "North America", "ord_stra": 6, "image_num": 937, "OWT": 1, "trend2": "increasing", "label": "River mouth 958"}, "geometry": {"type": "Point", "coordinates": [-122.44763999978613, 48.3611599999341]}}, {"id": "925", "type": "Feature", "properties": {"ID": 959, "width_mean": 965.0, "slope": 0.001057, "uparea": 231986.833398, "trend": "no trend", "ave_flux": 0.54896, "continent": "North America", "ord_stra": 4, "image_num": 885, "OWT": 1, "trend2": "no trend", "label": "River mouth 959"}, "geometry": {"type": "Point", "coordinates": [-123.04705307303995, 49.13934890442762]}}, {"id": "926", "type": "Feature", "properties": {"ID": 960, "width_mean": 97.0, "slope": 0.0001, "uparea": 3329.28388932, "trend": "no trend", "ave_flux": 0.0122086, "continent": "North America", "ord_stra": 4, "image_num": 686, "OWT": 2, "trend2": "increasing", "label": "River mouth 960"}, "geometry": {"type": "Point", "coordinates": [-79.48397698781504, 51.21781246228408]}}, {"id": "927", "type": "Feature", "properties": {"ID": 961, "width_mean": 271.0, "slope": 0.00021, "uparea": 7931.95467885, "trend": "no trend", "ave_flux": 0.0286571, "continent": "North America", "ord_stra": 5, "image_num": 633, "OWT": 2, "trend2": "no trend", "label": "River mouth 961"}, "geometry": {"type": "Point", "coordinates": [-78.70182430696565, 51.57879718099181]}}, {"id": "928", "type": "Feature", "properties": {"ID": 962, "width_mean": 319.0, "slope": 0.000167, "uparea": 2615.07415483, "trend": "increasing", "ave_flux": 0.00999143, "continent": "North America", "ord_stra": 4, "image_num": 780, "OWT": 2, "trend2": "increasing", "label": "River mouth 962"}, "geometry": {"type": "Point", "coordinates": [-79.80200782183051, 50.9337502179918]}}, {"id": "929", "type": "Feature", "properties": {"ID": 963, "width_mean": 319.0, "slope": -4.1e-05, "uparea": 18786.0759797, "trend": "no trend", "ave_flux": 0.0580971, "continent": "North America", "ord_stra": 5, "image_num": 813, "OWT": 3, "trend2": "no trend", "label": "River mouth 963"}, "geometry": {"type": "Point", "coordinates": [-78.64368945516145, 51.31120976804889]}}, {"id": "930", "type": "Feature", "properties": {"ID": 964, "width_mean": 432.0, "slope": 0.001443, "uparea": 41783.9941032, "trend": "no trend", "ave_flux": 0.135557, "continent": "North America", "ord_stra": 6, "image_num": 727, "OWT": 1, "trend2": "increasing", "label": "River mouth 964"}, "geometry": {"type": "Point", "coordinates": [-78.54923414065956, 51.4374224362314]}}, {"id": "931", "type": "Feature", "properties": {"ID": 965, "width_mean": 1094.0, "slope": 0.00295, "uparea": 63218.6992371, "trend": "no trend", "ave_flux": 0.230249, "continent": "North America", "ord_stra": 7, "image_num": 724, "OWT": 3, "trend2": "no trend", "label": "River mouth 965"}, "geometry": {"type": "Point", "coordinates": [-78.79534726538259, 51.11167347424414]}}, {"id": "932", "type": "Feature", "properties": {"ID": 966, "width_mean": 1996.0, "slope": 0.002004, "uparea": 107093.149011, "trend": "no trend", "ave_flux": 0.217774, "continent": "North America", "ord_stra": 7, "image_num": 688, "OWT": 3, "trend2": "no trend", "label": "River mouth 966"}, "geometry": {"type": "Point", "coordinates": [-80.53341961137625, 51.298753342206695]}}, {"id": "933", "type": "Feature", "properties": {"ID": 967, "width_mean": 72.0, "slope": 0.000118, "uparea": 1756.9689249, "trend": "increasing", "ave_flux": 0.00563429, "continent": "North America", "ord_stra": 4, "image_num": 892, "OWT": 2, "trend2": "increasing", "label": "River mouth 967"}, "geometry": {"type": "Point", "coordinates": [-69.42623081693667, 48.729677215622104]}}, {"id": "934", "type": "Feature", "properties": {"ID": 968, "width_mean": 97.0, "slope": 0.000273, "uparea": 3032.33479151, "trend": "increasing", "ave_flux": 0.0138457, "continent": "North America", "ord_stra": 5, "image_num": 713, "OWT": 2, "trend2": "increasing", "label": "River mouth 968"}, "geometry": {"type": "Point", "coordinates": [-66.93185999993898, 50.04443000024435]}}, {"id": "935", "type": "Feature", "properties": {"ID": 969, "width_mean": 124.0, "slope": 0.000667, "uparea": 18774.2745961, "trend": "increasing", "ave_flux": 0.0436114, "continent": "North America", "ord_stra": 6, "image_num": 687, "OWT": 3, "trend2": "increasing", "label": "River mouth 969"}, "geometry": {"type": "Point", "coordinates": [-68.80591123096252, 48.9549004921468]}}, {"id": "936", "type": "Feature", "properties": {"ID": 970, "width_mean": 190.0, "slope": 0.002727, "uparea": 18973.4019343, "trend": "increasing", "ave_flux": 0.10174, "continent": "North America", "ord_stra": 6, "image_num": 755, "OWT": 3, "trend2": "increasing", "label": "River mouth 970"}, "geometry": {"type": "Point", "coordinates": [-66.11921245169862, 50.258615842682474]}}, {"id": "937", "type": "Feature", "properties": {"ID": 971, "width_mean": 190.0, "slope": 2e-05, "uparea": 5894.1397453, "trend": "no trend", "ave_flux": 0.0105286, "continent": "North America", "ord_stra": 5, "image_num": 431, "OWT": 1, "trend2": "no trend", "label": "River mouth 971"}, "geometry": {"type": "Point", "coordinates": [-66.6759321620261, 50.23715008358433]}}, {"id": "938", "type": "Feature", "properties": {"ID": 972, "width_mean": 1094.0, "slope": 0.000535, "uparea": 19033.5969735, "trend": "no trend", "ave_flux": 0.0482229, "continent": "North America", "ord_stra": 5, "image_num": 854, "OWT": 1, "trend2": "increasing", "label": "River mouth 972"}, "geometry": {"type": "Point", "coordinates": [-68.38957092203586, 49.113031950786024]}}, {"id": "939", "type": "Feature", "properties": {"ID": 973, "width_mean": 1575.0, "slope": 0.00105, "uparea": 45971.6820802, "trend": "no trend", "ave_flux": 0.105214, "continent": "North America", "ord_stra": 7, "image_num": 935, "OWT": 1, "trend2": "no trend", "label": "River mouth 973"}, "geometry": {"type": "Point", "coordinates": [-68.36738764042221, 49.29042753797649]}}, {"id": "940", "type": "Feature", "properties": {"ID": 974, "width_mean": 2244.0, "slope": 0.005125, "uparea": 87552.5308978, "trend": "increasing", "ave_flux": 0.255164, "continent": "North America", "ord_stra": 7, "image_num": 1026, "OWT": 1, "trend2": "increasing", "label": "River mouth 974"}, "geometry": {"type": "Point", "coordinates": [-69.79033564681038, 48.14553825295294]}}, {"id": "941", "type": "Feature", "properties": {"ID": 975, "width_mean": 3558.0, "slope": 0.000583, "uparea": 11975.13457, "trend": "no trend", "ave_flux": 0.03482, "continent": "North America", "ord_stra": 4, "image_num": 829, "OWT": 1, "trend2": "increasing", "label": "River mouth 975"}, "geometry": {"type": "Point", "coordinates": [-66.65353251810751, 48.01984688173726]}}, {"id": "942", "type": "Feature", "properties": {"ID": 976, "width_mean": 50.0, "slope": 0.000163, "uparea": 1250.62324351, "trend": "increasing", "ave_flux": 0.00735323, "continent": "North America", "ord_stra": 4, "image_num": 724, "OWT": 2, "trend2": "increasing", "label": "River mouth 976"}, "geometry": {"type": "Point", "coordinates": [-65.29704465109069, 49.191922056158084]}}, {"id": "943", "type": "Feature", "properties": {"ID": 977, "width_mean": 50.0, "slope": 0.000155, "uparea": 960.5585247403618, "trend": "increasing", "ave_flux": 0.00794286, "continent": "North America", "ord_stra": 4, "image_num": 802, "OWT": 2, "trend2": "increasing", "label": "River mouth 977"}, "geometry": {"type": "Point", "coordinates": [-64.54551000018631, 48.77220000012994]}}, {"id": "944", "type": "Feature", "properties": {"ID": 978, "width_mean": 72.0, "slope": 0.00015, "uparea": 1922.80444088, "trend": "no trend", "ave_flux": 0.0159771, "continent": "North America", "ord_stra": 4, "image_num": 892, "OWT": 2, "trend2": "no trend", "label": "River mouth 978"}, "geometry": {"type": "Point", "coordinates": [-65.47687999981213, 48.12539999971028]}}, {"id": "945", "type": "Feature", "properties": {"ID": 979, "width_mean": 72.0, "slope": 0.000114, "uparea": 2343.65928767, "trend": "no trend", "ave_flux": 0.0105114, "continent": "North America", "ord_stra": 4, "image_num": 659, "OWT": 3, "trend2": "increasing", "label": "River mouth 979"}, "geometry": {"type": "Point", "coordinates": [-63.942689999943525, 50.33762000036279]}}, {"id": "946", "type": "Feature", "properties": {"ID": 980, "width_mean": 72.0, "slope": 4.4e-05, "uparea": 2393.64207212, "trend": "no trend", "ave_flux": 0.00785597, "continent": "North America", "ord_stra": 5, "image_num": 493, "OWT": 3, "trend2": "no trend", "label": "River mouth 980"}, "geometry": {"type": "Point", "coordinates": [-65.92981111994163, 48.291996160175444]}}, {"id": "947", "type": "Feature", "properties": {"ID": 981, "width_mean": 72.0, "slope": 0.0001, "uparea": 2135.31866294, "trend": "increasing", "ave_flux": 0.00750571, "continent": "North America", "ord_stra": 4, "image_num": 507, "OWT": 2, "trend2": "increasing", "label": "River mouth 981"}, "geometry": {"type": "Point", "coordinates": [-62.14890684691299, 50.32674041653862]}}, {"id": "948", "type": "Feature", "properties": {"ID": 982, "width_mean": 97.0, "slope": -0.000512, "uparea": 5246.43926868, "trend": "decreasing", "ave_flux": 0.0226957, "continent": "North America", "ord_stra": 5, "image_num": 672, "OWT": 3, "trend2": "decreasing", "label": "River mouth 982"}, "geometry": {"type": "Point", "coordinates": [-64.24476993229904, 50.35103390070813]}}, {"id": "949", "type": "Feature", "properties": {"ID": 983, "width_mean": 124.0, "slope": 0.000309, "uparea": 5733.41542915, "trend": "increasing", "ave_flux": 0.0143114, "continent": "North America", "ord_stra": 5, "image_num": 367, "OWT": 3, "trend2": "increasing", "label": "River mouth 983"}, "geometry": {"type": "Point", "coordinates": [-62.03271980632935, 50.31357092739562]}}, {"id": "950", "type": "Feature", "properties": {"ID": 984, "width_mean": 124.0, "slope": 0.000305, "uparea": 5338.60560165, "trend": "no trend", "ave_flux": 0.0197143, "continent": "North America", "ord_stra": 5, "image_num": 507, "OWT": 2, "trend2": "increasing", "label": "River mouth 984"}, "geometry": {"type": "Point", "coordinates": [-60.627249999587775, 50.33206999983071]}}, {"id": "951", "type": "Feature", "properties": {"ID": 985, "width_mean": 155.0, "slope": 0.0004, "uparea": 12987.1446643, "trend": "no trend", "ave_flux": 0.0470114, "continent": "North America", "ord_stra": 5, "image_num": 541, "OWT": 3, "trend2": "increasing", "label": "River mouth 985"}, "geometry": {"type": "Point", "coordinates": [-63.708355781904295, 50.30845261229112]}}, {"id": "952", "type": "Feature", "properties": {"ID": 986, "width_mean": 271.0, "slope": 0.000823, "uparea": 15822.9753477, "trend": "no trend", "ave_flux": 0.0469171, "continent": "North America", "ord_stra": 6, "image_num": 552, "OWT": 3, "trend2": "increasing", "label": "River mouth 986"}, "geometry": {"type": "Point", "coordinates": [-61.67225317368175, 50.13818807717113]}}, {"id": "953", "type": "Feature", "properties": {"ID": 987, "width_mean": 498.0, "slope": 0.000175, "uparea": 7612.55346141, "trend": "no trend", "ave_flux": 0.0222057, "continent": "North America", "ord_stra": 6, "image_num": 692, "OWT": 1, "trend2": "no trend", "label": "River mouth 987"}, "geometry": {"type": "Point", "coordinates": [-64.42682000004294, 50.36398999963882]}}, {"id": "954", "type": "Feature", "properties": {"ID": 988, "width_mean": 155.0, "slope": 0.000814, "uparea": 9935.5443997, "trend": "increasing", "ave_flux": 0.0406171, "continent": "North America", "ord_stra": 5, "image_num": 500, "OWT": 3, "trend2": "increasing", "label": "River mouth 988"}, "geometry": {"type": "Point", "coordinates": [-58.65419374913155, 51.319239226599834]}}, {"id": "955", "type": "Feature", "properties": {"ID": 989, "width_mean": 190.0, "slope": 0.000783, "uparea": 6743.50256707, "trend": "increasing", "ave_flux": 0.0296771, "continent": "North America", "ord_stra": 5, "image_num": 533, "OWT": 3, "trend2": "increasing", "label": "River mouth 989"}, "geometry": {"type": "Point", "coordinates": [-57.66198081076457, 51.63346680558782]}}, {"id": "956", "type": "Feature", "properties": {"ID": 990, "width_mean": 190.0, "slope": 0.001414, "uparea": 19156.9013454, "trend": "no trend", "ave_flux": 0.100037, "continent": "North America", "ord_stra": 6, "image_num": 592, "OWT": 1, "trend2": "increasing", "label": "River mouth 990"}, "geometry": {"type": "Point", "coordinates": [-59.59131628277906, 50.59083567540664]}}, {"id": "957", "type": "Feature", "properties": {"ID": 991, "width_mean": 228.0, "slope": 0.000238, "uparea": 8852.02004896, "trend": "increasing", "ave_flux": 0.0130882, "continent": "North America", "ord_stra": 6, "image_num": 494, "OWT": 1, "trend2": "increasing", "label": "River mouth 991"}, "geometry": {"type": "Point", "coordinates": [-55.57742757289944, 48.9550878878236]}}, {"id": "958", "type": "Feature", "properties": {"ID": 992, "width_mean": 319.0, "slope": 0.000371, "uparea": 4862.34694454, "trend": "increasing", "ave_flux": 0.00937766, "continent": "North America", "ord_stra": 5, "image_num": 325, "OWT": 1, "trend2": "increasing", "label": "River mouth 992"}, "geometry": {"type": "Point", "coordinates": [-54.52017995060427, 49.18307827614333]}}, {"id": "959", "type": "Feature", "properties": {"ID": 993, "width_mean": 1575.0, "slope": 0.00055, "uparea": 7153.1890314, "trend": "increasing", "ave_flux": 0.0212771, "continent": "North America", "ord_stra": 6, "image_num": 605, "OWT": 1, "trend2": "increasing", "label": "River mouth 993"}, "geometry": {"type": "Point", "coordinates": [-57.64878000019684, 49.01958000021688]}}, {"id": "960", "type": "Feature", "properties": {"ID": 994, "width_mean": 572.0, "slope": 4.2e-05, "uparea": 1262.52211804, "trend": "no trend", "ave_flux": 0.00666857, "continent": "Europe", "ord_stra": 4, "image_num": 419, "OWT": 3, "trend2": "no trend", "label": "River mouth 994"}, "geometry": {"type": "Point", "coordinates": [-8.401763361537288, 51.90055138561388]}}, {"id": "961", "type": "Feature", "properties": {"ID": 995, "width_mean": 655.0, "slope": 2.4e-05, "uparea": 3243.98532456, "trend": "no trend", "ave_flux": 0.00477789, "continent": "Europe", "ord_stra": 4, "image_num": 548, "OWT": 1, "trend2": "no trend", "label": "River mouth 995"}, "geometry": {"type": "Point", "coordinates": [-7.859099856802995, 51.98247669464668]}}, {"id": "962", "type": "Feature", "properties": {"ID": 996, "width_mean": 72.0, "slope": 1.2e-05, "uparea": 573.8089703607452, "trend": "no trend", "ave_flux": 0.00265714, "continent": "Europe", "ord_stra": 4, "image_num": 699, "OWT": 2, "trend2": "no trend", "label": "River mouth 996"}, "geometry": {"type": "Point", "coordinates": [-1.245943982477653, 49.324675917746546]}}, {"id": "963", "type": "Feature", "properties": {"ID": 997, "width_mean": 72.0, "slope": 0.000692, "uparea": 3435.19288497, "trend": "increasing", "ave_flux": 0.0283114, "continent": "Europe", "ord_stra": 5, "image_num": 437, "OWT": 2, "trend2": "increasing", "label": "River mouth 997"}, "geometry": {"type": "Point", "coordinates": [-2.679672447649685, 51.73336481889035]}}, {"id": "964", "type": "Feature", "properties": {"ID": 998, "width_mean": 97.0, "slope": -8.9e-05, "uparea": 1516.06132784, "trend": "decreasing", "ave_flux": 0.00466449, "continent": "Europe", "ord_stra": 5, "image_num": 534, "OWT": 3, "trend2": "decreasing", "label": "River mouth 998"}, "geometry": {"type": "Point", "coordinates": [-4.2122124897705, 48.2532542168357]}}, {"id": "965", "type": "Feature", "properties": {"ID": 999, "width_mean": 190.0, "slope": 3.3e-05, "uparea": 1341.45149906, "trend": "no trend", "ave_flux": 0.00903714, "continent": "Europe", "ord_stra": 4, "image_num": 529, "OWT": 2, "trend2": "no trend", "label": "River mouth 999"}, "geometry": {"type": "Point", "coordinates": [-4.343299999695205, 51.79835999991411]}}, {"id": "966", "type": "Feature", "properties": {"ID": 1000, "width_mean": 498.0, "slope": 0.000239, "uparea": 10791.6205598, "trend": "no trend", "ave_flux": 0.0317543, "continent": "Europe", "ord_stra": 5, "image_num": 544, "OWT": 2, "trend2": "no trend", "label": "River mouth 1000"}, "geometry": {"type": "Point", "coordinates": [-2.4254191269791874, 51.78461838299316]}}, {"id": "967", "type": "Feature", "properties": {"ID": 1001, "width_mean": 50.0, "slope": -5.9e-05, "uparea": 1253.47288533, "trend": "decreasing", "ave_flux": 0.00471246, "continent": "Europe", "ord_stra": 4, "image_num": 737, "OWT": 2, "trend2": "decreasing", "label": "River mouth 1001"}, "geometry": {"type": "Point", "coordinates": [2.1511077652664716, 50.93658035715391]}}, {"id": "968", "type": "Feature", "properties": {"ID": 1002, "width_mean": 228.0, "slope": -0.000357, "uparea": 10384.7810971, "trend": "no trend", "ave_flux": 0.0239489, "continent": "Europe", "ord_stra": 4, "image_num": 620, "OWT": 2, "trend2": "decreasing", "label": "River mouth 1002"}, "geometry": {"type": "Point", "coordinates": [3.832483771583272, 51.30425671079264]}}, {"id": "969", "type": "Feature", "properties": {"ID": 1003, "width_mean": 319.0, "slope": -0.001767, "uparea": 73370.5554123, "trend": "decreasing", "ave_flux": 0.091987, "continent": "Europe", "ord_stra": 4, "image_num": 746, "OWT": 1, "trend2": "decreasing", "label": "River mouth 1003"}, "geometry": {"type": "Point", "coordinates": [0.4269840125521911, 49.45720959702638]}}, {"id": "970", "type": "Feature", "properties": {"ID": 1004, "width_mean": 572.0, "slope": -0.000123, "uparea": 2569.485553, "trend": "decreasing", "ave_flux": 0.00375129, "continent": "Europe", "ord_stra": 7, "image_num": 656, "OWT": 1, "trend2": "decreasing", "label": "River mouth 1004"}, "geometry": {"type": "Point", "coordinates": [4.2506262186856425, 51.911318634846445]}}, {"id": "971", "type": "Feature", "properties": {"ID": 1005, "width_mean": 1237.0, "slope": -0.000287, "uparea": 13455.7328702, "trend": "decreasing", "ave_flux": 0.00858954, "continent": "Europe", "ord_stra": 4, "image_num": 452, "OWT": 1, "trend2": "decreasing", "label": "River mouth 1005"}, "geometry": {"type": "Point", "coordinates": [0.3931184293397205, 51.4481498576952]}}, {"id": "972", "type": "Feature", "properties": {"ID": 1006, "width_mean": 2520.0, "slope": -0.000705, "uparea": 193969.431463, "trend": "no trend", "ave_flux": 0.288431, "continent": "Europe", "ord_stra": 4, "image_num": 809, "OWT": 1, "trend2": "no trend", "label": "River mouth 1006"}, "geometry": {"type": "Point", "coordinates": [4.264140460381035, 51.748224872278975]}}, {"id": "973", "type": "Feature", "properties": {"ID": 1007, "width_mean": 72.0, "slope": -0.000426, "uparea": 6881.42907469, "trend": "decreasing", "ave_flux": 0.0149979, "continent": "Asia", "ord_stra": 5, "image_num": 707, "OWT": 1, "trend2": "decreasing", "label": "River mouth 1007"}, "geometry": {"type": "Point", "coordinates": [140.05334701975465, 48.57610052327796]}}, {"id": "974", "type": "Feature", "properties": {"ID": 1008, "width_mean": 72.0, "slope": 0.000456, "uparea": 6585.65257301, "trend": "no trend", "ave_flux": 0.03044, "continent": "Asia", "ord_stra": 5, "image_num": 413, "OWT": 1, "trend2": "increasing", "label": "River mouth 1008"}, "geometry": {"type": "Point", "coordinates": [143.16270000020495, 49.32431999966832]}}, {"id": "975", "type": "Feature", "properties": {"ID": 1009, "width_mean": 97.0, "slope": 0.000364, "uparea": 6768.81102132, "trend": "increasing", "ave_flux": 0.0190178, "continent": "Asia", "ord_stra": 5, "image_num": 429, "OWT": 3, "trend2": "increasing", "label": "River mouth 1009"}, "geometry": {"type": "Point", "coordinates": [143.098118817578, 51.79783324013937]}}, {"id": "976", "type": "Feature", "properties": {"ID": 1010, "width_mean": 319.0, "slope": -4.4e-05, "uparea": 21493.3400566, "trend": "no trend", "ave_flux": 0.0472171, "continent": "Asia", "ord_stra": 6, "image_num": 634, "OWT": 3, "trend2": "no trend", "label": "River mouth 1010"}, "geometry": {"type": "Point", "coordinates": [140.26302467793664, 49.27946434081315]}}, {"id": "977", "type": "Feature", "properties": {"ID": 1011, "width_mean": 72.0, "slope": 2.6e-05, "uparea": 232.8206088475896, "trend": "increasing", "ave_flux": 0.000495, "continent": "Asia", "ord_stra": 4, "image_num": 282, "OWT": 1, "trend2": "increasing", "label": "River mouth 1011"}, "geometry": {"type": "Point", "coordinates": [157.9279095940132, 51.80164878837665]}}, {"id": "978", "type": "Feature", "properties": {"ID": 1012, "width_mean": 97.0, "slope": 0.0, "uparea": 1786.72526135, "trend": "no trend", "ave_flux": 0.0034858, "continent": "Asia", "ord_stra": 4, "image_num": 223, "OWT": 1, "trend2": "no trend", "label": "River mouth 1012"}, "geometry": {"type": "Point", "coordinates": [157.9846800003818, 51.849529999809704]}}, {"id": "979", "type": "Feature", "properties": {"ID": 1013, "width_mean": 155.0, "slope": 1e-05, "uparea": 879.6665356745233, "trend": "no trend", "ave_flux": 0.0025876, "continent": "Asia", "ord_stra": 4, "image_num": 192, "OWT": 1, "trend2": "no trend", "label": "River mouth 1013"}, "geometry": {"type": "Point", "coordinates": [156.55760246688357, 51.49131506160266]}}, {"id": "980", "type": "Feature", "properties": {"ID": 1014, "width_mean": 190.0, "slope": 8.3e-05, "uparea": 3821.35569595, "trend": "no trend", "ave_flux": 0.00867949, "continent": "Asia", "ord_stra": 4, "image_num": 151, "OWT": 1, "trend2": "no trend", "label": "River mouth 1014"}, "geometry": {"type": "Point", "coordinates": [156.5473438449581, 51.88209302012166]}}, {"id": "981", "type": "Feature", "properties": {"ID": 1015, "width_mean": 155.0, "slope": 0.000113, "uparea": 1020.13570721, "trend": "no trend", "ave_flux": 0.00637531, "continent": "North America", "ord_stra": 4, "image_num": 241, "OWT": 3, "trend2": "no trend", "label": "River mouth 1015"}, "geometry": {"type": "Point", "coordinates": [-161.3719410194721, 55.94313788614187]}}, {"id": "982", "type": "Feature", "properties": {"ID": 1016, "width_mean": 372.0, "slope": 5.6e-05, "uparea": 233.47896646509116, "trend": "increasing", "ave_flux": 0.00166926, "continent": "North America", "ord_stra": 4, "image_num": 304, "OWT": 4, "trend2": "increasing", "label": "River mouth 1016"}, "geometry": {"type": "Point", "coordinates": [-158.92746969211143, 55.97505291735078]}}, {"id": "983", "type": "Feature", "properties": {"ID": 1017, "width_mean": 50.0, "slope": 5e-05, "uparea": 4549.90965261, "trend": "no trend", "ave_flux": 0.0176686, "continent": "North America", "ord_stra": 5, "image_num": 745, "OWT": 1, "trend2": "no trend", "label": "River mouth 1017"}, "geometry": {"type": "Point", "coordinates": [-126.63991380708268, 52.383028617626934]}}, {"id": "984", "type": "Feature", "properties": {"ID": 1018, "width_mean": 97.0, "slope": 0.000514, "uparea": 2713.77316091, "trend": "increasing", "ave_flux": 0.0143586, "continent": "North America", "ord_stra": 6, "image_num": 460, "OWT": 1, "trend2": "increasing", "label": "River mouth 1018"}, "geometry": {"type": "Point", "coordinates": [-127.78782000029275, 53.18749999992514]}}, {"id": "985", "type": "Feature", "properties": {"ID": 1019, "width_mean": 228.0, "slope": -0.004402, "uparea": 20026.1016336, "trend": "decreasing", "ave_flux": 0.135973, "continent": "North America", "ord_stra": 6, "image_num": 649, "OWT": 1, "trend2": "decreasing", "label": "River mouth 1019"}, "geometry": {"type": "Point", "coordinates": [-129.53462334623575, 55.0378807065359]}}, {"id": "986", "type": "Feature", "properties": {"ID": 1020, "width_mean": 655.0, "slope": -0.008575, "uparea": 49841.6934539, "trend": "decreasing", "ave_flux": 0.191322, "continent": "North America", "ord_stra": 6, "image_num": 585, "OWT": 1, "trend2": "decreasing", "label": "River mouth 1020"}, "geometry": {"type": "Point", "coordinates": [-129.43861243753403, 54.242086920132664]}}, {"id": "987", "type": "Feature", "properties": {"ID": 1021, "width_mean": 50.0, "slope": 1.4e-05, "uparea": 3480.52109159, "trend": "no trend", "ave_flux": 0.00530217, "continent": "North America", "ord_stra": 4, "image_num": 503, "OWT": 2, "trend2": "no trend", "label": "River mouth 1021"}, "geometry": {"type": "Point", "coordinates": [-84.15961598618776, 54.96533694136908]}}, {"id": "988", "type": "Feature", "properties": {"ID": 1022, "width_mean": 432.0, "slope": 0.002267, "uparea": 93377.5383093, "trend": "increasing", "ave_flux": 0.0895429, "continent": "North America", "ord_stra": 7, "image_num": 522, "OWT": 3, "trend2": "increasing", "label": "River mouth 1022"}, "geometry": {"type": "Point", "coordinates": [-87.78307802154839, 55.93269766946199]}}, {"id": "989", "type": "Feature", "properties": {"ID": 1023, "width_mean": 655.0, "slope": 0.002107, "uparea": 57740.8841653, "trend": "increasing", "ave_flux": 0.0948629, "continent": "North America", "ord_stra": 6, "image_num": 561, "OWT": 3, "trend2": "increasing", "label": "River mouth 1023"}, "geometry": {"type": "Point", "coordinates": [-85.24218694730448, 55.219238388056304]}}, {"id": "990", "type": "Feature", "properties": {"ID": 1024, "width_mean": 50.0, "slope": 7.4e-05, "uparea": 1267.50778225, "trend": "increasing", "ave_flux": 0.00364, "continent": "North America", "ord_stra": 4, "image_num": 791, "OWT": 2, "trend2": "increasing", "label": "River mouth 1024"}, "geometry": {"type": "Point", "coordinates": [-78.80213951435054, 54.03924703467838]}}, {"id": "991", "type": "Feature", "properties": {"ID": 1025, "width_mean": 72.0, "slope": 0.000206, "uparea": 2676.447473, "trend": "increasing", "ave_flux": 0.00649429, "continent": "North America", "ord_stra": 5, "image_num": 594, "OWT": 3, "trend2": "increasing", "label": "River mouth 1025"}, "geometry": {"type": "Point", "coordinates": [-78.75157000035517, 53.382569999705765]}}, {"id": "992", "type": "Feature", "properties": {"ID": 1026, "width_mean": 72.0, "slope": 0.000135, "uparea": 2591.53684713, "trend": "increasing", "ave_flux": 0.00777143, "continent": "North America", "ord_stra": 5, "image_num": 638, "OWT": 2, "trend2": "increasing", "label": "River mouth 1026"}, "geometry": {"type": "Point", "coordinates": [-78.48188399921744, 52.649048000684274]}}, {"id": "993", "type": "Feature", "properties": {"ID": 1027, "width_mean": 97.0, "slope": 0.0, "uparea": 795.7787744476648, "trend": "no trend", "ave_flux": 0.00278857, "continent": "North America", "ord_stra": 4, "image_num": 654, "OWT": 2, "trend2": "no trend", "label": "River mouth 1027"}, "geometry": {"type": "Point", "coordinates": [-78.37074000025075, 52.38164000018594]}}, {"id": "994", "type": "Feature", "properties": {"ID": 1028, "width_mean": 124.0, "slope": 0.00013, "uparea": 11704.1004212, "trend": "no trend", "ave_flux": 0.0208029, "continent": "North America", "ord_stra": 5, "image_num": 584, "OWT": 2, "trend2": "no trend", "label": "River mouth 1028"}, "geometry": {"type": "Point", "coordinates": [-82.22437190602841, 52.75124361480769]}}, {"id": "995", "type": "Feature", "properties": {"ID": 1029, "width_mean": 124.0, "slope": 0.000129, "uparea": 6394.12089653, "trend": "no trend", "ave_flux": 0.0135029, "continent": "North America", "ord_stra": 4, "image_num": 649, "OWT": 3, "trend2": "no trend", "label": "River mouth 1029"}, "geometry": {"type": "Point", "coordinates": [-82.36149492199928, 52.80912855755208]}}, {"id": "996", "type": "Feature", "properties": {"ID": 1030, "width_mean": 155.0, "slope": 0.00091, "uparea": 18658.9107019, "trend": "increasing", "ave_flux": 0.0371971, "continent": "North America", "ord_stra": 5, "image_num": 561, "OWT": 2, "trend2": "increasing", "label": "River mouth 1030"}, "geometry": {"type": "Point", "coordinates": [-82.32018125122548, 53.244752681548405]}}, {"id": "997", "type": "Feature", "properties": {"ID": 1031, "width_mean": 228.0, "slope": -0.000157, "uparea": 2579.48822032, "trend": "decreasing", "ave_flux": 0.0072322, "continent": "North America", "ord_stra": 4, "image_num": 475, "OWT": 3, "trend2": "decreasing", "label": "River mouth 1031"}, "geometry": {"type": "Point", "coordinates": [-78.6940298131208, 52.01164698618886]}}, {"id": "998", "type": "Feature", "properties": {"ID": 1032, "width_mean": 319.0, "slope": 0.001692, "uparea": 48564.9398492, "trend": "no trend", "ave_flux": 0.112331, "continent": "North America", "ord_stra": 6, "image_num": 699, "OWT": 2, "trend2": "no trend", "label": "River mouth 1032"}, "geometry": {"type": "Point", "coordinates": [-82.53155076328855, 52.90346524224566]}}, {"id": "999", "type": "Feature", "properties": {"ID": 1033, "width_mean": 432.0, "slope": 0.00037, "uparea": 8849.42927241, "trend": "increasing", "ave_flux": 0.0167171, "continent": "North America", "ord_stra": 6, "image_num": 524, "OWT": 1, "trend2": "increasing", "label": "River mouth 1033"}, "geometry": {"type": "Point", "coordinates": [-79.25371860923971, 54.44325004053857]}}, {"id": "1000", "type": "Feature", "properties": {"ID": 1034, "width_mean": 432.0, "slope": 0.001661, "uparea": 45372.9651497, "trend": "no trend", "ave_flux": 0.160597, "continent": "North America", "ord_stra": 7, "image_num": 638, "OWT": 3, "trend2": "no trend", "label": "River mouth 1034"}, "geometry": {"type": "Point", "coordinates": [-78.39194698726271, 52.233736459544296]}}, {"id": "1001", "type": "Feature", "properties": {"ID": 1035, "width_mean": 572.0, "slope": 0.00206, "uparea": 132978.282515, "trend": "no trend", "ave_flux": 0.232057, "continent": "North America", "ord_stra": 7, "image_num": 616, "OWT": 3, "trend2": "no trend", "label": "River mouth 1035"}, "geometry": {"type": "Point", "coordinates": [-81.65865766653769, 52.2644409213181]}}, {"id": "1002", "type": "Feature", "properties": {"ID": 1036, "width_mean": 965.0, "slope": 0.010533, "uparea": 96840.7547783, "trend": "increasing", "ave_flux": 0.303011, "continent": "North America", "ord_stra": 7, "image_num": 836, "OWT": 1, "trend2": "increasing", "label": "River mouth 1036"}, "geometry": {"type": "Point", "coordinates": [-78.73219220998, 53.75393939416242]}}, {"id": "1003", "type": "Feature", "properties": {"ID": 1037, "width_mean": 228.0, "slope": 0.000419, "uparea": 33385.4779054, "trend": "no trend", "ave_flux": 0.0853429, "continent": "North America", "ord_stra": 6, "image_num": 606, "OWT": 1, "trend2": "no trend", "label": "River mouth 1037"}, "geometry": {"type": "Point", "coordinates": [-77.49154026965091, 55.24589398159107]}}, {"id": "1004", "type": "Feature", "properties": {"ID": 1038, "width_mean": 97.0, "slope": 3.6e-05, "uparea": 3137.92073817, "trend": "no trend", "ave_flux": 0.0134143, "continent": "North America", "ord_stra": 5, "image_num": 637, "OWT": 2, "trend2": "no trend", "label": "River mouth 1038"}, "geometry": {"type": "Point", "coordinates": [-60.52727663229028, 53.37149052079275]}}, {"id": "1005", "type": "Feature", "properties": {"ID": 1039, "width_mean": 155.0, "slope": 6.8e-05, "uparea": 4128.87959426, "trend": "no trend", "ave_flux": 0.00912811, "continent": "North America", "ord_stra": 5, "image_num": 419, "OWT": 1, "trend2": "no trend", "label": "River mouth 1039"}, "geometry": {"type": "Point", "coordinates": [-61.741410000171356, 55.972059999969076]}}, {"id": "1006", "type": "Feature", "properties": {"ID": 1040, "width_mean": 271.0, "slope": 0.000894, "uparea": 9848.44001985, "trend": "no trend", "ave_flux": 0.0526829, "continent": "North America", "ord_stra": 6, "image_num": 425, "OWT": 1, "trend2": "increasing", "label": "River mouth 1040"}, "geometry": {"type": "Point", "coordinates": [-60.77250622931039, 55.021416768622224]}}, {"id": "1007", "type": "Feature", "properties": {"ID": 1041, "width_mean": 747.0, "slope": 0.001878, "uparea": 10096.7037645, "trend": "increasing", "ave_flux": 0.0571, "continent": "North America", "ord_stra": 4, "image_num": 408, "OWT": 1, "trend2": "increasing", "label": "River mouth 1041"}, "geometry": {"type": "Point", "coordinates": [-60.322784531229296, 54.984636498074394]}}, {"id": "1008", "type": "Feature", "properties": {"ID": 1042, "width_mean": 1237.0, "slope": 0.002311, "uparea": 92098.6487482, "trend": "no trend", "ave_flux": 0.191614, "continent": "North America", "ord_stra": 7, "image_num": 424, "OWT": 1, "trend2": "increasing", "label": "River mouth 1042"}, "geometry": {"type": "Point", "coordinates": [-60.257535462507676, 53.29368799061089]}}, {"id": "1009", "type": "Feature", "properties": {"ID": 1043, "width_mean": 3174.0, "slope": 0.000157, "uparea": 13414.5061818, "trend": "no trend", "ave_flux": 0.0617971, "continent": "North America", "ord_stra": 6, "image_num": 873, "OWT": 1, "trend2": "no trend", "label": "River mouth 1043"}, "geometry": {"type": "Point", "coordinates": [-60.44834000039066, 53.66212000033778]}}, {"id": "1010", "type": "Feature", "properties": {"ID": 1044, "width_mean": 72.0, "slope": 1e-05, "uparea": 793.4349566485182, "trend": "no trend", "ave_flux": 0.00169711, "continent": "North America", "ord_stra": 4, "image_num": 238, "OWT": 3, "trend2": "no trend", "label": "River mouth 1044"}, "geometry": {"type": "Point", "coordinates": [-57.8430308585526, 54.67131555008329]}}, {"id": "1011", "type": "Feature", "properties": {"ID": 1045, "width_mean": 97.0, "slope": 0.000143, "uparea": 1761.25982012, "trend": "increasing", "ave_flux": 0.00556154, "continent": "North America", "ord_stra": 4, "image_num": 342, "OWT": 3, "trend2": "increasing", "label": "River mouth 1045"}, "geometry": {"type": "Point", "coordinates": [-56.23916316273085, 52.998825083002686]}}, {"id": "1012", "type": "Feature", "properties": {"ID": 1046, "width_mean": 97.0, "slope": 4.4e-05, "uparea": 989.6111832587567, "trend": "no trend", "ave_flux": 0.00424571, "continent": "North America", "ord_stra": 4, "image_num": 348, "OWT": 3, "trend2": "no trend", "label": "River mouth 1046"}, "geometry": {"type": "Point", "coordinates": [-58.33250276411508, 54.347424112441644]}}, {"id": "1013", "type": "Feature", "properties": {"ID": 1047, "width_mean": 97.0, "slope": 0.000158, "uparea": 4374.61828203, "trend": "no trend", "ave_flux": 0.0205314, "continent": "North America", "ord_stra": 4, "image_num": 466, "OWT": 3, "trend2": "no trend", "label": "River mouth 1047"}, "geometry": {"type": "Point", "coordinates": [-59.859719546371174, 53.41669387894498]}}, {"id": "1014", "type": "Feature", "properties": {"ID": 1048, "width_mean": 124.0, "slope": 0.000265, "uparea": 4508.78094674, "trend": "increasing", "ave_flux": 0.0146429, "continent": "North America", "ord_stra": 5, "image_num": 477, "OWT": 3, "trend2": "increasing", "label": "River mouth 1048"}, "geometry": {"type": "Point", "coordinates": [-57.492017492660786, 53.343109469406684]}}, {"id": "1015", "type": "Feature", "properties": {"ID": 1049, "width_mean": 155.0, "slope": 0.000231, "uparea": 2341.74717977, "trend": "increasing", "ave_flux": 0.00854571, "continent": "North America", "ord_stra": 5, "image_num": 459, "OWT": 1, "trend2": "increasing", "label": "River mouth 1049"}, "geometry": {"type": "Point", "coordinates": [-59.16729000003346, 54.78863000027434]}}, {"id": "1016", "type": "Feature", "properties": {"ID": 1050, "width_mean": 155.0, "slope": 7e-05, "uparea": 1201.8656769, "trend": "no trend", "ave_flux": 0.00740571, "continent": "North America", "ord_stra": 4, "image_num": 606, "OWT": 3, "trend2": "no trend", "label": "River mouth 1050"}, "geometry": {"type": "Point", "coordinates": [-57.31919156592757, 53.8373462127408]}}, {"id": "1017", "type": "Feature", "properties": {"ID": 1051, "width_mean": 190.0, "slope": 0.001833, "uparea": 10916.8667065, "trend": "increasing", "ave_flux": 0.0793514, "continent": "North America", "ord_stra": 6, "image_num": 516, "OWT": 3, "trend2": "increasing", "label": "River mouth 1051"}, "geometry": {"type": "Point", "coordinates": [-57.54905999981912, 53.476910000196426]}}, {"id": "1018", "type": "Feature", "properties": {"ID": 1052, "width_mean": 372.0, "slope": 0.000189, "uparea": 2263.27261297, "trend": "no trend", "ave_flux": 0.0208057, "continent": "North America", "ord_stra": 4, "image_num": 533, "OWT": 2, "trend2": "no trend", "label": "River mouth 1052"}, "geometry": {"type": "Point", "coordinates": [-56.3278106245046, 52.43678912308786]}}, {"id": "1019", "type": "Feature", "properties": {"ID": 1053, "width_mean": 747.0, "slope": 0.000278, "uparea": 3138.64079418, "trend": "increasing", "ave_flux": 0.00976571, "continent": "North America", "ord_stra": 5, "image_num": 540, "OWT": 1, "trend2": "increasing", "label": "River mouth 1053"}, "geometry": {"type": "Point", "coordinates": [-56.326111945315425, 52.57006578202912]}}, {"id": "1020", "type": "Feature", "properties": {"ID": 1054, "width_mean": 1575.0, "slope": 0.000136, "uparea": 2454.34505925, "trend": "no trend", "ave_flux": 0.00897143, "continent": "North America", "ord_stra": 5, "image_num": 544, "OWT": 1, "trend2": "no trend", "label": "River mouth 1054"}, "geometry": {"type": "Point", "coordinates": [-59.947995828345086, 54.75519488374167]}}, {"id": "1021", "type": "Feature", "properties": {"ID": 1055, "width_mean": 72.0, "slope": 2.1e-05, "uparea": 994.7821561419228, "trend": "no trend", "ave_flux": 0.00359814, "continent": "Europe", "ord_stra": 4, "image_num": 466, "OWT": 2, "trend2": "no trend", "label": "River mouth 1055"}, "geometry": {"type": "Point", "coordinates": [-8.782282177979898, 52.64256510331253]}}, {"id": "1022", "type": "Feature", "properties": {"ID": 1056, "width_mean": 97.0, "slope": 9.5e-05, "uparea": 2710.21270745, "trend": "increasing", "ave_flux": 0.00538286, "continent": "Europe", "ord_stra": 5, "image_num": 579, "OWT": 2, "trend2": "increasing", "label": "River mouth 1056"}, "geometry": {"type": "Point", "coordinates": [-6.313398390921174, 53.719691670145025]}}, {"id": "1023", "type": "Feature", "properties": {"ID": 1057, "width_mean": 97.0, "slope": -0.00026, "uparea": 1885.31092028, "trend": "decreasing", "ave_flux": 0.00768229, "continent": "Europe", "ord_stra": 5, "image_num": 367, "OWT": 2, "trend2": "decreasing", "label": "River mouth 1057"}, "geometry": {"type": "Point", "coordinates": [-9.144005704104465, 54.11845695735317]}}, {"id": "1024", "type": "Feature", "properties": {"ID": 1058, "width_mean": 124.0, "slope": -5.9e-05, "uparea": 693.6939392919553, "trend": "decreasing", "ave_flux": 0.00253216, "continent": "Europe", "ord_stra": 4, "image_num": 593, "OWT": 2, "trend2": "decreasing", "label": "River mouth 1058"}, "geometry": {"type": "Point", "coordinates": [-9.606394488621849, 52.43772326960972]}}, {"id": "1025", "type": "Feature", "properties": {"ID": 1059, "width_mean": 155.0, "slope": -0.000125, "uparea": 1758.10472278, "trend": "decreasing", "ave_flux": 0.00399694, "continent": "Europe", "ord_stra": 4, "image_num": 580, "OWT": 2, "trend2": "decreasing", "label": "River mouth 1059"}, "geometry": {"type": "Point", "coordinates": [-6.549510000186331, 52.39358000041676]}}, {"id": "1026", "type": "Feature", "properties": {"ID": 1060, "width_mean": 190.0, "slope": 0.000577, "uparea": 5745.54431121, "trend": "increasing", "ave_flux": 0.0176657, "continent": "Europe", "ord_stra": 5, "image_num": 503, "OWT": 3, "trend2": "increasing", "label": "River mouth 1060"}, "geometry": {"type": "Point", "coordinates": [-6.667189999618756, 55.148670000320294]}}, {"id": "1027", "type": "Feature", "properties": {"ID": 1061, "width_mean": 271.0, "slope": 6e-05, "uparea": 2908.21450953, "trend": "no trend", "ave_flux": 0.0142343, "continent": "Europe", "ord_stra": 5, "image_num": 550, "OWT": 3, "trend2": "no trend", "label": "River mouth 1061"}, "geometry": {"type": "Point", "coordinates": [-7.286089078466332, 55.031753018954575]}}, {"id": "1028", "type": "Feature", "properties": {"ID": 1062, "width_mean": 965.0, "slope": 0.000206, "uparea": 11657.6550385, "trend": "no trend", "ave_flux": 0.0382105, "continent": "Europe", "ord_stra": 6, "image_num": 513, "OWT": 3, "trend2": "no trend", "label": "River mouth 1062"}, "geometry": {"type": "Point", "coordinates": [-8.708222778700783, 52.669806236404455]}}, {"id": "1029", "type": "Feature", "properties": {"ID": 1063, "width_mean": 1237.0, "slope": -0.00039, "uparea": 4372.82006007, "trend": "decreasing", "ave_flux": 0.0171487, "continent": "Europe", "ord_stra": 5, "image_num": 499, "OWT": 3, "trend2": "decreasing", "label": "River mouth 1063"}, "geometry": {"type": "Point", "coordinates": [-8.135194973296587, 54.49219966796318]}}, {"id": "1030", "type": "Feature", "properties": {"ID": 1064, "width_mean": 72.0, "slope": 0.0, "uparea": 1329.04879776, "trend": "no trend", "ave_flux": 0.00266286, "continent": "Europe", "ord_stra": 4, "image_num": 593, "OWT": 3, "trend2": "no trend", "label": "River mouth 1064"}, "geometry": {"type": "Point", "coordinates": [-1.2385977669489288, 54.58734904474265]}}, {"id": "1031", "type": "Feature", "properties": {"ID": 1065, "width_mean": 72.0, "slope": 7e-06, "uparea": 4462.58786362, "trend": "no trend", "ave_flux": 0.0073866, "continent": "Europe", "ord_stra": 5, "image_num": 398, "OWT": 2, "trend2": "no trend", "label": "River mouth 1065"}, "geometry": {"type": "Point", "coordinates": [-2.027304202344635, 55.77134725148463]}}, {"id": "1032", "type": "Feature", "properties": {"ID": 1066, "width_mean": 97.0, "slope": -3.1e-05, "uparea": 2328.97804272, "trend": "no trend", "ave_flux": 0.00868214, "continent": "Europe", "ord_stra": 5, "image_num": 453, "OWT": 2, "trend2": "no trend", "label": "River mouth 1066"}, "geometry": {"type": "Point", "coordinates": [-3.0274405636908543, 54.94510153133334]}}, {"id": "1033", "type": "Feature", "properties": {"ID": 1067, "width_mean": 124.0, "slope": 1.3e-05, "uparea": 1000.96943404, "trend": "no trend", "ave_flux": 0.00246286, "continent": "Europe", "ord_stra": 4, "image_num": 523, "OWT": 2, "trend2": "no trend", "label": "River mouth 1067"}, "geometry": {"type": "Point", "coordinates": [-1.460250000237295, 54.89838999959886]}}, {"id": "1034", "type": "Feature", "properties": {"ID": 1068, "width_mean": 155.0, "slope": 3e-06, "uparea": 2738.564167, "trend": "no trend", "ave_flux": 0.00541429, "continent": "Europe", "ord_stra": 5, "image_num": 571, "OWT": 3, "trend2": "no trend", "label": "River mouth 1068"}, "geometry": {"type": "Point", "coordinates": [-1.493504970680256, 54.9869894245317]}}, {"id": "1035", "type": "Feature", "properties": {"ID": 1069, "width_mean": 190.0, "slope": -0.000246, "uparea": 1061.641259, "trend": "decreasing", "ave_flux": 0.00793677, "continent": "Europe", "ord_stra": 4, "image_num": 548, "OWT": 3, "trend2": "decreasing", "label": "River mouth 1069"}, "geometry": {"type": "Point", "coordinates": [-2.830619999813109, 54.02853999962133]}}, {"id": "1036", "type": "Feature", "properties": {"ID": 1070, "width_mean": 190.0, "slope": -0.000187, "uparea": 1871.04200155, "trend": "decreasing", "ave_flux": 0.00829674, "continent": "Europe", "ord_stra": 4, "image_num": 564, "OWT": 2, "trend2": "decreasing", "label": "River mouth 1070"}, "geometry": {"type": "Point", "coordinates": [-2.80387409571677, 53.74851031737337]}}, {"id": "1037", "type": "Feature", "properties": {"ID": 1071, "width_mean": 190.0, "slope": -0.000359, "uparea": 2328.97804272, "trend": "decreasing", "ave_flux": 0.0109283, "continent": "Europe", "ord_stra": 5, "image_num": 507, "OWT": 2, "trend2": "decreasing", "label": "River mouth 1071"}, "geometry": {"type": "Point", "coordinates": [-2.999950153946748, 54.98506247610439]}}, {"id": "1038", "type": "Feature", "properties": {"ID": 1072, "width_mean": 319.0, "slope": -0.000537, "uparea": 2380.0274097, "trend": "decreasing", "ave_flux": 0.00915229, "continent": "Europe", "ord_stra": 5, "image_num": 384, "OWT": 2, "trend2": "decreasing", "label": "River mouth 1072"}, "geometry": {"type": "Point", "coordinates": [-4.387781309248201, 55.88749104965251]}}, {"id": "1039", "type": "Feature", "properties": {"ID": 1073, "width_mean": 1575.0, "slope": -0.000145, "uparea": 2032.41826135, "trend": "decreasing", "ave_flux": 0.00678863, "continent": "Europe", "ord_stra": 5, "image_num": 459, "OWT": 2, "trend2": "decreasing", "label": "River mouth 1073"}, "geometry": {"type": "Point", "coordinates": [-2.6480104375657705, 53.37292962211289]}}, {"id": "1040", "type": "Feature", "properties": {"ID": 1074, "width_mean": 2829.0, "slope": -0.000947, "uparea": 21833.809644, "trend": "decreasing", "ave_flux": 0.0635643, "continent": "Europe", "ord_stra": 4, "image_num": 664, "OWT": 3, "trend2": "decreasing", "label": "River mouth 1074"}, "geometry": {"type": "Point", "coordinates": [-0.53225326220784, 53.693139687226676]}}, {"id": "1041", "type": "Feature", "properties": {"ID": 1075, "width_mean": 50.0, "slope": 1.9e-05, "uparea": 1287.91071043, "trend": "no trend", "ave_flux": 0.00237143, "continent": "Europe", "ord_stra": 4, "image_num": 595, "OWT": 2, "trend2": "no trend", "label": "River mouth 1075"}, "geometry": {"type": "Point", "coordinates": [1.597589545633899, 52.5639247464604]}}, {"id": "1042", "type": "Feature", "properties": {"ID": 1076, "width_mean": 97.0, "slope": -0.00011, "uparea": 2090.70603723, "trend": "decreasing", "ave_flux": 0.00227289, "continent": "Europe", "ord_stra": 4, "image_num": 554, "OWT": 3, "trend2": "decreasing", "label": "River mouth 1076"}, "geometry": {"type": "Point", "coordinates": [0.04287220455126874, 52.906287403259824]}}, {"id": "1043", "type": "Feature", "properties": {"ID": 1077, "width_mean": 372.0, "slope": -0.000115, "uparea": 9529.7092842, "trend": "decreasing", "ave_flux": 0.00859017, "continent": "Europe", "ord_stra": 5, "image_num": 593, "OWT": 2, "trend2": "decreasing", "label": "River mouth 1077"}, "geometry": {"type": "Point", "coordinates": [0.3723827569888304, 52.698546192081565]}}, {"id": "1044", "type": "Feature", "properties": {"ID": 1078, "width_mean": 498.0, "slope": 1.3e-05, "uparea": 790.5070693343947, "trend": "no trend", "ave_flux": 0.0044, "continent": "Europe", "ord_stra": 4, "image_num": 648, "OWT": 3, "trend2": "no trend", "label": "River mouth 1078"}, "geometry": {"type": "Point", "coordinates": [4.6275614469697315, 52.46509334089463]}}, {"id": "1045", "type": "Feature", "properties": {"ID": 1079, "width_mean": 655.0, "slope": 0.0, "uparea": 1056.91528437, "trend": "no trend", "ave_flux": 0.00103683, "continent": "Europe", "ord_stra": 4, "image_num": 526, "OWT": 3, "trend2": "no trend", "label": "River mouth 1079"}, "geometry": {"type": "Point", "coordinates": [5.69163355945702, 52.92845783309084]}}, {"id": "1046", "type": "Feature", "properties": {"ID": 1080, "width_mean": 50.0, "slope": 5e-05, "uparea": 1523.14916559, "trend": "no trend", "ave_flux": 0.00474063, "continent": "Europe", "ord_stra": 4, "image_num": 729, "OWT": 2, "trend2": "no trend", "label": "River mouth 1080"}, "geometry": {"type": "Point", "coordinates": [8.531994285051962, 55.929899215615]}}, {"id": "1047", "type": "Feature", "properties": {"ID": 1081, "width_mean": 72.0, "slope": -3.3e-05, "uparea": 1317.3071494, "trend": "decreasing", "ave_flux": 0.00244857, "continent": "Europe", "ord_stra": 4, "image_num": 560, "OWT": 2, "trend2": "decreasing", "label": "River mouth 1081"}, "geometry": {"type": "Point", "coordinates": [6.286932103549515, 53.34112411492409]}}, {"id": "1048", "type": "Feature", "properties": {"ID": 1082, "width_mean": 319.0, "slope": -0.000274, "uparea": 137627.969579, "trend": "no trend", "ave_flux": 0.104549, "continent": "Europe", "ord_stra": 7, "image_num": 587, "OWT": 3, "trend2": "no trend", "label": "River mouth 1082"}, "geometry": {"type": "Point", "coordinates": [9.950189999768725, 53.54228000022189]}}, {"id": "1049", "type": "Feature", "properties": {"ID": 1083, "width_mean": 498.0, "slope": -4.8e-05, "uparea": 11692.1662064, "trend": "no trend", "ave_flux": 0.0300971, "continent": "Europe", "ord_stra": 6, "image_num": 595, "OWT": 3, "trend2": "no trend", "label": "River mouth 1083"}, "geometry": {"type": "Point", "coordinates": [7.306992097780443, 53.320521183367134]}}, {"id": "1050", "type": "Feature", "properties": {"ID": 1084, "width_mean": 747.0, "slope": -0.001257, "uparea": 38592.2238399, "trend": "decreasing", "ave_flux": 0.03828, "continent": "Europe", "ord_stra": 7, "image_num": 662, "OWT": 2, "trend2": "decreasing", "label": "River mouth 1084"}, "geometry": {"type": "Point", "coordinates": [8.545070907506961, 53.18616206862204]}}, {"id": "1051", "type": "Feature", "properties": {"ID": 1085, "width_mean": 850.0, "slope": -0.000143, "uparea": 1840.0681556, "trend": "decreasing", "ave_flux": 0.00548123, "continent": "Europe", "ord_stra": 4, "image_num": 666, "OWT": 1, "trend2": "decreasing", "label": "River mouth 1085"}, "geometry": {"type": "Point", "coordinates": [8.809171908885743, 54.2672200959659]}}, {"id": "1052", "type": "Feature", "properties": {"ID": 1086, "width_mean": 1094.0, "slope": 0.0, "uparea": 2678.56483578, "trend": "no trend", "ave_flux": 0.00269429, "continent": "Europe", "ord_stra": 4, "image_num": 712, "OWT": 1, "trend2": "no trend", "label": "River mouth 1086"}, "geometry": {"type": "Point", "coordinates": [10.851280665283637, 53.906639546384646]}}, {"id": "1053", "type": "Feature", "properties": {"ID": 1087, "width_mean": 124.0, "slope": -0.000219, "uparea": 4834.36612338, "trend": "decreasing", "ave_flux": 0.0077282, "continent": "Europe", "ord_stra": 5, "image_num": 839, "OWT": 2, "trend2": "decreasing", "label": "River mouth 1087"}, "geometry": {"type": "Point", "coordinates": [13.695947182676829, 53.861864457472336]}}, {"id": "1054", "type": "Feature", "properties": {"ID": 1088, "width_mean": 228.0, "slope": -5.8e-05, "uparea": 2950.0576942, "trend": "decreasing", "ave_flux": 0.0015108, "continent": "Europe", "ord_stra": 4, "image_num": 690, "OWT": 3, "trend2": "decreasing", "label": "River mouth 1088"}, "geometry": {"type": "Point", "coordinates": [12.095119482857086, 54.12787689174485]}}, {"id": "1055", "type": "Feature", "properties": {"ID": 1089, "width_mean": 655.0, "slope": -6e-05, "uparea": 4183.60363557, "trend": "no trend", "ave_flux": 0.00412894, "continent": "Europe", "ord_stra": 5, "image_num": 683, "OWT": 3, "trend2": "decreasing", "label": "River mouth 1089"}, "geometry": {"type": "Point", "coordinates": [14.202962346709402, 55.87784880456468]}}, {"id": "1056", "type": "Feature", "properties": {"ID": 1090, "width_mean": 1397.0, "slope": 0.0, "uparea": 1430.44166469, "trend": "no trend", "ave_flux": 0.00085625, "continent": "Europe", "ord_stra": 4, "image_num": 775, "OWT": 3, "trend2": "no trend", "label": "River mouth 1090"}, "geometry": {"type": "Point", "coordinates": [14.697252247871655, 53.947701862346115]}}, {"id": "1057", "type": "Feature", "properties": {"ID": 1091, "width_mean": 72.0, "slope": -0.000701, "uparea": 13529.0492027, "trend": "decreasing", "ave_flux": 0.01757, "continent": "Europe", "ord_stra": 4, "image_num": 701, "OWT": 2, "trend2": "decreasing", "label": "River mouth 1091"}, "geometry": {"type": "Point", "coordinates": [21.141829912245342, 54.857625739231715]}}, {"id": "1058", "type": "Feature", "properties": {"ID": 1092, "width_mean": 228.0, "slope": -0.004925, "uparea": 91622.4217586, "trend": "decreasing", "ave_flux": 0.0963365, "continent": "Europe", "ord_stra": 7, "image_num": 799, "OWT": 2, "trend2": "decreasing", "label": "River mouth 1092"}, "geometry": {"type": "Point", "coordinates": [21.586227651796406, 55.19567967843059]}}, {"id": "1059", "type": "Feature", "properties": {"ID": 1093, "width_mean": 319.0, "slope": -0.002925, "uparea": 194165.338449, "trend": "decreasing", "ave_flux": 0.110281, "continent": "Europe", "ord_stra": 7, "image_num": 747, "OWT": 3, "trend2": "decreasing", "label": "River mouth 1093"}, "geometry": {"type": "Point", "coordinates": [18.852286185047753, 54.173529561442486]}}, {"id": "1060", "type": "Feature", "properties": {"ID": 1094, "width_mean": 319.0, "slope": -3e-06, "uparea": 655.6624554396562, "trend": "no trend", "ave_flux": 0.00111143, "continent": "Europe", "ord_stra": 4, "image_num": 708, "OWT": 2, "trend2": "no trend", "label": "River mouth 1094"}, "geometry": {"type": "Point", "coordinates": [19.41699167278435, 54.12139860358198]}}, {"id": "1061", "type": "Feature", "properties": {"ID": 1095, "width_mean": 72.0, "slope": 0.00031, "uparea": 3881.86736598, "trend": "increasing", "ave_flux": 0.0101789, "continent": "Asia", "ord_stra": 5, "image_num": 462, "OWT": 2, "trend2": "increasing", "label": "River mouth 1095"}, "geometry": {"type": "Point", "coordinates": [135.7996175247415, 54.43572366941157]}}, {"id": "1062", "type": "Feature", "properties": {"ID": 1096, "width_mean": 72.0, "slope": 3.7e-05, "uparea": 485.14722666600966, "trend": "increasing", "ave_flux": 0.00265149, "continent": "Asia", "ord_stra": 4, "image_num": 488, "OWT": 2, "trend2": "increasing", "label": "River mouth 1096"}, "geometry": {"type": "Point", "coordinates": [136.73931999961837, 55.75741000017143]}}, {"id": "1063", "type": "Feature", "properties": {"ID": 1097, "width_mean": 72.0, "slope": 9e-06, "uparea": 912.8476492636557, "trend": "no trend", "ave_flux": 0.00140014, "continent": "Asia", "ord_stra": 4, "image_num": 370, "OWT": 2, "trend2": "no trend", "label": "River mouth 1097"}, "geometry": {"type": "Point", "coordinates": [136.41200109199363, 55.63692774648048]}}, {"id": "1064", "type": "Feature", "properties": {"ID": 1098, "width_mean": 97.0, "slope": -0.000155, "uparea": 2613.32481183, "trend": "decreasing", "ave_flux": 0.00569483, "continent": "Asia", "ord_stra": 5, "image_num": 414, "OWT": 4, "trend2": "decreasing", "label": "River mouth 1098"}, "geometry": {"type": "Point", "coordinates": [135.36197000011543, 55.077179999557416]}}, {"id": "1065", "type": "Feature", "properties": {"ID": 1099, "width_mean": 124.0, "slope": 0.000698, "uparea": 11614.7761754, "trend": "increasing", "ave_flux": 0.0252301, "continent": "Asia", "ord_stra": 5, "image_num": 502, "OWT": 3, "trend2": "increasing", "label": "River mouth 1099"}, "geometry": {"type": "Point", "coordinates": [136.72913999961133, 53.71930000039475]}}, {"id": "1066", "type": "Feature", "properties": {"ID": 1100, "width_mean": 432.0, "slope": -0.001625, "uparea": 57111.6064793, "trend": "no trend", "ave_flux": 0.142128, "continent": "Asia", "ord_stra": 6, "image_num": 427, "OWT": 3, "trend2": "decreasing", "label": "River mouth 1100"}, "geometry": {"type": "Point", "coordinates": [135.21501366389225, 54.70261441381128]}}, {"id": "1067", "type": "Feature", "properties": {"ID": 1101, "width_mean": 1996.0, "slope": 0.042533, "uparea": 1869675.61847, "trend": "increasing", "ave_flux": 1.78135, "continent": "Asia", "ord_stra": 9, "image_num": 513, "OWT": 1, "trend2": "increasing", "label": "River mouth 1101"}, "geometry": {"type": "Point", "coordinates": [140.59545183855187, 53.102547516081785]}}, {"id": "1068", "type": "Feature", "properties": {"ID": 1102, "width_mean": 50.0, "slope": -2.9e-05, "uparea": 566.3698047617232, "trend": "no trend", "ave_flux": 0.00133772, "continent": "Asia", "ord_stra": 4, "image_num": 123, "OWT": 2, "trend2": "decreasing", "label": "River mouth 1102"}, "geometry": {"type": "Point", "coordinates": [155.81126000024892, 54.530919999558364]}}, {"id": "1069", "type": "Feature", "properties": {"ID": 1103, "width_mean": 97.0, "slope": -2.2e-05, "uparea": 3596.56508079, "trend": "no trend", "ave_flux": 0.00895, "continent": "Asia", "ord_stra": 4, "image_num": 232, "OWT": 3, "trend2": "decreasing", "label": "River mouth 1103"}, "geometry": {"type": "Point", "coordinates": [155.7927755377313, 55.62171319042679]}}, {"id": "1070", "type": "Feature", "properties": {"ID": 1104, "width_mean": 97.0, "slope": -2.7e-05, "uparea": 2965.74238733, "trend": "no trend", "ave_flux": 0.00834086, "continent": "Asia", "ord_stra": 4, "image_num": 250, "OWT": 3, "trend2": "no trend", "label": "River mouth 1104"}, "geometry": {"type": "Point", "coordinates": [155.6886959503056, 55.24647883059667]}}, {"id": "1071", "type": "Feature", "properties": {"ID": 1105, "width_mean": 97.0, "slope": -6.6e-05, "uparea": 3641.87927369, "trend": "decreasing", "ave_flux": 0.00379094, "continent": "Asia", "ord_stra": 4, "image_num": 137, "OWT": 3, "trend2": "decreasing", "label": "River mouth 1105"}, "geometry": {"type": "Point", "coordinates": [155.91691893976724, 54.21563548699307]}}, {"id": "1072", "type": "Feature", "properties": {"ID": 1106, "width_mean": 97.0, "slope": 1.1e-05, "uparea": 3290.2180343, "trend": "no trend", "ave_flux": 0.008226, "continent": "Asia", "ord_stra": 5, "image_num": 141, "OWT": 3, "trend2": "no trend", "label": "River mouth 1106"}, "geometry": {"type": "Point", "coordinates": [155.80930001318228, 54.65031717072867]}}, {"id": "1073", "type": "Feature", "properties": {"ID": 1107, "width_mean": 124.0, "slope": -0.000244, "uparea": 2071.64479326, "trend": "decreasing", "ave_flux": 0.00705603, "continent": "Asia", "ord_stra": 5, "image_num": 232, "OWT": 2, "trend2": "decreasing", "label": "River mouth 1107"}, "geometry": {"type": "Point", "coordinates": [155.7792600003488, 55.04100000024988]}}, {"id": "1074", "type": "Feature", "properties": {"ID": 1108, "width_mean": 155.0, "slope": -0.000407, "uparea": 3641.87927369, "trend": "decreasing", "ave_flux": 0.0112261, "continent": "Asia", "ord_stra": 5, "image_num": 146, "OWT": 3, "trend2": "decreasing", "label": "River mouth 1108"}, "geometry": {"type": "Point", "coordinates": [155.9054383190269, 54.291354781578036]}}, {"id": "1075", "type": "Feature", "properties": {"ID": 1109, "width_mean": 190.0, "slope": 8e-06, "uparea": 1397.44622324, "trend": "no trend", "ave_flux": 0.00287677, "continent": "Asia", "ord_stra": 4, "image_num": 155, "OWT": 2, "trend2": "no trend", "label": "River mouth 1109"}, "geometry": {"type": "Point", "coordinates": [155.97638687397088, 53.81239439940377]}}, {"id": "1076", "type": "Feature", "properties": {"ID": 1110, "width_mean": 50.0, "slope": 2.9e-05, "uparea": 734.1101054897874, "trend": "no trend", "ave_flux": 0.00166107, "continent": "Asia", "ord_stra": 4, "image_num": 214, "OWT": 2, "trend2": "no trend", "label": "River mouth 1110"}, "geometry": {"type": "Point", "coordinates": [161.61039471891118, 55.52284217004627]}}, {"id": "1077", "type": "Feature", "properties": {"ID": 1111, "width_mean": 72.0, "slope": 0.0, "uparea": 639.9192284388798, "trend": "no trend", "ave_flux": 0.000924909, "continent": "Asia", "ord_stra": 4, "image_num": 157, "OWT": 1, "trend2": "no trend", "label": "River mouth 1111"}, "geometry": {"type": "Point", "coordinates": [158.32393000036927, 52.22877999989714]}}, {"id": "1078", "type": "Feature", "properties": {"ID": 1112, "width_mean": 97.0, "slope": -1.4e-05, "uparea": 1366.35965055, "trend": "no trend", "ave_flux": 0.00360938, "continent": "Asia", "ord_stra": 4, "image_num": 219, "OWT": 3, "trend2": "no trend", "label": "River mouth 1112"}, "geometry": {"type": "Point", "coordinates": [161.5934322837553, 55.396381733905386]}}, {"id": "1079", "type": "Feature", "properties": {"ID": 1113, "width_mean": 97.0, "slope": 0.0, "uparea": 745.0705108526548, "trend": "no trend", "ave_flux": 0.000784931, "continent": "Asia", "ord_stra": 4, "image_num": 136, "OWT": 1, "trend2": "no trend", "label": "River mouth 1113"}, "geometry": {"type": "Point", "coordinates": [158.3105898638165, 52.16379182687089]}}, {"id": "1080", "type": "Feature", "properties": {"ID": 1114, "width_mean": 124.0, "slope": 0.000267, "uparea": 6309.6195839, "trend": "increasing", "ave_flux": 0.00976513, "continent": "Asia", "ord_stra": 5, "image_num": 250, "OWT": 1, "trend2": "increasing", "label": "River mouth 1114"}, "geometry": {"type": "Point", "coordinates": [159.76313582665313, 53.72480446332707]}}, {"id": "1081", "type": "Feature", "properties": {"ID": 1115, "width_mean": 155.0, "slope": -0.000333, "uparea": 2595.57666485, "trend": "decreasing", "ave_flux": 0.0119962, "continent": "Asia", "ord_stra": 5, "image_num": 207, "OWT": 3, "trend2": "decreasing", "label": "River mouth 1115"}, "geometry": {"type": "Point", "coordinates": [156.56325427567404, 52.15735643001256]}}, {"id": "1082", "type": "Feature", "properties": {"ID": 1116, "width_mean": 372.0, "slope": 0.000385, "uparea": 10168.9626298, "trend": "increasing", "ave_flux": 0.0175117, "continent": "Asia", "ord_stra": 6, "image_num": 215, "OWT": 1, "trend2": "increasing", "label": "River mouth 1116"}, "geometry": {"type": "Point", "coordinates": [156.23027000016043, 52.703249999687785]}}, {"id": "1083", "type": "Feature", "properties": {"ID": 1117, "width_mean": 190.0, "slope": 3.7e-05, "uparea": 1340.69934434, "trend": "no trend", "ave_flux": 0.00427577, "continent": "North America", "ord_stra": 4, "image_num": 199, "OWT": 3, "trend2": "no trend", "label": "River mouth 1117"}, "geometry": {"type": "Point", "coordinates": [-164.035284509435, 59.9600311642913]}}, {"id": "1084", "type": "Feature", "properties": {"ID": 1118, "width_mean": 50.0, "slope": 0.000306, "uparea": 2264.15878291, "trend": "increasing", "ave_flux": 0.00738723, "continent": "North America", "ord_stra": 4, "image_num": 333, "OWT": 2, "trend2": "increasing", "label": "River mouth 1118"}, "geometry": {"type": "Point", "coordinates": [-161.7990476004474, 59.78507981578507]}}, {"id": "1085", "type": "Feature", "properties": {"ID": 1119, "width_mean": 72.0, "slope": 0.000125, "uparea": 802.3699249923228, "trend": "increasing", "ave_flux": 0.00402419, "continent": "North America", "ord_stra": 4, "image_num": 193, "OWT": 2, "trend2": "increasing", "label": "River mouth 1119"}, "geometry": {"type": "Point", "coordinates": [-160.4155550000632, 56.16498999998857]}}, {"id": "1086", "type": "Feature", "properties": {"ID": 1120, "width_mean": 97.0, "slope": 3e-06, "uparea": 2227.47324369, "trend": "no trend", "ave_flux": 0.00579283, "continent": "North America", "ord_stra": 5, "image_num": 235, "OWT": 1, "trend2": "no trend", "label": "River mouth 1120"}, "geometry": {"type": "Point", "coordinates": [-161.52349977332548, 59.113887909125594]}}, {"id": "1087", "type": "Feature", "properties": {"ID": 1121, "width_mean": 124.0, "slope": 0.00032, "uparea": 4244.35762602, "trend": "increasing", "ave_flux": 0.0144662, "continent": "North America", "ord_stra": 4, "image_num": 309, "OWT": 1, "trend2": "increasing", "label": "River mouth 1121"}, "geometry": {"type": "Point", "coordinates": [-160.3133900002483, 59.14336000016391]}}, {"id": "1088", "type": "Feature", "properties": {"ID": 1122, "width_mean": 155.0, "slope": 0.000337, "uparea": 2272.26008413, "trend": "increasing", "ave_flux": 0.0096694, "continent": "North America", "ord_stra": 4, "image_num": 318, "OWT": 2, "trend2": "increasing", "label": "River mouth 1122"}, "geometry": {"type": "Point", "coordinates": [-157.1786499997976, 58.29451999959838]}}, {"id": "1089", "type": "Feature", "properties": {"ID": 1123, "width_mean": 155.0, "slope": -0.000142, "uparea": 1194.42862097, "trend": "decreasing", "ave_flux": 0.00989174, "continent": "North America", "ord_stra": 4, "image_num": 265, "OWT": 3, "trend2": "decreasing", "label": "River mouth 1123"}, "geometry": {"type": "Point", "coordinates": [-158.82822968739077, 58.96606029090059]}}, {"id": "1090", "type": "Feature", "properties": {"ID": 1124, "width_mean": 228.0, "slope": 0.00024, "uparea": 3046.62761817, "trend": "increasing", "ave_flux": 0.0102066, "continent": "North America", "ord_stra": 4, "image_num": 417, "OWT": 3, "trend2": "increasing", "label": "River mouth 1124"}, "geometry": {"type": "Point", "coordinates": [-157.4098142308265, 57.436443035403535]}}, {"id": "1091", "type": "Feature", "properties": {"ID": 1126, "width_mean": 319.0, "slope": 0.00023, "uparea": 20267.6704619, "trend": "no trend", "ave_flux": 0.0639226, "continent": "North America", "ord_stra": 5, "image_num": 300, "OWT": 1, "trend2": "no trend", "label": "River mouth 1126"}, "geometry": {"type": "Point", "coordinates": [-156.85792333101767, 59.09148210430363]}}, {"id": "1092", "type": "Feature", "properties": {"ID": 1127, "width_mean": 319.0, "slope": -4e-05, "uparea": 1671.33888169, "trend": "no trend", "ave_flux": 0.00910803, "continent": "North America", "ord_stra": 4, "image_num": 291, "OWT": 3, "trend2": "no trend", "label": "River mouth 1127"}, "geometry": {"type": "Point", "coordinates": [-157.60864424337785, 57.400343894704534]}}, {"id": "1093", "type": "Feature", "properties": {"ID": 1128, "width_mean": 432.0, "slope": 0.000417, "uparea": 2134.51383521, "trend": "increasing", "ave_flux": 0.0181639, "continent": "North America", "ord_stra": 5, "image_num": 387, "OWT": 1, "trend2": "increasing", "label": "River mouth 1128"}, "geometry": {"type": "Point", "coordinates": [-158.93252753081262, 58.782467273425475]}}, {"id": "1094", "type": "Feature", "properties": {"ID": 1129, "width_mean": 432.0, "slope": 1.2e-05, "uparea": 763.9459879708438, "trend": "no trend", "ave_flux": 0.0019818, "continent": "North America", "ord_stra": 4, "image_num": 263, "OWT": 2, "trend2": "no trend", "label": "River mouth 1129"}, "geometry": {"type": "Point", "coordinates": [-158.00423545717678, 57.33275002259029]}}, {"id": "1095", "type": "Feature", "properties": {"ID": 1130, "width_mean": 655.0, "slope": 0.000187, "uparea": 3046.62761817, "trend": "increasing", "ave_flux": 0.0134903, "continent": "North America", "ord_stra": 4, "image_num": 428, "OWT": 3, "trend2": "increasing", "label": "River mouth 1130"}, "geometry": {"type": "Point", "coordinates": [-157.40758564425755, 57.51647790930685]}}, {"id": "1096", "type": "Feature", "properties": {"ID": 1131, "width_mean": 747.0, "slope": 0.000259, "uparea": 4011.10218021, "trend": "increasing", "ave_flux": 0.0135569, "continent": "North America", "ord_stra": 4, "image_num": 344, "OWT": 3, "trend2": "increasing", "label": "River mouth 1131"}, "geometry": {"type": "Point", "coordinates": [-157.18951331713671, 58.20239672509209]}}, {"id": "1097", "type": "Feature", "properties": {"ID": 1132, "width_mean": 747.0, "slope": 0.000143, "uparea": 1629.66361961, "trend": "no trend", "ave_flux": 0.00797714, "continent": "North America", "ord_stra": 5, "image_num": 278, "OWT": 1, "trend2": "no trend", "label": "River mouth 1132"}, "geometry": {"type": "Point", "coordinates": [-158.70235183061052, 56.26207043579069]}}, {"id": "1098", "type": "Feature", "properties": {"ID": 1133, "width_mean": 2244.0, "slope": 0.001261, "uparea": 31256.1428893, "trend": "no trend", "ave_flux": 0.116855, "continent": "North America", "ord_stra": 7, "image_num": 446, "OWT": 1, "trend2": "no trend", "label": "River mouth 1133"}, "geometry": {"type": "Point", "coordinates": [-158.29902163064673, 59.02808539877322]}}, {"id": "1099", "type": "Feature", "properties": {"ID": 1134, "width_mean": 2520.0, "slope": 0.00055, "uparea": 7950.3772229, "trend": "no trend", "ave_flux": 0.0365563, "continent": "North America", "ord_stra": 5, "image_num": 553, "OWT": 1, "trend2": "no trend", "label": "River mouth 1134"}, "geometry": {"type": "Point", "coordinates": [-156.8914226671016, 58.73401568981221]}}, {"id": "1100", "type": "Feature", "properties": {"ID": 1135, "width_mean": 72.0, "slope": 0.0, "uparea": 507.96565177728485, "trend": "no trend", "ave_flux": 0.0010528, "continent": "North America", "ord_stra": 4, "image_num": 296, "OWT": 1, "trend2": "no trend", "label": "River mouth 1135"}, "geometry": {"type": "Point", "coordinates": [-154.16242000018283, 58.9904100002214]}}, {"id": "1101", "type": "Feature", "properties": {"ID": 1136, "width_mean": 155.0, "slope": 5.5e-05, "uparea": 307.0334459599705, "trend": "increasing", "ave_flux": 0.00208791, "continent": "North America", "ord_stra": 4, "image_num": 273, "OWT": 3, "trend2": "increasing", "label": "River mouth 1136"}, "geometry": {"type": "Point", "coordinates": [-153.73718127101955, 58.95332124879155]}}, {"id": "1102", "type": "Feature", "properties": {"ID": 1137, "width_mean": 155.0, "slope": 6.4e-05, "uparea": 240.68668071801682, "trend": "no trend", "ave_flux": 0.00646011, "continent": "North America", "ord_stra": 4, "image_num": 412, "OWT": 2, "trend2": "increasing", "label": "River mouth 1137"}, "geometry": {"type": "Point", "coordinates": [-150.90588000006193, 59.83163000012445]}}, {"id": "1103", "type": "Feature", "properties": {"ID": 1138, "width_mean": 498.0, "slope": -0.002351, "uparea": 28926.0282918, "trend": "decreasing", "ave_flux": 0.0786606, "continent": "North America", "ord_stra": 6, "image_num": 226, "OWT": 1, "trend2": "decreasing", "label": "River mouth 1138"}, "geometry": {"type": "Point", "coordinates": [-138.5015099995868, 59.18188999992361]}}, {"id": "1104", "type": "Feature", "properties": {"ID": 1139, "width_mean": 572.0, "slope": 0.0001, "uparea": 719.4653459408888, "trend": "no trend", "ave_flux": 0.0330629, "continent": "North America", "ord_stra": 5, "image_num": 422, "OWT": 3, "trend2": "no trend", "label": "River mouth 1139"}, "geometry": {"type": "Point", "coordinates": [-139.19189416049903, 59.402983580856116]}}, {"id": "1105", "type": "Feature", "properties": {"ID": 1140, "width_mean": 190.0, "slope": 7.7e-05, "uparea": 870.3628105893154, "trend": "no trend", "ave_flux": 0.00749143, "continent": "North America", "ord_stra": 4, "image_num": 244, "OWT": 1, "trend2": "no trend", "label": "River mouth 1140"}, "geometry": {"type": "Point", "coordinates": [-135.21727999957227, 59.24290000033483]}}, {"id": "1106", "type": "Feature", "properties": {"ID": 1141, "width_mean": 655.0, "slope": 0.000247, "uparea": 2521.03619468, "trend": "no trend", "ave_flux": 0.02476, "continent": "North America", "ord_stra": 5, "image_num": 409, "OWT": 1, "trend2": "no trend", "label": "River mouth 1141"}, "geometry": {"type": "Point", "coordinates": [-133.4181451651271, 58.11263031235171]}}, {"id": "1107", "type": "Feature", "properties": {"ID": 1142, "width_mean": 747.0, "slope": -0.003271, "uparea": 51002.5938357, "trend": "decreasing", "ave_flux": 0.188747, "continent": "North America", "ord_stra": 6, "image_num": 400, "OWT": 1, "trend2": "decreasing", "label": "River mouth 1142"}, "geometry": {"type": "Point", "coordinates": [-132.19025925747505, 56.69496369856627]}}, {"id": "1108", "type": "Feature", "properties": {"ID": 1143, "width_mean": 1094.0, "slope": 0.000307, "uparea": 3499.033567, "trend": "increasing", "ave_flux": 0.0300314, "continent": "North America", "ord_stra": 5, "image_num": 560, "OWT": 3, "trend2": "increasing", "label": "River mouth 1143"}, "geometry": {"type": "Point", "coordinates": [-135.74195541323297, 59.30470321154764]}}, {"id": "1109", "type": "Feature", "properties": {"ID": 1144, "width_mean": 1237.0, "slope": 0.000914, "uparea": 16929.3754549, "trend": "no trend", "ave_flux": 0.115203, "continent": "North America", "ord_stra": 6, "image_num": 390, "OWT": 1, "trend2": "no trend", "label": "River mouth 1144"}, "geometry": {"type": "Point", "coordinates": [-133.8422040165545, 58.51910925163646]}}, {"id": "1110", "type": "Feature", "properties": {"ID": 1145, "width_mean": 271.0, "slope": -0.000342, "uparea": 7589.65989845, "trend": "decreasing", "ave_flux": 0.00991894, "continent": "North America", "ord_stra": 5, "image_num": 407, "OWT": 2, "trend2": "decreasing", "label": "River mouth 1145"}, "geometry": {"type": "Point", "coordinates": [-94.81889664211596, 59.37489980065274]}}, {"id": "1111", "type": "Feature", "properties": {"ID": 1146, "width_mean": 432.0, "slope": 0.000111, "uparea": 37194.6443678, "trend": "no trend", "ave_flux": 0.0221779, "continent": "North America", "ord_stra": 4, "image_num": 417, "OWT": 1, "trend2": "no trend", "label": "River mouth 1146"}, "geometry": {"type": "Point", "coordinates": [-94.20942383863894, 58.723490374291465]}}, {"id": "1112", "type": "Feature", "properties": {"ID": 1147, "width_mean": 498.0, "slope": 0.000252, "uparea": 50333.3889904, "trend": "no trend", "ave_flux": 0.0434143, "continent": "North America", "ord_stra": 6, "image_num": 509, "OWT": 1, "trend2": "no trend", "label": "River mouth 1147"}, "geometry": {"type": "Point", "coordinates": [-94.94254999988254, 59.06149999962531]}}, {"id": "1113", "type": "Feature", "properties": {"ID": 1148, "width_mean": 572.0, "slope": 0.002367, "uparea": 106770.412448, "trend": "increasing", "ave_flux": 0.0936787, "continent": "North America", "ord_stra": 7, "image_num": 494, "OWT": 3, "trend2": "increasing", "label": "River mouth 1148"}, "geometry": {"type": "Point", "coordinates": [-92.33374133918123, 56.97130711617476]}}, {"id": "1114", "type": "Feature", "properties": {"ID": 1149, "width_mean": 1575.0, "slope": 0.00823, "uparea": 1305810.46308, "trend": "increasing", "ave_flux": 0.619291, "continent": "North America", "ord_stra": 9, "image_num": 854, "OWT": 1, "trend2": "increasing", "label": "River mouth 1149"}, "geometry": {"type": "Point", "coordinates": [-92.94203144590826, 56.91656305553129]}}, {"id": "1115", "type": "Feature", "properties": {"ID": 1150, "width_mean": 97.0, "slope": 3.6e-05, "uparea": 3423.05060453, "trend": "no trend", "ave_flux": 0.00363429, "continent": "North America", "ord_stra": 4, "image_num": 403, "OWT": 3, "trend2": "increasing", "label": "River mouth 1150"}, "geometry": {"type": "Point", "coordinates": [-77.86792572877316, 59.16636881911333]}}, {"id": "1116", "type": "Feature", "properties": {"ID": 1151, "width_mean": 155.0, "slope": 0.000104, "uparea": 14294.1263456, "trend": "no trend", "ave_flux": 0.0191472, "continent": "North America", "ord_stra": 6, "image_num": 283, "OWT": 1, "trend2": "no trend", "label": "River mouth 1151"}, "geometry": {"type": "Point", "coordinates": [-76.49366792769123, 56.91562104721936]}}, {"id": "1117", "type": "Feature", "properties": {"ID": 1152, "width_mean": 432.0, "slope": 8.6e-05, "uparea": 17740.9327005, "trend": "no trend", "ave_flux": 0.0239727, "continent": "North America", "ord_stra": 6, "image_num": 286, "OWT": 3, "trend2": "no trend", "label": "River mouth 1152"}, "geometry": {"type": "Point", "coordinates": [-76.74928499970295, 56.00135499968354]}}, {"id": "1118", "type": "Feature", "properties": {"ID": 1153, "width_mean": 155.0, "slope": 3.7e-05, "uparea": 2864.87181415, "trend": "no trend", "ave_flux": 0.00897143, "continent": "North America", "ord_stra": 5, "image_num": 372, "OWT": 3, "trend2": "no trend", "label": "River mouth 1153"}, "geometry": {"type": "Point", "coordinates": [-67.41483500433951, 58.23513685716506]}}, {"id": "1119", "type": "Feature", "properties": {"ID": 1154, "width_mean": 190.0, "slope": 4.1e-05, "uparea": 1969.35188824, "trend": "increasing", "ave_flux": 0.00346571, "continent": "North America", "ord_stra": 4, "image_num": 367, "OWT": 3, "trend2": "increasing", "label": "River mouth 1154"}, "geometry": {"type": "Point", "coordinates": [-67.08236166256503, 58.31422981707982]}}, {"id": "1120", "type": "Feature", "properties": {"ID": 1155, "width_mean": 228.0, "slope": 0.000225, "uparea": 5279.28020531, "trend": "increasing", "ave_flux": 0.00958857, "continent": "North America", "ord_stra": 5, "image_num": 266, "OWT": 4, "trend2": "increasing", "label": "River mouth 1155"}, "geometry": {"type": "Point", "coordinates": [-66.74168401859956, 58.40156907145102]}}, {"id": "1121", "type": "Feature", "properties": {"ID": 1156, "width_mean": 372.0, "slope": 0.0, "uparea": 2381.37631293, "trend": "no trend", "ave_flux": 0.00319429, "continent": "North America", "ord_stra": 4, "image_num": 362, "OWT": 4, "trend2": "no trend", "label": "River mouth 1156"}, "geometry": {"type": "Point", "coordinates": [-69.95643598789636, 58.97440610691255]}}, {"id": "1122", "type": "Feature", "properties": {"ID": 1157, "width_mean": 372.0, "slope": 0.0, "uparea": 637.3764413070468, "trend": "no trend", "ave_flux": 0.00135625, "continent": "North America", "ord_stra": 5, "image_num": 353, "OWT": 4, "trend2": "no trend", "label": "River mouth 1157"}, "geometry": {"type": "Point", "coordinates": [-69.84247114795905, 59.30057975487862]}}, {"id": "1123", "type": "Feature", "properties": {"ID": 1158, "width_mean": 850.0, "slope": 0.0, "uparea": 1108.46596973, "trend": "no trend", "ave_flux": 0.00292, "continent": "North America", "ord_stra": 4, "image_num": 281, "OWT": 3, "trend2": "no trend", "label": "River mouth 1158"}, "geometry": {"type": "Point", "coordinates": [-66.54143175592176, 58.45309174497897]}}, {"id": "1124", "type": "Feature", "properties": {"ID": 1159, "width_mean": 1094.0, "slope": 5.6e-05, "uparea": 3548.5718534, "trend": "no trend", "ave_flux": 0.00673429, "continent": "North America", "ord_stra": 4, "image_num": 405, "OWT": 1, "trend2": "no trend", "label": "River mouth 1159"}, "geometry": {"type": "Point", "coordinates": [-67.96902999973469, 58.210640000335786]}}, {"id": "1125", "type": "Feature", "properties": {"ID": 1160, "width_mean": 1774.0, "slope": 0.00281, "uparea": 136017.754991, "trend": "no trend", "ave_flux": 0.249989, "continent": "North America", "ord_stra": 4, "image_num": 386, "OWT": 1, "trend2": "increasing", "label": "River mouth 1160"}, "geometry": {"type": "Point", "coordinates": [-68.1794600000789, 58.4614199998332]}}, {"id": "1126", "type": "Feature", "properties": {"ID": 1161, "width_mean": 1996.0, "slope": 0.00015, "uparea": 31913.1121963, "trend": "no trend", "ave_flux": 0.0538571, "continent": "North America", "ord_stra": 4, "image_num": 428, "OWT": 1, "trend2": "no trend", "label": "River mouth 1161"}, "geometry": {"type": "Point", "coordinates": [-67.66053404826289, 58.18212859600217]}}, {"id": "1127", "type": "Feature", "properties": {"ID": 1162, "width_mean": 2520.0, "slope": 4.7e-05, "uparea": 2225.88582874, "trend": "no trend", "ave_flux": 0.00416286, "continent": "North America", "ord_stra": 5, "image_num": 407, "OWT": 1, "trend2": "no trend", "label": "River mouth 1162"}, "geometry": {"type": "Point", "coordinates": [-70.04009717096099, 58.53426872437445]}}, {"id": "1128", "type": "Feature", "properties": {"ID": 1163, "width_mean": 3174.0, "slope": 0.000681, "uparea": 40406.6880505, "trend": "increasing", "ave_flux": 0.0567429, "continent": "North America", "ord_stra": 6, "image_num": 431, "OWT": 1, "trend2": "increasing", "label": "River mouth 1163"}, "geometry": {"type": "Point", "coordinates": [-70.17765020825587, 58.79206526175008]}}, {"id": "1129", "type": "Feature", "properties": {"ID": 1164, "width_mean": 3558.0, "slope": -0.000166, "uparea": 1530.51015052, "trend": "decreasing", "ave_flux": 0.00348183, "continent": "North America", "ord_stra": 4, "image_num": 334, "OWT": 1, "trend2": "decreasing", "label": "River mouth 1164"}, "geometry": {"type": "Point", "coordinates": [-69.80485999998899, 58.577919999708286]}}, {"id": "1130", "type": "Feature", "properties": {"ID": 1165, "width_mean": 97.0, "slope": -5e-06, "uparea": 982.6381179278343, "trend": "decreasing", "ave_flux": 0.000697813, "continent": "North America", "ord_stra": 4, "image_num": 275, "OWT": 4, "trend2": "decreasing", "label": "River mouth 1165"}, "geometry": {"type": "Point", "coordinates": [-62.14603186377355, 57.61656659259557]}}, {"id": "1131", "type": "Feature", "properties": {"ID": 1166, "width_mean": 97.0, "slope": -4.3e-05, "uparea": 753.1214951939128, "trend": "decreasing", "ave_flux": 0.00172928, "continent": "North America", "ord_stra": 4, "image_num": 344, "OWT": 4, "trend2": "decreasing", "label": "River mouth 1166"}, "geometry": {"type": "Point", "coordinates": [-63.03520308903384, 58.029042013835145]}}, {"id": "1132", "type": "Feature", "properties": {"ID": 1167, "width_mean": 124.0, "slope": 7e-06, "uparea": 3427.96302185, "trend": "no trend", "ave_flux": 0.00661714, "continent": "North America", "ord_stra": 5, "image_num": 369, "OWT": 1, "trend2": "no trend", "label": "River mouth 1167"}, "geometry": {"type": "Point", "coordinates": [-62.60087441610545, 56.88235091191602]}}, {"id": "1133", "type": "Feature", "properties": {"ID": 1168, "width_mean": 155.0, "slope": 0.0, "uparea": 808.8223104660337, "trend": "no trend", "ave_flux": 0.00150312, "continent": "North America", "ord_stra": 4, "image_num": 231, "OWT": 1, "trend2": "no trend", "label": "River mouth 1168"}, "geometry": {"type": "Point", "coordinates": [-64.3714704636651, 59.80077575460671]}}, {"id": "1134", "type": "Feature", "properties": {"ID": 1169, "width_mean": 432.0, "slope": 0.000546, "uparea": 4982.76778415, "trend": "increasing", "ave_flux": 0.0204086, "continent": "North America", "ord_stra": 5, "image_num": 487, "OWT": 1, "trend2": "increasing", "label": "River mouth 1169"}, "geometry": {"type": "Point", "coordinates": [-61.979603624272315, 56.144126567680246]}}, {"id": "1135", "type": "Feature", "properties": {"ID": 1170, "width_mean": 432.0, "slope": 5e-05, "uparea": 3851.53989967, "trend": "no trend", "ave_flux": 0.0134057, "continent": "North America", "ord_stra": 4, "image_num": 386, "OWT": 1, "trend2": "no trend", "label": "River mouth 1170"}, "geometry": {"type": "Point", "coordinates": [-65.63029665008403, 58.77775108740167]}}, {"id": "1136", "type": "Feature", "properties": {"ID": 1171, "width_mean": 498.0, "slope": 0.0, "uparea": 470.78405195561515, "trend": "no trend", "ave_flux": 0.001, "continent": "North America", "ord_stra": 4, "image_num": 355, "OWT": 3, "trend2": "no trend", "label": "River mouth 1171"}, "geometry": {"type": "Point", "coordinates": [-63.11721738540899, 58.158808705282866]}}, {"id": "1137", "type": "Feature", "properties": {"ID": 1172, "width_mean": 572.0, "slope": -6e-06, "uparea": 1327.88858528, "trend": "no trend", "ave_flux": 0.00266837, "continent": "North America", "ord_stra": 4, "image_num": 358, "OWT": 1, "trend2": "no trend", "label": "River mouth 1172"}, "geometry": {"type": "Point", "coordinates": [-63.27400318088432, 58.06622752247658]}}, {"id": "1138", "type": "Feature", "properties": {"ID": 1173, "width_mean": 655.0, "slope": 5e-05, "uparea": 914.5644822967669, "trend": "increasing", "ave_flux": 0.00334286, "continent": "North America", "ord_stra": 4, "image_num": 404, "OWT": 1, "trend2": "increasing", "label": "River mouth 1173"}, "geometry": {"type": "Point", "coordinates": [-65.0645901474083, 59.397474898789255]}}, {"id": "1139", "type": "Feature", "properties": {"ID": 1174, "width_mean": 1575.0, "slope": 0.0, "uparea": 824.7682009935597, "trend": "no trend", "ave_flux": 0.00158703, "continent": "North America", "ord_stra": 4, "image_num": 315, "OWT": 3, "trend2": "no trend", "label": "River mouth 1174"}, "geometry": {"type": "Point", "coordinates": [-63.395358430969495, 57.976059022022426]}}, {"id": "1140", "type": "Feature", "properties": {"ID": 1175, "width_mean": 2244.0, "slope": 0.00057, "uparea": 40934.6378221, "trend": "no trend", "ave_flux": 0.0962829, "continent": "North America", "ord_stra": 4, "image_num": 308, "OWT": 1, "trend2": "no trend", "label": "River mouth 1175"}, "geometry": {"type": "Point", "coordinates": [-65.93399140576248, 58.536421275840254]}}, {"id": "1141", "type": "Feature", "properties": {"ID": 1176, "width_mean": 50.0, "slope": 0.000117, "uparea": 1242.93530153, "trend": "no trend", "ave_flux": 0.00602571, "continent": "Europe", "ord_stra": 4, "image_num": 380, "OWT": 4, "trend2": "increasing", "label": "River mouth 1176"}, "geometry": {"type": "Point", "coordinates": [-2.125254379710017, 57.17444003362441]}}, {"id": "1142", "type": "Feature", "properties": {"ID": 1177, "width_mean": 72.0, "slope": 1.9e-05, "uparea": 754.0973910288341, "trend": "no trend", "ave_flux": 0.00295143, "continent": "Europe", "ord_stra": 4, "image_num": 451, "OWT": 4, "trend2": "no trend", "label": "River mouth 1177"}, "geometry": {"type": "Point", "coordinates": [-2.466926324216365, 56.750076179789986]}}, {"id": "1143", "type": "Feature", "properties": {"ID": 1178, "width_mean": 72.0, "slope": -0.000594, "uparea": 2952.7617771, "trend": "decreasing", "ave_flux": 0.0111353, "continent": "Europe", "ord_stra": 5, "image_num": 439, "OWT": 4, "trend2": "decreasing", "label": "River mouth 1178"}, "geometry": {"type": "Point", "coordinates": [-3.0984496962718566, 57.6424053361959]}}, {"id": "1144", "type": "Feature", "properties": {"ID": 1179, "width_mean": 72.0, "slope": 0.00015, "uparea": 1337.352699, "trend": "no trend", "ave_flux": 0.00627429, "continent": "Europe", "ord_stra": 4, "image_num": 384, "OWT": 4, "trend2": "increasing", "label": "River mouth 1179"}, "geometry": {"type": "Point", "coordinates": [-2.109268783391561, 57.12758766859643]}}, {"id": "1145", "type": "Feature", "properties": {"ID": 1180, "width_mean": 97.0, "slope": -5e-06, "uparea": 582.7631355352453, "trend": "no trend", "ave_flux": 0.00195044, "continent": "Europe", "ord_stra": 5, "image_num": 391, "OWT": 2, "trend2": "no trend", "label": "River mouth 1180"}, "geometry": {"type": "Point", "coordinates": [-4.373269999960485, 57.90587000040023]}}, {"id": "1146", "type": "Feature", "properties": {"ID": 1181, "width_mean": 850.0, "slope": 0.0001, "uparea": 5090.23562706, "trend": "no trend", "ave_flux": 0.0289571, "continent": "Europe", "ord_stra": 5, "image_num": 651, "OWT": 4, "trend2": "no trend", "label": "River mouth 1181"}, "geometry": {"type": "Point", "coordinates": [-3.382272539424964, 56.384612802092924]}}, {"id": "1147", "type": "Feature", "properties": {"ID": 1182, "width_mean": 97.0, "slope": -0.000791, "uparea": 5493.18585937, "trend": "decreasing", "ave_flux": 0.0146965, "continent": "Europe", "ord_stra": 4, "image_num": 592, "OWT": 3, "trend2": "decreasing", "label": "River mouth 1182"}, "geometry": {"type": "Point", "coordinates": [10.06559039256876, 59.06750924944264]}}, {"id": "1148", "type": "Feature", "properties": {"ID": 1183, "width_mean": 97.0, "slope": 0.000126, "uparea": 1625.48153716, "trend": "no trend", "ave_flux": 0.0142457, "continent": "Europe", "ord_stra": 4, "image_num": 606, "OWT": 4, "trend2": "increasing", "label": "River mouth 1183"}, "geometry": {"type": "Point", "coordinates": [7.512799999820174, 58.08472999998958]}}, {"id": "1149", "type": "Feature", "properties": {"ID": 1185, "width_mean": 271.0, "slope": 5e-06, "uparea": 1887.42556563, "trend": "no trend", "ave_flux": 0.00887714, "continent": "Europe", "ord_stra": 4, "image_num": 597, "OWT": 4, "trend2": "no trend", "label": "River mouth 1185"}, "geometry": {"type": "Point", "coordinates": [8.1395293628013, 58.246175207487276]}}, {"id": "1150", "type": "Feature", "properties": {"ID": 1186, "width_mean": 498.0, "slope": -0.000279, "uparea": 2198.37699672, "trend": "decreasing", "ave_flux": 0.00600271, "continent": "Europe", "ord_stra": 4, "image_num": 740, "OWT": 2, "trend2": "decreasing", "label": "River mouth 1186"}, "geometry": {"type": "Point", "coordinates": [10.091923622092429, 56.4653902570833]}}, {"id": "1151", "type": "Feature", "properties": {"ID": 1187, "width_mean": 655.0, "slope": 0.000143, "uparea": 49647.6245479, "trend": "no trend", "ave_flux": 0.0765971, "continent": "Europe", "ord_stra": 4, "image_num": 629, "OWT": 1, "trend2": "no trend", "label": "River mouth 1187"}, "geometry": {"type": "Point", "coordinates": [11.900425393932057, 57.69107511372039]}}, {"id": "1152", "type": "Feature", "properties": {"ID": 1188, "width_mean": 850.0, "slope": 0.000181, "uparea": 10298.1557824, "trend": "no trend", "ave_flux": 0.0196719, "continent": "Europe", "ord_stra": 6, "image_num": 620, "OWT": 4, "trend2": "no trend", "label": "River mouth 1188"}, "geometry": {"type": "Point", "coordinates": [9.583544051677904, 59.19856619074585]}}, {"id": "1153", "type": "Feature", "properties": {"ID": 1189, "width_mean": 124.0, "slope": -0.000603, "uparea": 5954.95543584, "trend": "decreasing", "ave_flux": 0.0117257, "continent": "Europe", "ord_stra": 5, "image_num": 681, "OWT": 4, "trend2": "decreasing", "label": "River mouth 1189"}, "geometry": {"type": "Point", "coordinates": [13.055494594786214, 56.515022567556414]}}, {"id": "1154", "type": "Feature", "properties": {"ID": 1190, "width_mean": 2244.0, "slope": -1.8e-05, "uparea": 1755.0680248, "trend": "no trend", "ave_flux": 0.00379429, "continent": "Europe", "ord_stra": 5, "image_num": 805, "OWT": 4, "trend2": "no trend", "label": "River mouth 1190"}, "geometry": {"type": "Point", "coordinates": [16.166950000342297, 58.588609999851656]}}, {"id": "1155", "type": "Feature", "properties": {"ID": 1191, "width_mean": 97.0, "slope": -0.000233, "uparea": 11361.2354141, "trend": "decreasing", "ave_flux": 0.01058, "continent": "Europe", "ord_stra": 5, "image_num": 669, "OWT": 3, "trend2": "decreasing", "label": "River mouth 1191"}, "geometry": {"type": "Point", "coordinates": [21.582960000303842, 57.365830000354265]}}, {"id": "1156", "type": "Feature", "properties": {"ID": 1192, "width_mean": 190.0, "slope": -0.000194, "uparea": 17311.2262951, "trend": "decreasing", "ave_flux": 0.00699817, "continent": "Europe", "ord_stra": 6, "image_num": 607, "OWT": 2, "trend2": "decreasing", "label": "River mouth 1192"}, "geometry": {"type": "Point", "coordinates": [23.86875022504273, 56.97482079689609]}}, {"id": "1157", "type": "Feature", "properties": {"ID": 1193, "width_mean": 1397.0, "slope": -2.9e-05, "uparea": 2154.70326853, "trend": "decreasing", "ave_flux": 0.00117203, "continent": "Europe", "ord_stra": 5, "image_num": 701, "OWT": 1, "trend2": "decreasing", "label": "River mouth 1193"}, "geometry": {"type": "Point", "coordinates": [21.02093528025158, 56.51309365722413]}}, {"id": "1158", "type": "Feature", "properties": {"ID": 1194, "width_mean": 72.0, "slope": -0.000638, "uparea": 5092.41758359, "trend": "decreasing", "ave_flux": 0.0103655, "continent": "Europe", "ord_stra": 5, "image_num": 586, "OWT": 2, "trend2": "decreasing", "label": "River mouth 1194"}, "geometry": {"type": "Point", "coordinates": [24.644098709022778, 58.40384943234891]}}, {"id": "1159", "type": "Feature", "properties": {"ID": 1195, "width_mean": 72.0, "slope": -0.00077, "uparea": 9358.53698225, "trend": "decreasing", "ave_flux": 0.0180605, "continent": "Europe", "ord_stra": 5, "image_num": 964, "OWT": 2, "trend2": "decreasing", "label": "River mouth 1195"}, "geometry": {"type": "Point", "coordinates": [24.57966588059596, 57.13722322243305]}}, {"id": "1160", "type": "Feature", "properties": {"ID": 1196, "width_mean": 97.0, "slope": -0.000824, "uparea": 13111.0815209, "trend": "decreasing", "ave_flux": 0.0169811, "continent": "Europe", "ord_stra": 5, "image_num": 649, "OWT": 2, "trend2": "decreasing", "label": "River mouth 1196"}, "geometry": {"type": "Point", "coordinates": [28.19787888757939, 59.58646579727906]}}, {"id": "1161", "type": "Feature", "properties": {"ID": 1197, "width_mean": 155.0, "slope": -0.00299, "uparea": 56086.1675392, "trend": "decreasing", "ave_flux": 0.0658211, "continent": "Europe", "ord_stra": 6, "image_num": 636, "OWT": 2, "trend2": "decreasing", "label": "River mouth 1197"}, "geometry": {"type": "Point", "coordinates": [28.147920436415063, 59.4160071676495]}}, {"id": "1162", "type": "Feature", "properties": {"ID": 1198, "width_mean": 747.0, "slope": 0.000384, "uparea": 84302.0063217, "trend": "no trend", "ave_flux": 0.0693197, "continent": "Europe", "ord_stra": 6, "image_num": 623, "OWT": 2, "trend2": "no trend", "label": "River mouth 1198"}, "geometry": {"type": "Point", "coordinates": [24.148936258144225, 56.92077917867723]}}, {"id": "1163", "type": "Feature", "properties": {"ID": 1199, "width_mean": 498.0, "slope": 0.001767, "uparea": 284798.787855, "trend": "no trend", "ave_flux": 0.29782, "continent": "Europe", "ord_stra": 8, "image_num": 499, "OWT": 3, "trend2": "no trend", "label": "River mouth 1199"}, "geometry": {"type": "Point", "coordinates": [30.2616082287742, 59.91598258896791]}}, {"id": "1164", "type": "Feature", "properties": {"ID": 1200, "width_mean": 50.0, "slope": 5e-05, "uparea": 332.68714919256894, "trend": "increasing", "ave_flux": 0.000623529, "continent": "Asia", "ord_stra": 4, "image_num": 279, "OWT": 4, "trend2": "increasing", "label": "River mouth 1200"}, "geometry": {"type": "Point", "coordinates": [141.23071000006655, 58.56877999999705]}}, {"id": "1165", "type": "Feature", "properties": {"ID": 1201, "width_mean": 72.0, "slope": -7.5e-05, "uparea": 2003.34688658, "trend": "decreasing", "ave_flux": 0.00438778, "continent": "Asia", "ord_stra": 4, "image_num": 305, "OWT": 4, "trend2": "decreasing", "label": "River mouth 1201"}, "geometry": {"type": "Point", "coordinates": [138.54263077318961, 56.99829972420655]}}, {"id": "1166", "type": "Feature", "properties": {"ID": 1202, "width_mean": 97.0, "slope": 6.5e-05, "uparea": 3335.86975242, "trend": "no trend", "ave_flux": 0.00454446, "continent": "Asia", "ord_stra": 5, "image_num": 292, "OWT": 3, "trend2": "increasing", "label": "River mouth 1202"}, "geometry": {"type": "Point", "coordinates": [138.374503128326, 56.824477016119516]}}, {"id": "1167", "type": "Feature", "properties": {"ID": 1203, "width_mean": 97.0, "slope": 2e-05, "uparea": 1260.85474315, "trend": "no trend", "ave_flux": 0.00293509, "continent": "Asia", "ord_stra": 4, "image_num": 240, "OWT": 4, "trend2": "no trend", "label": "River mouth 1203"}, "geometry": {"type": "Point", "coordinates": [140.45991103672043, 58.141012235980426]}}, {"id": "1168", "type": "Feature", "properties": {"ID": 1204, "width_mean": 97.0, "slope": -0.00024, "uparea": 2655.06658324, "trend": "decreasing", "ave_flux": 0.00955103, "continent": "Asia", "ord_stra": 4, "image_num": 325, "OWT": 4, "trend2": "decreasing", "label": "River mouth 1204"}, "geometry": {"type": "Point", "coordinates": [139.57544158361162, 57.481674642378465]}}, {"id": "1169", "type": "Feature", "properties": {"ID": 1205, "width_mean": 155.0, "slope": 0.0, "uparea": 456.3925492182668, "trend": "no trend", "ave_flux": 0.0013866, "continent": "Asia", "ord_stra": 4, "image_num": 289, "OWT": 4, "trend2": "no trend", "label": "River mouth 1205"}, "geometry": {"type": "Point", "coordinates": [140.20890694873805, 57.79705655478478]}}, {"id": "1170", "type": "Feature", "properties": {"ID": 1206, "width_mean": 372.0, "slope": 0.0, "uparea": 15440.739387, "trend": "no trend", "ave_flux": 0.0176605, "continent": "Asia", "ord_stra": 5, "image_num": 367, "OWT": 1, "trend2": "no trend", "label": "River mouth 1206"}, "geometry": {"type": "Point", "coordinates": [141.7933106737949, 58.8816788035483]}}, {"id": "1171", "type": "Feature", "properties": {"ID": 1207, "width_mean": 372.0, "slope": 0.00064, "uparea": 10811.8868971, "trend": "increasing", "ave_flux": 0.0221796, "continent": "Asia", "ord_stra": 5, "image_num": 228, "OWT": 2, "trend2": "increasing", "label": "River mouth 1207"}, "geometry": {"type": "Point", "coordinates": [142.79330329189818, 59.34549687135265]}}, {"id": "1172", "type": "Feature", "properties": {"ID": 1208, "width_mean": 850.0, "slope": 0.002143, "uparea": 18705.3301401, "trend": "increasing", "ave_flux": 0.0641065, "continent": "Asia", "ord_stra": 5, "image_num": 299, "OWT": 3, "trend2": "increasing", "label": "River mouth 1208"}, "geometry": {"type": "Point", "coordinates": [142.74780749150807, 59.61514744375535]}}, {"id": "1173", "type": "Feature", "properties": {"ID": 1209, "width_mean": 155.0, "slope": 0.000258, "uparea": 11900.7018204, "trend": "no trend", "ave_flux": 0.017721, "continent": "Asia", "ord_stra": 5, "image_num": 225, "OWT": 3, "trend2": "no trend", "label": "River mouth 1209"}, "geometry": {"type": "Point", "coordinates": [144.4430299997348, 59.494219999553366]}}, {"id": "1174", "type": "Feature", "properties": {"ID": 1210, "width_mean": 372.0, "slope": 0.000178, "uparea": 8245.04215074, "trend": "no trend", "ave_flux": 0.010285, "continent": "Asia", "ord_stra": 5, "image_num": 269, "OWT": 1, "trend2": "no trend", "label": "River mouth 1210"}, "geometry": {"type": "Point", "coordinates": [149.29832590129948, 59.73379362454669]}}, {"id": "1175", "type": "Feature", "properties": {"ID": 1211, "width_mean": 498.0, "slope": -0.000127, "uparea": 25706.5841875, "trend": "no trend", "ave_flux": 0.0463377, "continent": "Asia", "ord_stra": 6, "image_num": 233, "OWT": 1, "trend2": "no trend", "label": "River mouth 1211"}, "geometry": {"type": "Point", "coordinates": [148.9925748586546, 59.69580967121621]}}, {"id": "1176", "type": "Feature", "properties": {"ID": 1212, "width_mean": 572.0, "slope": -4.6e-05, "uparea": 19451.2237141, "trend": "no trend", "ave_flux": 0.0390369, "continent": "Asia", "ord_stra": 6, "image_num": 275, "OWT": 2, "trend2": "no trend", "label": "River mouth 1212"}, "geometry": {"type": "Point", "coordinates": [144.90080107845128, 59.54496853031207]}}, {"id": "1177", "type": "Feature", "properties": {"ID": 1213, "width_mean": 50.0, "slope": 1.8e-05, "uparea": 1793.28001621, "trend": "increasing", "ave_flux": 0.00179739, "continent": "Asia", "ord_stra": 4, "image_num": 232, "OWT": 2, "trend2": "increasing", "label": "River mouth 1213"}, "geometry": {"type": "Point", "coordinates": [154.15640791315448, 59.86651958905034]}}, {"id": "1178", "type": "Feature", "properties": {"ID": 1214, "width_mean": 72.0, "slope": -1.6e-05, "uparea": 1470.80117801, "trend": "no trend", "ave_flux": 0.00140329, "continent": "Asia", "ord_stra": 4, "image_num": 200, "OWT": 2, "trend2": "decreasing", "label": "River mouth 1214"}, "geometry": {"type": "Point", "coordinates": [152.3374093062264, 59.10295225474049]}}, {"id": "1179", "type": "Feature", "properties": {"ID": 1215, "width_mean": 97.0, "slope": -6e-06, "uparea": 395.18074468147086, "trend": "no trend", "ave_flux": 0.000600643, "continent": "Asia", "ord_stra": 4, "image_num": 230, "OWT": 3, "trend2": "decreasing", "label": "River mouth 1215"}, "geometry": {"type": "Point", "coordinates": [154.10060646900683, 59.42582833165815]}}, {"id": "1180", "type": "Feature", "properties": {"ID": 1216, "width_mean": 124.0, "slope": 5.1e-05, "uparea": 4030.94574101, "trend": "no trend", "ave_flux": 0.00572914, "continent": "Asia", "ord_stra": 5, "image_num": 200, "OWT": 2, "trend2": "no trend", "label": "River mouth 1216"}, "geometry": {"type": "Point", "coordinates": [155.8150771194493, 56.08682791772864]}}, {"id": "1181", "type": "Feature", "properties": {"ID": 1217, "width_mean": 155.0, "slope": -0.00011, "uparea": 3127.91137366, "trend": "decreasing", "ave_flux": 0.00830419, "continent": "Asia", "ord_stra": 4, "image_num": 272, "OWT": 4, "trend2": "decreasing", "label": "River mouth 1217"}, "geometry": {"type": "Point", "coordinates": [150.23774368944424, 59.77137502670486]}}, {"id": "1182", "type": "Feature", "properties": {"ID": 1219, "width_mean": 372.0, "slope": 8.9e-05, "uparea": 9514.8884736, "trend": "no trend", "ave_flux": 0.00809209, "continent": "Asia", "ord_stra": 5, "image_num": 239, "OWT": 3, "trend2": "no trend", "label": "River mouth 1219"}, "geometry": {"type": "Point", "coordinates": [154.11331500374618, 59.602742613060556]}}, {"id": "1183", "type": "Feature", "properties": {"ID": 1220, "width_mean": 50.0, "slope": 7.2e-05, "uparea": 811.2938895404374, "trend": "increasing", "ave_flux": 0.00213526, "continent": "Asia", "ord_stra": 4, "image_num": 312, "OWT": 4, "trend2": "increasing", "label": "River mouth 1220"}, "geometry": {"type": "Point", "coordinates": [160.34322267388563, 59.312726953793856]}}, {"id": "1184", "type": "Feature", "properties": {"ID": 1221, "width_mean": 97.0, "slope": -0.000236, "uparea": 2203.53883107, "trend": "decreasing", "ave_flux": 0.00832251, "continent": "Asia", "ord_stra": 4, "image_num": 225, "OWT": 2, "trend2": "decreasing", "label": "River mouth 1221"}, "geometry": {"type": "Point", "coordinates": [159.9711411729484, 59.069439420891456]}}, {"id": "1185", "type": "Feature", "properties": {"ID": 1222, "width_mean": 97.0, "slope": -6.7e-05, "uparea": 7987.54272102, "trend": "no trend", "ave_flux": 0.015368, "continent": "Asia", "ord_stra": 4, "image_num": 204, "OWT": 2, "trend2": "no trend", "label": "River mouth 1222"}, "geometry": {"type": "Point", "coordinates": [159.33171000011646, 58.450680000082]}}, {"id": "1186", "type": "Feature", "properties": {"ID": 1223, "width_mean": 124.0, "slope": -4e-06, "uparea": 2085.58296807, "trend": "no trend", "ave_flux": 0.00566009, "continent": "Asia", "ord_stra": 4, "image_num": 212, "OWT": 2, "trend2": "no trend", "label": "River mouth 1223"}, "geometry": {"type": "Point", "coordinates": [159.6611541157029, 58.7966796133296]}}, {"id": "1187", "type": "Feature", "properties": {"ID": 1224, "width_mean": 124.0, "slope": 3.2e-05, "uparea": 2059.98623422, "trend": "no trend", "ave_flux": 0.00508922, "continent": "Asia", "ord_stra": 4, "image_num": 186, "OWT": 1, "trend2": "no trend", "label": "River mouth 1224"}, "geometry": {"type": "Point", "coordinates": [161.97467000022039, 58.098040000445735]}}, {"id": "1188", "type": "Feature", "properties": {"ID": 1225, "width_mean": 190.0, "slope": -0.00014, "uparea": 11501.6435682, "trend": "no trend", "ave_flux": 0.0184084, "continent": "Asia", "ord_stra": 5, "image_num": 200, "OWT": 3, "trend2": "decreasing", "label": "River mouth 1225"}, "geometry": {"type": "Point", "coordinates": [156.78744369202235, 57.06759126328376]}}, {"id": "1189", "type": "Feature", "properties": {"ID": 1226, "width_mean": 228.0, "slope": 0.000278, "uparea": 3529.40810774, "trend": "increasing", "ave_flux": 0.0122699, "continent": "Asia", "ord_stra": 5, "image_num": 296, "OWT": 2, "trend2": "increasing", "label": "River mouth 1226"}, "geometry": {"type": "Point", "coordinates": [160.64661500003234, 59.4565850001477]}}, {"id": "1190", "type": "Feature", "properties": {"ID": 1227, "width_mean": 271.0, "slope": 0.000287, "uparea": 17143.3369153, "trend": "no trend", "ave_flux": 0.0327234, "continent": "Asia", "ord_stra": 4, "image_num": 297, "OWT": 3, "trend2": "no trend", "label": "River mouth 1227"}, "geometry": {"type": "Point", "coordinates": [158.25015000012252, 57.969540000270854]}}, {"id": "1191", "type": "Feature", "properties": {"ID": 1228, "width_mean": 572.0, "slope": 3e-06, "uparea": 4156.98046202, "trend": "no trend", "ave_flux": 0.00439643, "continent": "Asia", "ord_stra": 4, "image_num": 209, "OWT": 3, "trend2": "no trend", "label": "River mouth 1228"}, "geometry": {"type": "Point", "coordinates": [156.09792975669527, 56.76662658045735]}}, {"id": "1192", "type": "Feature", "properties": {"ID": 1229, "width_mean": 50.0, "slope": 4e-06, "uparea": 590.224023945217, "trend": "no trend", "ave_flux": 0.00117989, "continent": "Asia", "ord_stra": 4, "image_num": 162, "OWT": 3, "trend2": "no trend", "label": "River mouth 1229"}, "geometry": {"type": "Point", "coordinates": [162.76577078737316, 56.846656028705056]}}, {"id": "1193", "type": "Feature", "properties": {"ID": 1231, "width_mean": 72.0, "slope": 1.2e-05, "uparea": 950.0594900482216, "trend": "no trend", "ave_flux": 0.00207624, "continent": "Asia", "ord_stra": 4, "image_num": 168, "OWT": 1, "trend2": "no trend", "label": "River mouth 1231"}, "geometry": {"type": "Point", "coordinates": [162.86281540835597, 56.704278988357686]}}, {"id": "1194", "type": "Feature", "properties": {"ID": 1232, "width_mean": 97.0, "slope": 1e-05, "uparea": 2148.01831503, "trend": "no trend", "ave_flux": 0.00354294, "continent": "Asia", "ord_stra": 4, "image_num": 160, "OWT": 1, "trend2": "no trend", "label": "River mouth 1232"}, "geometry": {"type": "Point", "coordinates": [162.93417196065744, 59.18713143821888]}}, {"id": "1195", "type": "Feature", "properties": {"ID": 1233, "width_mean": 124.0, "slope": 0.0, "uparea": 671.2444865814623, "trend": "no trend", "ave_flux": 0.000757, "continent": "Asia", "ord_stra": 4, "image_num": 186, "OWT": 1, "trend2": "no trend", "label": "River mouth 1233"}, "geometry": {"type": "Point", "coordinates": [162.24316685127195, 58.58848731964339]}}, {"id": "1196", "type": "Feature", "properties": {"ID": 1234, "width_mean": 124.0, "slope": 7.9e-05, "uparea": 1166.83143861, "trend": "increasing", "ave_flux": 0.00312397, "continent": "Asia", "ord_stra": 4, "image_num": 174, "OWT": 1, "trend2": "increasing", "label": "River mouth 1234"}, "geometry": {"type": "Point", "coordinates": [162.05367531982597, 58.37438161271309]}}, {"id": "1197", "type": "Feature", "properties": {"ID": 1235, "width_mean": 124.0, "slope": 2e-05, "uparea": 1419.57913377, "trend": "no trend", "ave_flux": 0.0048664, "continent": "Asia", "ord_stra": 4, "image_num": 185, "OWT": 1, "trend2": "no trend", "label": "River mouth 1235"}, "geometry": {"type": "Point", "coordinates": [162.50743990349193, 58.73791966023053]}}, {"id": "1198", "type": "Feature", "properties": {"ID": 1236, "width_mean": 228.0, "slope": 0.000116, "uparea": 6557.81463793, "trend": "no trend", "ave_flux": 0.0101856, "continent": "Asia", "ord_stra": 5, "image_num": 251, "OWT": 1, "trend2": "no trend", "label": "River mouth 1236"}, "geometry": {"type": "Point", "coordinates": [162.64810410359917, 57.33969633888835]}}, {"id": "1199", "type": "Feature", "properties": {"ID": 1237, "width_mean": 655.0, "slope": 6.2e-05, "uparea": 3905.70358773, "trend": "increasing", "ave_flux": 0.00434355, "continent": "Asia", "ord_stra": 5, "image_num": 187, "OWT": 3, "trend2": "increasing", "label": "River mouth 1237"}, "geometry": {"type": "Point", "coordinates": [162.08675272766183, 57.740306788131235]}}, {"id": "1200", "type": "Feature", "properties": {"ID": 1238, "width_mean": 4466.0, "slope": 0.0011, "uparea": 53356.418228, "trend": "increasing", "ave_flux": 0.0508395, "continent": "Asia", "ord_stra": 6, "image_num": 245, "OWT": 1, "trend2": "increasing", "label": "River mouth 1238"}, "geometry": {"type": "Point", "coordinates": [162.4034187030501, 56.25201170605814]}}, {"id": "1201", "type": "Feature", "properties": {"ID": 1239, "width_mean": 124.0, "slope": 5.5e-05, "uparea": 779.8982242023303, "trend": "increasing", "ave_flux": 0.002427, "continent": "North America", "ord_stra": 4, "image_num": 239, "OWT": 3, "trend2": "increasing", "label": "River mouth 1239"}, "geometry": {"type": "Point", "coordinates": [-165.40545071632562, 61.8318318462981]}}, {"id": "1202", "type": "Feature", "properties": {"ID": 1240, "width_mean": 124.0, "slope": 4e-05, "uparea": 2502.14483812, "trend": "no trend", "ave_flux": 0.00420806, "continent": "North America", "ord_stra": 4, "image_num": 240, "OWT": 3, "trend2": "no trend", "label": "River mouth 1240"}, "geometry": {"type": "Point", "coordinates": [-162.28645000036718, 60.287939999731236]}}, {"id": "1203", "type": "Feature", "properties": {"ID": 1241, "width_mean": 319.0, "slope": 0.000127, "uparea": 3123.9198151, "trend": "increasing", "ave_flux": 0.00562262, "continent": "North America", "ord_stra": 4, "image_num": 171, "OWT": 1, "trend2": "increasing", "label": "River mouth 1241"}, "geometry": {"type": "Point", "coordinates": [-164.94458909282275, 61.10660045604466]}}, {"id": "1204", "type": "Feature", "properties": {"ID": 1242, "width_mean": 372.0, "slope": 3e-06, "uparea": 730.6082186493037, "trend": "no trend", "ave_flux": 0.00177454, "continent": "North America", "ord_stra": 4, "image_num": 305, "OWT": 3, "trend2": "no trend", "label": "River mouth 1242"}, "geometry": {"type": "Point", "coordinates": [-162.13254999978264, 60.12028000042176]}}, {"id": "1205", "type": "Feature", "properties": {"ID": 1243, "width_mean": 372.0, "slope": -0.000295, "uparea": 3430.9571682, "trend": "decreasing", "ave_flux": 0.012173, "continent": "North America", "ord_stra": 4, "image_num": 274, "OWT": 3, "trend2": "decreasing", "label": "River mouth 1243"}, "geometry": {"type": "Point", "coordinates": [-162.1877755008182, 60.21036582259772]}}, {"id": "1206", "type": "Feature", "properties": {"ID": 1244, "width_mean": 432.0, "slope": 0.0004, "uparea": 4049.58843311, "trend": "increasing", "ave_flux": 0.0113133, "continent": "North America", "ord_stra": 5, "image_num": 285, "OWT": 3, "trend2": "increasing", "label": "River mouth 1244"}, "geometry": {"type": "Point", "coordinates": [-165.26292643653812, 62.36567581755216]}}, {"id": "1207", "type": "Feature", "properties": {"ID": 1245, "width_mean": 655.0, "slope": 0.0, "uparea": 2882.41957182, "trend": "no trend", "ave_flux": 0.00450057, "continent": "North America", "ord_stra": 5, "image_num": 212, "OWT": 3, "trend2": "no trend", "label": "River mouth 1245"}, "geometry": {"type": "Point", "coordinates": [-164.3589724025169, 60.16428709251433]}}, {"id": "1208", "type": "Feature", "properties": {"ID": 1246, "width_mean": 747.0, "slope": 0.000142, "uparea": 4944.71140833, "trend": "no trend", "ave_flux": 0.0139928, "continent": "North America", "ord_stra": 5, "image_num": 262, "OWT": 3, "trend2": "no trend", "label": "River mouth 1246"}, "geometry": {"type": "Point", "coordinates": [-165.30276521573086, 61.248952878106834]}}, {"id": "1209", "type": "Feature", "properties": {"ID": 1247, "width_mean": 2520.0, "slope": 9.4e-05, "uparea": 1072.10085062, "trend": "increasing", "ave_flux": 0.00272671, "continent": "North America", "ord_stra": 4, "image_num": 314, "OWT": 3, "trend2": "increasing", "label": "River mouth 1247"}, "geometry": {"type": "Point", "coordinates": [-164.7784355804285, 62.476635371717215]}}, {"id": "1210", "type": "Feature", "properties": {"ID": 1248, "width_mean": 2520.0, "slope": 0.01255, "uparea": 832694.301743, "trend": "increasing", "ave_flux": 1.20358, "continent": "North America", "ord_stra": 8, "image_num": 279, "OWT": 3, "trend2": "increasing", "label": "River mouth 1248"}, "geometry": {"type": "Point", "coordinates": [-163.92901676158667, 62.55556307838601]}}, {"id": "1211", "type": "Feature", "properties": {"ID": 1249, "width_mean": 5000.0, "slope": -0.000339, "uparea": 116093.089491, "trend": "no trend", "ave_flux": 0.140627, "continent": "North America", "ord_stra": 7, "image_num": 288, "OWT": 1, "trend2": "no trend", "label": "River mouth 1249"}, "geometry": {"type": "Point", "coordinates": [-162.29849991506572, 60.4930787057287]}}, {"id": "1212", "type": "Feature", "properties": {"ID": 1250, "width_mean": 50.0, "slope": 0.000129, "uparea": 4957.8361585, "trend": "increasing", "ave_flux": 0.00862694, "continent": "North America", "ord_stra": 4, "image_num": 400, "OWT": 2, "trend2": "increasing", "label": "River mouth 1250"}, "geometry": {"type": "Point", "coordinates": [-160.56338999974867, 63.874810000381274]}}, {"id": "1213", "type": "Feature", "properties": {"ID": 1251, "width_mean": 124.0, "slope": 0.000376, "uparea": 1602.03299356, "trend": "increasing", "ave_flux": 0.0107647, "continent": "North America", "ord_stra": 4, "image_num": 340, "OWT": 1, "trend2": "increasing", "label": "River mouth 1251"}, "geometry": {"type": "Point", "coordinates": [-153.71011129678524, 60.4934561084916]}}, {"id": "1214", "type": "Feature", "properties": {"ID": 1252, "width_mean": 228.0, "slope": 0.000225, "uparea": 3255.8840277, "trend": "increasing", "ave_flux": 0.0118379, "continent": "North America", "ord_stra": 4, "image_num": 210, "OWT": 1, "trend2": "increasing", "label": "River mouth 1252"}, "geometry": {"type": "Point", "coordinates": [-151.8332021581784, 60.98087795930536]}}, {"id": "1215", "type": "Feature", "properties": {"ID": 1253, "width_mean": 228.0, "slope": 0.000187, "uparea": 2233.33030691, "trend": "increasing", "ave_flux": 0.0106928, "continent": "North America", "ord_stra": 5, "image_num": 376, "OWT": 1, "trend2": "increasing", "label": "River mouth 1253"}, "geometry": {"type": "Point", "coordinates": [-150.9986534390986, 61.24808314627708]}}, {"id": "1216", "type": "Feature", "properties": {"ID": 1254, "width_mean": 850.0, "slope": 0.003884, "uparea": 50115.002843, "trend": "increasing", "ave_flux": 0.22784, "continent": "North America", "ord_stra": 7, "image_num": 511, "OWT": 3, "trend2": "increasing", "label": "River mouth 1254"}, "geometry": {"type": "Point", "coordinates": [-150.5188723215557, 61.399667988620834]}}, {"id": "1217", "type": "Feature", "properties": {"ID": 1255, "width_mean": 850.0, "slope": 0.00142, "uparea": 3836.31233185, "trend": "increasing", "ave_flux": 0.0281642, "continent": "North America", "ord_stra": 5, "image_num": 620, "OWT": 1, "trend2": "increasing", "label": "River mouth 1255"}, "geometry": {"type": "Point", "coordinates": [-150.99423277606752, 60.481722224234716]}}, {"id": "1218", "type": "Feature", "properties": {"ID": 1257, "width_mean": 747.0, "slope": 0.000414, "uparea": 8632.21514678, "trend": "no trend", "ave_flux": 0.0582597, "continent": "North America", "ord_stra": 6, "image_num": 545, "OWT": 3, "trend2": "no trend", "label": "River mouth 1257"}, "geometry": {"type": "Point", "coordinates": [-149.00943259777483, 61.5054380894728]}}, {"id": "1219", "type": "Feature", "properties": {"ID": 1258, "width_mean": 1237.0, "slope": 0.002005, "uparea": 63836.7561471, "trend": "no trend", "ave_flux": 0.312531, "continent": "North America", "ord_stra": 7, "image_num": 300, "OWT": 2, "trend2": "increasing", "label": "River mouth 1258"}, "geometry": {"type": "Point", "coordinates": [-144.8147279250293, 60.60675683016615]}}, {"id": "1220", "type": "Feature", "properties": {"ID": 1259, "width_mean": 97.0, "slope": 0.0, "uparea": 3333.77234487, "trend": "no trend", "ave_flux": 0.00321429, "continent": "North America", "ord_stra": 5, "image_num": 591, "OWT": 3, "trend2": "no trend", "label": "River mouth 1259"}, "geometry": {"type": "Point", "coordinates": [-94.68587988446737, 60.9708483225796]}}, {"id": "1221", "type": "Feature", "properties": {"ID": 1260, "width_mean": 97.0, "slope": 1.4e-05, "uparea": 16242.6754989, "trend": "no trend", "ave_flux": 0.0150771, "continent": "North America", "ord_stra": 5, "image_num": 615, "OWT": 1, "trend2": "no trend", "label": "River mouth 1260"}, "geometry": {"type": "Point", "coordinates": [-94.53232327313542, 61.40892447527963]}}, {"id": "1222", "type": "Feature", "properties": {"ID": 1261, "width_mean": 372.0, "slope": 2.5e-05, "uparea": 3798.44513371, "trend": "no trend", "ave_flux": 0.00164603, "continent": "North America", "ord_stra": 4, "image_num": 484, "OWT": 1, "trend2": "no trend", "label": "River mouth 1261"}, "geometry": {"type": "Point", "coordinates": [-93.18860499109896, 62.34536108412042]}}, {"id": "1223", "type": "Feature", "properties": {"ID": 1262, "width_mean": 498.0, "slope": 0.00017, "uparea": 22929.9132587, "trend": "no trend", "ave_flux": 0.0211757, "continent": "North America", "ord_stra": 5, "image_num": 635, "OWT": 3, "trend2": "no trend", "label": "River mouth 1262"}, "geometry": {"type": "Point", "coordinates": [-94.9489038727494, 60.58065150041462]}}, {"id": "1224", "type": "Feature", "properties": {"ID": 1263, "width_mean": 228.0, "slope": 3.1e-05, "uparea": 4681.50079599, "trend": "no trend", "ave_flux": 0.00561714, "continent": "North America", "ord_stra": 5, "image_num": 343, "OWT": 3, "trend2": "no trend", "label": "River mouth 1263"}, "geometry": {"type": "Point", "coordinates": [-85.71630999980658, 63.79920999984165]}}, {"id": "1225", "type": "Feature", "properties": {"ID": 1264, "width_mean": 50.0, "slope": 3.5e-05, "uparea": 2020.32943969, "trend": "no trend", "ave_flux": 0.00243311, "continent": "North America", "ord_stra": 4, "image_num": 60, "OWT": 4, "trend2": "no trend", "label": "River mouth 1264"}, "geometry": {"type": "Point", "coordinates": [-83.8984719705332, 63.80968254849621]}}, {"id": "1226", "type": "Feature", "properties": {"ID": 1265, "width_mean": 72.0, "slope": 1.7e-05, "uparea": 910.5165084643304, "trend": "increasing", "ave_flux": 0.00112857, "continent": "North America", "ord_stra": 4, "image_num": 368, "OWT": 3, "trend2": "increasing", "label": "River mouth 1265"}, "geometry": {"type": "Point", "coordinates": [-77.53869036562077, 60.76012453467148]}}, {"id": "1227", "type": "Feature", "properties": {"ID": 1266, "width_mean": 72.0, "slope": 1e-05, "uparea": 1053.25254689, "trend": "no trend", "ave_flux": 0.00194, "continent": "North America", "ord_stra": 4, "image_num": 488, "OWT": 3, "trend2": "no trend", "label": "River mouth 1266"}, "geometry": {"type": "Point", "coordinates": [-77.82533160187404, 60.832964749581464]}}, {"id": "1228", "type": "Feature", "properties": {"ID": 1267, "width_mean": 97.0, "slope": 4e-05, "uparea": 2785.37972444, "trend": "no trend", "ave_flux": 0.00502857, "continent": "North America", "ord_stra": 4, "image_num": 390, "OWT": 3, "trend2": "no trend", "label": "River mouth 1267"}, "geometry": {"type": "Point", "coordinates": [-75.74689540144294, 62.09769340604859]}}, {"id": "1229", "type": "Feature", "properties": {"ID": 1268, "width_mean": 655.0, "slope": 0.000312, "uparea": 8404.14176688, "trend": "increasing", "ave_flux": 0.0189886, "continent": "North America", "ord_stra": 5, "image_num": 415, "OWT": 1, "trend2": "increasing", "label": "River mouth 1268"}, "geometry": {"type": "Point", "coordinates": [-77.56802686128736, 61.62939647048144]}}, {"id": "1230", "type": "Feature", "properties": {"ID": 1269, "width_mean": 965.0, "slope": 2.6e-05, "uparea": 28052.8727647, "trend": "no trend", "ave_flux": 0.0179931, "continent": "North America", "ord_stra": 6, "image_num": 491, "OWT": 1, "trend2": "no trend", "label": "River mouth 1269"}, "geometry": {"type": "Point", "coordinates": [-77.12634863382505, 60.077557829113154]}}, {"id": "1231", "type": "Feature", "properties": {"ID": 1270, "width_mean": 1237.0, "slope": 1.8e-05, "uparea": 3669.75038821, "trend": "no trend", "ave_flux": 0.00433531, "continent": "North America", "ord_stra": 5, "image_num": 291, "OWT": 3, "trend2": "no trend", "label": "River mouth 1270"}, "geometry": {"type": "Point", "coordinates": [-74.47246653468054, 62.10254182647718]}}, {"id": "1232", "type": "Feature", "properties": {"ID": 1271, "width_mean": 50.0, "slope": 7e-06, "uparea": 1216.63307573, "trend": "no trend", "ave_flux": 0.00250286, "continent": "North America", "ord_stra": 4, "image_num": 299, "OWT": 4, "trend2": "no trend", "label": "River mouth 1271"}, "geometry": {"type": "Point", "coordinates": [-67.4751524695836, 63.72593920066258]}}, {"id": "1233", "type": "Feature", "properties": {"ID": 1272, "width_mean": 72.0, "slope": 0.0, "uparea": 3084.996717, "trend": "no trend", "ave_flux": 0.00693143, "continent": "North America", "ord_stra": 4, "image_num": 245, "OWT": 4, "trend2": "no trend", "label": "River mouth 1272"}, "geometry": {"type": "Point", "coordinates": [-68.6150040682525, 63.78983163806411]}}, {"id": "1234", "type": "Feature", "properties": {"ID": 1273, "width_mean": 124.0, "slope": 5.2e-05, "uparea": 2336.05782957, "trend": "no trend", "ave_flux": 0.0040448, "continent": "North America", "ord_stra": 4, "image_num": 138, "OWT": 4, "trend2": "increasing", "label": "River mouth 1273"}, "geometry": {"type": "Point", "coordinates": [-68.87794150270106, 63.59855525890008]}}, {"id": "1235", "type": "Feature", "properties": {"ID": 1274, "width_mean": 190.0, "slope": 3e-05, "uparea": 2252.57407262, "trend": "no trend", "ave_flux": 0.00465714, "continent": "North America", "ord_stra": 4, "image_num": 350, "OWT": 3, "trend2": "no trend", "label": "River mouth 1274"}, "geometry": {"type": "Point", "coordinates": [-69.82105999971918, 62.928289999983576]}}, {"id": "1236", "type": "Feature", "properties": {"ID": 1275, "width_mean": 271.0, "slope": 2e-05, "uparea": 1685.40404983, "trend": "no trend", "ave_flux": 0.00409429, "continent": "North America", "ord_stra": 4, "image_num": 413, "OWT": 1, "trend2": "no trend", "label": "River mouth 1275"}, "geometry": {"type": "Point", "coordinates": [-68.8426229585928, 62.55655225877854]}}, {"id": "1237", "type": "Feature", "properties": {"ID": 1276, "width_mean": 572.0, "slope": 4e-06, "uparea": 640.8077586694502, "trend": "no trend", "ave_flux": 0.00216, "continent": "North America", "ord_stra": 4, "image_num": 314, "OWT": 4, "trend2": "no trend", "label": "River mouth 1276"}, "geometry": {"type": "Point", "coordinates": [-66.46151000038617, 63.45178000034679]}}, {"id": "1238", "type": "Feature", "properties": {"ID": 1277, "width_mean": 432.0, "slope": 4.4e-05, "uparea": 2203.37642761, "trend": "no trend", "ave_flux": 0.00609143, "continent": "North America", "ord_stra": 4, "image_num": 294, "OWT": 4, "trend2": "no trend", "label": "River mouth 1277"}, "geometry": {"type": "Point", "coordinates": [-65.33178451913953, 63.05307154934958]}}, {"id": "1239", "type": "Feature", "properties": {"ID": 1278, "width_mean": 2244.0, "slope": -1.4e-05, "uparea": 858.6246571768435, "trend": "no trend", "ave_flux": 0.00225766, "continent": "North America", "ord_stra": 4, "image_num": 167, "OWT": 1, "trend2": "decreasing", "label": "River mouth 1278"}, "geometry": {"type": "Point", "coordinates": [-65.35470932462687, 63.86017161244078]}}, {"id": "1240", "type": "Feature", "properties": {"ID": 1279, "width_mean": 50.0, "slope": -5e-05, "uparea": 2300.46833699, "trend": "no trend", "ave_flux": 0.0110537, "continent": "Europe", "ord_stra": 4, "image_num": 524, "OWT": 3, "trend2": "no trend", "label": "River mouth 1279"}, "geometry": {"type": "Point", "coordinates": [8.68610390432415, 62.648904395914066]}}, {"id": "1241", "type": "Feature", "properties": {"ID": 1280, "width_mean": 72.0, "slope": -4.2e-05, "uparea": 981.1972561118224, "trend": "no trend", "ave_flux": 0.00848857, "continent": "Europe", "ord_stra": 5, "image_num": 641, "OWT": 2, "trend2": "decreasing", "label": "River mouth 1280"}, "geometry": {"type": "Point", "coordinates": [11.103203299577537, 63.46221378745385]}}, {"id": "1242", "type": "Feature", "properties": {"ID": 1281, "width_mean": 72.0, "slope": -6.3e-05, "uparea": 2902.82808893, "trend": "no trend", "ave_flux": 0.0243029, "continent": "Europe", "ord_stra": 5, "image_num": 424, "OWT": 3, "trend2": "decreasing", "label": "River mouth 1281"}, "geometry": {"type": "Point", "coordinates": [9.810504883648948, 63.27670391931485]}}, {"id": "1243", "type": "Feature", "properties": {"ID": 1282, "width_mean": 72.0, "slope": -0.000384, "uparea": 929.9617683563797, "trend": "decreasing", "ave_flux": 0.00688754, "continent": "Europe", "ord_stra": 5, "image_num": 577, "OWT": 2, "trend2": "decreasing", "label": "River mouth 1282"}, "geometry": {"type": "Point", "coordinates": [8.917494815319987, 62.99721346415747]}}, {"id": "1244", "type": "Feature", "properties": {"ID": 1283, "width_mean": 72.0, "slope": -8e-05, "uparea": 3648.50129111, "trend": "no trend", "ave_flux": 0.0234771, "continent": "Europe", "ord_stra": 5, "image_num": 629, "OWT": 3, "trend2": "no trend", "label": "River mouth 1283"}, "geometry": {"type": "Point", "coordinates": [10.270260000198903, 63.29672000022788]}}, {"id": "1245", "type": "Feature", "properties": {"ID": 1284, "width_mean": 72.0, "slope": -1.7e-05, "uparea": 1226.10547757, "trend": "no trend", "ave_flux": 0.00991714, "continent": "Europe", "ord_stra": 4, "image_num": 544, "OWT": 1, "trend2": "no trend", "label": "River mouth 1284"}, "geometry": {"type": "Point", "coordinates": [7.786288055800102, 62.472499329291836]}}, {"id": "1246", "type": "Feature", "properties": {"ID": 1285, "width_mean": 72.0, "slope": 8e-06, "uparea": 891.2759656577658, "trend": "no trend", "ave_flux": 0.00529449, "continent": "Europe", "ord_stra": 4, "image_num": 485, "OWT": 2, "trend2": "no trend", "label": "River mouth 1285"}, "geometry": {"type": "Point", "coordinates": [11.61767914063465, 63.770595543335624]}}, {"id": "1247", "type": "Feature", "properties": {"ID": 1286, "width_mean": 572.0, "slope": -2.5e-05, "uparea": 3061.63820974, "trend": "no trend", "ave_flux": 0.0231886, "continent": "Europe", "ord_stra": 5, "image_num": 611, "OWT": 4, "trend2": "no trend", "label": "River mouth 1286"}, "geometry": {"type": "Point", "coordinates": [10.390004896066301, 63.40125978930157]}}, {"id": "1248", "type": "Feature", "properties": {"ID": 1287, "width_mean": 319.0, "slope": 0.000143, "uparea": 25530.4962897, "trend": "no trend", "ave_flux": 0.0516029, "continent": "Europe", "ord_stra": 6, "image_num": 777, "OWT": 1, "trend2": "no trend", "label": "River mouth 1287"}, "geometry": {"type": "Point", "coordinates": [17.241598473485553, 62.51540563789624]}}, {"id": "1249", "type": "Feature", "properties": {"ID": 1288, "width_mean": 319.0, "slope": -0.000504, "uparea": 12618.6182747, "trend": "decreasing", "ave_flux": 0.0133931, "continent": "Europe", "ord_stra": 5, "image_num": 815, "OWT": 2, "trend2": "decreasing", "label": "River mouth 1288"}, "geometry": {"type": "Point", "coordinates": [17.317992156394943, 62.29555599668826]}}, {"id": "1250", "type": "Feature", "properties": {"ID": 1289, "width_mean": 432.0, "slope": 0.000113, "uparea": 31533.0217308, "trend": "no trend", "ave_flux": 0.07482, "continent": "Europe", "ord_stra": 4, "image_num": 756, "OWT": 3, "trend2": "no trend", "label": "River mouth 1289"}, "geometry": {"type": "Point", "coordinates": [17.725480000301843, 63.11680000031981]}}, {"id": "1251", "type": "Feature", "properties": {"ID": 1290, "width_mean": 572.0, "slope": 0.000623, "uparea": 28895.7744037, "trend": "no trend", "ave_flux": 0.0688086, "continent": "Europe", "ord_stra": 6, "image_num": 912, "OWT": 2, "trend2": "no trend", "label": "River mouth 1290"}, "geometry": {"type": "Point", "coordinates": [17.44174956427132, 60.57252197504738]}}, {"id": "1252", "type": "Feature", "properties": {"ID": 1291, "width_mean": 850.0, "slope": 0.000475, "uparea": 19885.4387661, "trend": "no trend", "ave_flux": 0.03424, "continent": "Europe", "ord_stra": 6, "image_num": 718, "OWT": 3, "trend2": "increasing", "label": "River mouth 1291"}, "geometry": {"type": "Point", "coordinates": [17.05799941580442, 61.220105672338875]}}, {"id": "1253", "type": "Feature", "properties": {"ID": 1292, "width_mean": 72.0, "slope": 7e-06, "uparea": 4140.23573337, "trend": "no trend", "ave_flux": 0.00617714, "continent": "Europe", "ord_stra": 5, "image_num": 687, "OWT": 2, "trend2": "no trend", "label": "River mouth 1292"}, "geometry": {"type": "Point", "coordinates": [22.523757965644652, 63.52013615465841]}}, {"id": "1254", "type": "Feature", "properties": {"ID": 1293, "width_mean": 124.0, "slope": -5.6e-05, "uparea": 4934.26714135, "trend": "decreasing", "ave_flux": 0.00388109, "continent": "Europe", "ord_stra": 4, "image_num": 524, "OWT": 2, "trend2": "decreasing", "label": "River mouth 1293"}, "geometry": {"type": "Point", "coordinates": [21.917802635723287, 63.18956801327131]}}, {"id": "1255", "type": "Feature", "properties": {"ID": 1294, "width_mean": 190.0, "slope": -0.001245, "uparea": 26224.5367286, "trend": "decreasing", "ave_flux": 0.0276054, "continent": "Europe", "ord_stra": 6, "image_num": 764, "OWT": 3, "trend2": "decreasing", "label": "River mouth 1294"}, "geometry": {"type": "Point", "coordinates": [21.687588273038017, 61.55775739102918]}}, {"id": "1256", "type": "Feature", "properties": {"ID": 1295, "width_mean": 319.0, "slope": 0.00096, "uparea": 27082.44381, "trend": "no trend", "ave_flux": 0.0690343, "continent": "Europe", "ord_stra": 6, "image_num": 721, "OWT": 2, "trend2": "no trend", "label": "River mouth 1295"}, "geometry": {"type": "Point", "coordinates": [20.3028442436244, 63.79094366164839]}}, {"id": "1257", "type": "Feature", "properties": {"ID": 1296, "width_mean": 124.0, "slope": -0.000153, "uparea": 36804.1542917, "trend": "no trend", "ave_flux": 0.0344396, "continent": "Europe", "ord_stra": 6, "image_num": 846, "OWT": 3, "trend2": "decreasing", "label": "River mouth 1296"}, "geometry": {"type": "Point", "coordinates": [26.879649999847686, 60.532019999623344]}}, {"id": "1258", "type": "Feature", "properties": {"ID": 1297, "width_mean": 572.0, "slope": 0.001179, "uparea": 61997.9211746, "trend": "no trend", "ave_flux": 0.100644, "continent": "Europe", "ord_stra": 7, "image_num": 594, "OWT": 3, "trend2": "increasing", "label": "River mouth 1297"}, "geometry": {"type": "Point", "coordinates": [29.554868535991133, 60.72153990540241]}}, {"id": "1259", "type": "Feature", "properties": {"ID": 1298, "width_mean": 72.0, "slope": 8e-05, "uparea": 1800.52431662, "trend": "no trend", "ave_flux": 0.00496571, "continent": "Europe", "ord_stra": 4, "image_num": 522, "OWT": 2, "trend2": "no trend", "label": "River mouth 1298"}, "geometry": {"type": "Point", "coordinates": [36.19403573035381, 63.909954959148486]}}, {"id": "1260", "type": "Feature", "properties": {"ID": 1299, "width_mean": 271.0, "slope": -0.003232, "uparea": 56077.1220148, "trend": "decreasing", "ave_flux": 0.0776338, "continent": "Europe", "ord_stra": 6, "image_num": 501, "OWT": 3, "trend2": "decreasing", "label": "River mouth 1299"}, "geometry": {"type": "Point", "coordinates": [38.11912261036137, 63.893779130202475]}}, {"id": "1261", "type": "Feature", "properties": {"ID": 1300, "width_mean": 97.0, "slope": 5.9e-05, "uparea": 1532.8472798, "trend": "increasing", "ave_flux": 0.00338343, "continent": "Asia", "ord_stra": 4, "image_num": 282, "OWT": 2, "trend2": "increasing", "label": "River mouth 1300"}, "geometry": {"type": "Point", "coordinates": [155.11043394820052, 60.5077331203439]}}, {"id": "1262", "type": "Feature", "properties": {"ID": 1301, "width_mean": 97.0, "slope": 1.1e-05, "uparea": 2383.64077111, "trend": "no trend", "ave_flux": 0.00290356, "continent": "Asia", "ord_stra": 5, "image_num": 237, "OWT": 2, "trend2": "no trend", "label": "River mouth 1301"}, "geometry": {"type": "Point", "coordinates": [154.34718980847316, 60.33750083249992]}}, {"id": "1263", "type": "Feature", "properties": {"ID": 1302, "width_mean": 72.0, "slope": 1.5e-05, "uparea": 819.4241289842638, "trend": "increasing", "ave_flux": 0.00188443, "continent": "Asia", "ord_stra": 4, "image_num": 158, "OWT": 4, "trend2": "increasing", "label": "River mouth 1302"}, "geometry": {"type": "Point", "coordinates": [156.94667619554292, 61.64634393188601]}}, {"id": "1264", "type": "Feature", "properties": {"ID": 1303, "width_mean": 72.0, "slope": 8.8e-05, "uparea": 1270.49366288, "trend": "increasing", "ave_flux": 0.00305869, "continent": "Asia", "ord_stra": 4, "image_num": 259, "OWT": 4, "trend2": "increasing", "label": "River mouth 1303"}, "geometry": {"type": "Point", "coordinates": [157.7585333638205, 61.8223377894024]}}, {"id": "1265", "type": "Feature", "properties": {"ID": 1304, "width_mean": 72.0, "slope": -3e-06, "uparea": 1322.38813791, "trend": "no trend", "ave_flux": 0.00138262, "continent": "Asia", "ord_stra": 4, "image_num": 226, "OWT": 2, "trend2": "no trend", "label": "River mouth 1304"}, "geometry": {"type": "Point", "coordinates": [159.6234769607021, 61.85519154797725]}}, {"id": "1266", "type": "Feature", "properties": {"ID": 1305, "width_mean": 72.0, "slope": 0.0, "uparea": 793.881800198555, "trend": "no trend", "ave_flux": 0.00132772, "continent": "Asia", "ord_stra": 4, "image_num": 261, "OWT": 2, "trend2": "no trend", "label": "River mouth 1305"}, "geometry": {"type": "Point", "coordinates": [161.9446499998976, 61.48847999975226]}}, {"id": "1267", "type": "Feature", "properties": {"ID": 1306, "width_mean": 97.0, "slope": 0.0, "uparea": 1144.68085493, "trend": "no trend", "ave_flux": 0.00359588, "continent": "Asia", "ord_stra": 4, "image_num": 190, "OWT": 4, "trend2": "no trend", "label": "River mouth 1306"}, "geometry": {"type": "Point", "coordinates": [157.43441513807042, 61.80617718834616]}}, {"id": "1268", "type": "Feature", "properties": {"ID": 1307, "width_mean": 97.0, "slope": 0.000377, "uparea": 11895.0039756, "trend": "no trend", "ave_flux": 0.0186435, "continent": "Asia", "ord_stra": 4, "image_num": 288, "OWT": 2, "trend2": "increasing", "label": "River mouth 1307"}, "geometry": {"type": "Point", "coordinates": [160.49360541180314, 61.925802891808786]}}, {"id": "1269", "type": "Feature", "properties": {"ID": 1308, "width_mean": 97.0, "slope": 7.6e-05, "uparea": 2240.13022657, "trend": "increasing", "ave_flux": 0.00491006, "continent": "Asia", "ord_stra": 4, "image_num": 187, "OWT": 3, "trend2": "increasing", "label": "River mouth 1308"}, "geometry": {"type": "Point", "coordinates": [161.57664000013597, 60.0137400003008]}}, {"id": "1270", "type": "Feature", "properties": {"ID": 1309, "width_mean": 124.0, "slope": 4.6e-05, "uparea": 2450.25820286, "trend": "no trend", "ave_flux": 0.00428829, "continent": "Asia", "ord_stra": 4, "image_num": 254, "OWT": 4, "trend2": "no trend", "label": "River mouth 1309"}, "geometry": {"type": "Point", "coordinates": [159.24493197236123, 61.953499387893366]}}, {"id": "1271", "type": "Feature", "properties": {"ID": 1310, "width_mean": 124.0, "slope": -2e-05, "uparea": 1900.46132674, "trend": "no trend", "ave_flux": 0.0027047, "continent": "Asia", "ord_stra": 4, "image_num": 191, "OWT": 2, "trend2": "decreasing", "label": "River mouth 1310"}, "geometry": {"type": "Point", "coordinates": [161.35731182965958, 61.17572851363094]}}, {"id": "1272", "type": "Feature", "properties": {"ID": 1311, "width_mean": 124.0, "slope": 4.3e-05, "uparea": 1754.6116854, "trend": "no trend", "ave_flux": 0.00299137, "continent": "Asia", "ord_stra": 4, "image_num": 156, "OWT": 4, "trend2": "no trend", "label": "River mouth 1311"}, "geometry": {"type": "Point", "coordinates": [156.22438023070043, 61.10019483466133]}}, {"id": "1273", "type": "Feature", "properties": {"ID": 1312, "width_mean": 155.0, "slope": 0.000122, "uparea": 3438.01121517, "trend": "increasing", "ave_flux": 0.00675626, "continent": "Asia", "ord_stra": 4, "image_num": 251, "OWT": 4, "trend2": "increasing", "label": "River mouth 1312"}, "geometry": {"type": "Point", "coordinates": [158.96130000029484, 61.95600999966183]}}, {"id": "1274", "type": "Feature", "properties": {"ID": 1313, "width_mean": 190.0, "slope": -0.000246, "uparea": 4468.574032, "trend": "decreasing", "ave_flux": 0.00799347, "continent": "Asia", "ord_stra": 4, "image_num": 180, "OWT": 2, "trend2": "decreasing", "label": "River mouth 1313"}, "geometry": {"type": "Point", "coordinates": [156.90349232173443, 61.58280393387082]}}, {"id": "1275", "type": "Feature", "properties": {"ID": 1314, "width_mean": 190.0, "slope": 0.000143, "uparea": 11761.3047268, "trend": "no trend", "ave_flux": 0.0143257, "continent": "Asia", "ord_stra": 5, "image_num": 268, "OWT": 3, "trend2": "no trend", "label": "River mouth 1314"}, "geometry": {"type": "Point", "coordinates": [160.44627745442529, 61.98620954880662]}}, {"id": "1276", "type": "Feature", "properties": {"ID": 1315, "width_mean": 50.0, "slope": 0.0, "uparea": 576.4654310941543, "trend": "no trend", "ave_flux": 0.000611111, "continent": "Asia", "ord_stra": 4, "image_num": 232, "OWT": 2, "trend2": "no trend", "label": "River mouth 1315"}, "geometry": {"type": "Point", "coordinates": [164.061517272188, 62.694699791254806]}}, {"id": "1277", "type": "Feature", "properties": {"ID": 1316, "width_mean": 50.0, "slope": 1.4e-05, "uparea": 1272.04861939, "trend": "no trend", "ave_flux": 0.00215591, "continent": "Asia", "ord_stra": 4, "image_num": 205, "OWT": 2, "trend2": "no trend", "label": "River mouth 1316"}, "geometry": {"type": "Point", "coordinates": [163.89321742302775, 60.9693425941454]}}, {"id": "1278", "type": "Feature", "properties": {"ID": 1317, "width_mean": 72.0, "slope": -5e-05, "uparea": 782.0744183812883, "trend": "no trend", "ave_flux": 0.000745455, "continent": "Asia", "ord_stra": 4, "image_num": 190, "OWT": 2, "trend2": "decreasing", "label": "River mouth 1317"}, "geometry": {"type": "Point", "coordinates": [163.052169576835, 62.22161516104964]}}, {"id": "1279", "type": "Feature", "properties": {"ID": 1318, "width_mean": 72.0, "slope": 2.5e-05, "uparea": 1111.70405742, "trend": "no trend", "ave_flux": 0.00103296, "continent": "Asia", "ord_stra": 4, "image_num": 205, "OWT": 4, "trend2": "no trend", "label": "River mouth 1318"}, "geometry": {"type": "Point", "coordinates": [163.97113000024933, 60.81446000042871]}}, {"id": "1280", "type": "Feature", "properties": {"ID": 1319, "width_mean": 97.0, "slope": 9e-06, "uparea": 597.1557300797778, "trend": "no trend", "ave_flux": 0.00106141, "continent": "Asia", "ord_stra": 4, "image_num": 275, "OWT": 4, "trend2": "no trend", "label": "River mouth 1319"}, "geometry": {"type": "Point", "coordinates": [162.10086375287602, 61.59226077436091]}}, {"id": "1281", "type": "Feature", "properties": {"ID": 1320, "width_mean": 97.0, "slope": 0.0, "uparea": 827.2056869963701, "trend": "no trend", "ave_flux": 0.000817154, "continent": "Asia", "ord_stra": 4, "image_num": 217, "OWT": 1, "trend2": "no trend", "label": "River mouth 1320"}, "geometry": {"type": "Point", "coordinates": [163.96177326864262, 60.04809049322099]}}, {"id": "1282", "type": "Feature", "properties": {"ID": 1321, "width_mean": 97.0, "slope": 0.000229, "uparea": 4006.6141813, "trend": "increasing", "ave_flux": 0.00696957, "continent": "Asia", "ord_stra": 4, "image_num": 251, "OWT": 2, "trend2": "increasing", "label": "River mouth 1321"}, "geometry": {"type": "Point", "coordinates": [163.31769999985522, 60.59610999997659]}}, {"id": "1283", "type": "Feature", "properties": {"ID": 1322, "width_mean": 124.0, "slope": 0.0, "uparea": 3187.02347859, "trend": "no trend", "ave_flux": 0.00535434, "continent": "Asia", "ord_stra": 4, "image_num": 219, "OWT": 2, "trend2": "no trend", "label": "River mouth 1322"}, "geometry": {"type": "Point", "coordinates": [163.7778786208826, 60.78155622246581]}}, {"id": "1284", "type": "Feature", "properties": {"ID": 1323, "width_mean": 124.0, "slope": 0.0, "uparea": 488.7170682801641, "trend": "no trend", "ave_flux": 0.00169174, "continent": "Asia", "ord_stra": 4, "image_num": 201, "OWT": 4, "trend2": "no trend", "label": "River mouth 1323"}, "geometry": {"type": "Point", "coordinates": [162.853431059439, 61.82286749220173]}}, {"id": "1285", "type": "Feature", "properties": {"ID": 1324, "width_mean": 228.0, "slope": 0.000299, "uparea": 12770.0898382, "trend": "increasing", "ave_flux": 0.0110177, "continent": "Asia", "ord_stra": 5, "image_num": 260, "OWT": 3, "trend2": "increasing", "label": "River mouth 1324"}, "geometry": {"type": "Point", "coordinates": [163.05310641412012, 62.413575277163886]}}, {"id": "1286", "type": "Feature", "properties": {"ID": 1325, "width_mean": 228.0, "slope": 4.4e-05, "uparea": 5722.30553073, "trend": "no trend", "ave_flux": 0.00909726, "continent": "Asia", "ord_stra": 5, "image_num": 210, "OWT": 2, "trend2": "no trend", "label": "River mouth 1325"}, "geometry": {"type": "Point", "coordinates": [163.38694143447452, 62.60104703067073]}}, {"id": "1287", "type": "Feature", "properties": {"ID": 1326, "width_mean": 271.0, "slope": 0.000456, "uparea": 12606.4382793, "trend": "increasing", "ave_flux": 0.00814115, "continent": "Asia", "ord_stra": 5, "image_num": 213, "OWT": 1, "trend2": "increasing", "label": "River mouth 1326"}, "geometry": {"type": "Point", "coordinates": [165.4895800000171, 60.28740999957188]}}, {"id": "1288", "type": "Feature", "properties": {"ID": 1327, "width_mean": 372.0, "slope": 2e-06, "uparea": 23621.3822948, "trend": "no trend", "ave_flux": 0.0819806, "continent": "Asia", "ord_stra": 7, "image_num": 253, "OWT": 3, "trend2": "no trend", "label": "River mouth 1327"}, "geometry": {"type": "Point", "coordinates": [165.22052769052925, 62.38609087350234]}}, {"id": "1289", "type": "Feature", "properties": {"ID": 1328, "width_mean": 965.0, "slope": 0.001763, "uparea": 72808.3141895, "trend": "increasing", "ave_flux": 0.108314, "continent": "Asia", "ord_stra": 6, "image_num": 300, "OWT": 1, "trend2": "increasing", "label": "River mouth 1328"}, "geometry": {"type": "Point", "coordinates": [165.31477126399088, 62.472675682145194]}}, {"id": "1290", "type": "Feature", "properties": {"ID": 1330, "width_mean": 97.0, "slope": 0.000168, "uparea": 1403.56244633, "trend": "increasing", "ave_flux": 0.00361649, "continent": "Asia", "ord_stra": 4, "image_num": 248, "OWT": 4, "trend2": "increasing", "label": "River mouth 1330"}, "geometry": {"type": "Point", "coordinates": [172.74211219280124, 61.53267988196622]}}, {"id": "1291", "type": "Feature", "properties": {"ID": 1331, "width_mean": 97.0, "slope": -6e-06, "uparea": 378.01619145780916, "trend": "no trend", "ave_flux": 0.00132169, "continent": "Asia", "ord_stra": 4, "image_num": 259, "OWT": 4, "trend2": "decreasing", "label": "River mouth 1331"}, "geometry": {"type": "Point", "coordinates": [173.13410067550726, 61.620725498526724]}}, {"id": "1292", "type": "Feature", "properties": {"ID": 1332, "width_mean": 97.0, "slope": 4.6e-05, "uparea": 4029.7423339, "trend": "no trend", "ave_flux": 0.00523293, "continent": "Asia", "ord_stra": 5, "image_num": 153, "OWT": 1, "trend2": "no trend", "label": "River mouth 1332"}, "geometry": {"type": "Point", "coordinates": [173.97170012479882, 61.876644878013174]}}, {"id": "1293", "type": "Feature", "properties": {"ID": 1333, "width_mean": 228.0, "slope": 0.000498, "uparea": 5839.49128399, "trend": "increasing", "ave_flux": 0.0137697, "continent": "Asia", "ord_stra": 5, "image_num": 273, "OWT": 1, "trend2": "increasing", "label": "River mouth 1333"}, "geometry": {"type": "Point", "coordinates": [173.39456492094556, 61.80418806968387]}}, {"id": "1294", "type": "Feature", "properties": {"ID": 1334, "width_mean": 228.0, "slope": 0.000189, "uparea": 11378.8435017, "trend": "no trend", "ave_flux": 0.0162571, "continent": "Asia", "ord_stra": 5, "image_num": 325, "OWT": 3, "trend2": "increasing", "label": "River mouth 1334"}, "geometry": {"type": "Point", "coordinates": [169.0556900001934, 60.62543000039426]}}, {"id": "1295", "type": "Feature", "properties": {"ID": 1335, "width_mean": 228.0, "slope": 1.4e-05, "uparea": 13136.4575034, "trend": "no trend", "ave_flux": 0.0166512, "continent": "Asia", "ord_stra": 6, "image_num": 188, "OWT": 1, "trend2": "no trend", "label": "River mouth 1335"}, "geometry": {"type": "Point", "coordinates": [169.74772682262264, 60.45739158774823]}}, {"id": "1296", "type": "Feature", "properties": {"ID": 1336, "width_mean": 97.0, "slope": 0.0, "uparea": 487.05532471020587, "trend": "no trend", "ave_flux": 0.000338889, "continent": "Asia", "ord_stra": 4, "image_num": 140, "OWT": 3, "trend2": "no trend", "label": "River mouth 1336"}, "geometry": {"type": "Point", "coordinates": [177.78977000038526, 62.683820000092965]}}, {"id": "1297", "type": "Feature", "properties": {"ID": 1337, "width_mean": 124.0, "slope": 6e-06, "uparea": 847.2023243782443, "trend": "no trend", "ave_flux": 0.00164937, "continent": "Asia", "ord_stra": 4, "image_num": 161, "OWT": 3, "trend2": "no trend", "label": "River mouth 1337"}, "geometry": {"type": "Point", "coordinates": [175.9082100001914, 62.270829999904606]}}, {"id": "1298", "type": "Feature", "properties": {"ID": 1338, "width_mean": 124.0, "slope": 1.3e-05, "uparea": 859.350056099569, "trend": "increasing", "ave_flux": 0.001372, "continent": "Asia", "ord_stra": 4, "image_num": 164, "OWT": 1, "trend2": "increasing", "label": "River mouth 1338"}, "geometry": {"type": "Point", "coordinates": [179.10379545731578, 63.23731496116879]}}, {"id": "1299", "type": "Feature", "properties": {"ID": 1339, "width_mean": 747.0, "slope": 0.000235, "uparea": 13119.6569821, "trend": "no trend", "ave_flux": 0.0181444, "continent": "Asia", "ord_stra": 6, "image_num": 248, "OWT": 1, "trend2": "increasing", "label": "River mouth 1339"}, "geometry": {"type": "Point", "coordinates": [175.29042999984472, 62.09033000022936]}}, {"id": "1300", "type": "Feature", "properties": {"ID": 1340, "width_mean": 1094.0, "slope": 0.00031, "uparea": 8826.57811799, "trend": "increasing", "ave_flux": 0.0122877, "continent": "Asia", "ord_stra": 6, "image_num": 271, "OWT": 1, "trend2": "increasing", "label": "River mouth 1340"}, "geometry": {"type": "Point", "coordinates": [178.2585465050988, 63.954708753848024]}}, {"id": "1301", "type": "Feature", "properties": {"ID": 1341, "width_mean": 2829.0, "slope": 4.6e-05, "uparea": 1948.8793141, "trend": "no trend", "ave_flux": 0.00362694, "continent": "Asia", "ord_stra": 5, "image_num": 301, "OWT": 1, "trend2": "increasing", "label": "River mouth 1341"}, "geometry": {"type": "Point", "coordinates": [176.65395375459926, 62.46777608230231]}}, {"id": "1302", "type": "Feature", "properties": {"ID": 1342, "width_mean": 72.0, "slope": 6e-06, "uparea": 983.3344686950634, "trend": "no trend", "ave_flux": 0.00199083, "continent": "Asia", "ord_stra": 4, "image_num": 113, "OWT": 3, "trend2": "no trend", "label": "River mouth 1342"}, "geometry": {"type": "Point", "coordinates": [-174.40811190842442, 66.26034848111325]}}, {"id": "1303", "type": "Feature", "properties": {"ID": 1343, "width_mean": 72.0, "slope": 7.6e-05, "uparea": 1141.78083177, "trend": "increasing", "ave_flux": 0.00272487, "continent": "Asia", "ord_stra": 4, "image_num": 112, "OWT": 2, "trend2": "increasing", "label": "River mouth 1343"}, "geometry": {"type": "Point", "coordinates": [-174.8462900000834, 66.54339999981022]}}, {"id": "1304", "type": "Feature", "properties": {"ID": 1344, "width_mean": 72.0, "slope": 0.0, "uparea": 1498.37431723, "trend": "no trend", "ave_flux": 0.00522291, "continent": "Asia", "ord_stra": 4, "image_num": 205, "OWT": 4, "trend2": "no trend", "label": "River mouth 1344"}, "geometry": {"type": "Point", "coordinates": [-178.33096921728875, 66.22278645599323]}}, {"id": "1305", "type": "Feature", "properties": {"ID": 1345, "width_mean": 124.0, "slope": 1.6e-05, "uparea": 811.0856753237524, "trend": "no trend", "ave_flux": 0.00219611, "continent": "Asia", "ord_stra": 4, "image_num": 114, "OWT": 2, "trend2": "no trend", "label": "River mouth 1345"}, "geometry": {"type": "Point", "coordinates": [-175.06752618132919, 66.67167719865174]}}, {"id": "1306", "type": "Feature", "properties": {"ID": 1346, "width_mean": 124.0, "slope": 0.000272, "uparea": 2498.45907737, "trend": "increasing", "ave_flux": 0.0129239, "continent": "Asia", "ord_stra": 4, "image_num": 214, "OWT": 4, "trend2": "increasing", "label": "River mouth 1346"}, "geometry": {"type": "Point", "coordinates": [-178.32544999971768, 66.0314399996563]}}, {"id": "1307", "type": "Feature", "properties": {"ID": 1347, "width_mean": 190.0, "slope": -1.7e-05, "uparea": 889.1903563540967, "trend": "no trend", "ave_flux": 0.00227874, "continent": "Asia", "ord_stra": 5, "image_num": 177, "OWT": 3, "trend2": "decreasing", "label": "River mouth 1347"}, "geometry": {"type": "Point", "coordinates": [-178.5932838710247, 66.40932676766269]}}, {"id": "1308", "type": "Feature", "properties": {"ID": 1348, "width_mean": 190.0, "slope": -2.9e-05, "uparea": 733.4990941394557, "trend": "no trend", "ave_flux": 0.00265508, "continent": "Asia", "ord_stra": 4, "image_num": 160, "OWT": 2, "trend2": "decreasing", "label": "River mouth 1348"}, "geometry": {"type": "Point", "coordinates": [-177.64195789719727, 65.49882905132772]}}, {"id": "1309", "type": "Feature", "properties": {"ID": 1349, "width_mean": 190.0, "slope": 4e-05, "uparea": 1916.41893757, "trend": "no trend", "ave_flux": 0.00603164, "continent": "Asia", "ord_stra": 5, "image_num": 117, "OWT": 4, "trend2": "no trend", "label": "River mouth 1349"}, "geometry": {"type": "Point", "coordinates": [-175.7937400002008, 65.25632000016793]}}, {"id": "1310", "type": "Feature", "properties": {"ID": 1350, "width_mean": 319.0, "slope": -0.00061, "uparea": 5467.31865244, "trend": "decreasing", "ave_flux": 0.0193115, "continent": "Asia", "ord_stra": 5, "image_num": 119, "OWT": 1, "trend2": "decreasing", "label": "River mouth 1350"}, "geometry": {"type": "Point", "coordinates": [-176.000095470024, 65.4660582782106]}}, {"id": "1311", "type": "Feature", "properties": {"ID": 1351, "width_mean": 319.0, "slope": -7.7e-05, "uparea": 2869.33583971, "trend": "decreasing", "ave_flux": 0.00544717, "continent": "Asia", "ord_stra": 4, "image_num": 157, "OWT": 1, "trend2": "decreasing", "label": "River mouth 1351"}, "geometry": {"type": "Point", "coordinates": [-175.30272243830134, 67.2949772923292]}}, {"id": "1312", "type": "Feature", "properties": {"ID": 1352, "width_mean": 572.0, "slope": 0.0, "uparea": 1201.51037923, "trend": "no trend", "ave_flux": 0.00577954, "continent": "Asia", "ord_stra": 4, "image_num": 142, "OWT": 2, "trend2": "no trend", "label": "River mouth 1352"}, "geometry": {"type": "Point", "coordinates": [-176.84559452636643, 65.69991573843156]}}, {"id": "1313", "type": "Feature", "properties": {"ID": 1353, "width_mean": 747.0, "slope": 7.2e-05, "uparea": 6273.92214099, "trend": "increasing", "ave_flux": 0.00577311, "continent": "Asia", "ord_stra": 4, "image_num": 144, "OWT": 1, "trend2": "increasing", "label": "River mouth 1353"}, "geometry": {"type": "Point", "coordinates": [-175.4764243912035, 67.50128977012923]}}, {"id": "1314", "type": "Feature", "properties": {"ID": 1354, "width_mean": 850.0, "slope": 0.0, "uparea": 2248.45744081, "trend": "no trend", "ave_flux": 0.00226659, "continent": "Asia", "ord_stra": 5, "image_num": 113, "OWT": 1, "trend2": "no trend", "label": "River mouth 1354"}, "geometry": {"type": "Point", "coordinates": [-174.26416564144014, 64.66843027105523]}}, {"id": "1315", "type": "Feature", "properties": {"ID": 1355, "width_mean": 1237.0, "slope": -4.2e-05, "uparea": 4323.24694135, "trend": "no trend", "ave_flux": 0.00943589, "continent": "Asia", "ord_stra": 5, "image_num": 173, "OWT": 1, "trend2": "no trend", "label": "River mouth 1355"}, "geometry": {"type": "Point", "coordinates": [-176.61256636118006, 67.70298457054848]}}, {"id": "1316", "type": "Feature", "properties": {"ID": 1356, "width_mean": 50.0, "slope": 2.7e-05, "uparea": 1410.1347146, "trend": "increasing", "ave_flux": 0.0022045, "continent": "Asia", "ord_stra": 4, "image_num": 100, "OWT": 3, "trend2": "increasing", "label": "River mouth 1356"}, "geometry": {"type": "Point", "coordinates": [-173.23383686140633, 66.80857538676167]}}, {"id": "1317", "type": "Feature", "properties": {"ID": 1357, "width_mean": 72.0, "slope": 0.000122, "uparea": 3795.35897088, "trend": "no trend", "ave_flux": 0.00640531, "continent": "Asia", "ord_stra": 4, "image_num": 177, "OWT": 1, "trend2": "increasing", "label": "River mouth 1357"}, "geometry": {"type": "Point", "coordinates": [-171.14697999972717, 66.53875000031235]}}, {"id": "1318", "type": "Feature", "properties": {"ID": 1358, "width_mean": 72.0, "slope": -2.5e-05, "uparea": 666.2669605446853, "trend": "decreasing", "ave_flux": 0.000945714, "continent": "Asia", "ord_stra": 4, "image_num": 152, "OWT": 2, "trend2": "decreasing", "label": "River mouth 1358"}, "geometry": {"type": "Point", "coordinates": [-171.80059999989007, 65.5676500004472]}}, {"id": "1319", "type": "Feature", "properties": {"ID": 1359, "width_mean": 319.0, "slope": -0.000178, "uparea": 4924.51937216, "trend": "decreasing", "ave_flux": 0.00874118, "continent": "Asia", "ord_stra": 6, "image_num": 122, "OWT": 1, "trend2": "decreasing", "label": "River mouth 1359"}, "geometry": {"type": "Point", "coordinates": [-173.95935275128886, 66.20004153765095]}}, {"id": "1320", "type": "Feature", "properties": {"ID": 1360, "width_mean": 372.0, "slope": -0.000109, "uparea": 525.1219335251951, "trend": "decreasing", "ave_flux": 0.00341889, "continent": "Asia", "ord_stra": 4, "image_num": 165, "OWT": 1, "trend2": "decreasing", "label": "River mouth 1360"}, "geometry": {"type": "Point", "coordinates": [-172.55034755214444, 64.93920118232826]}}, {"id": "1321", "type": "Feature", "properties": {"ID": 1361, "width_mean": 572.0, "slope": -7e-06, "uparea": 527.5264892702484, "trend": "no trend", "ave_flux": 0.00111309, "continent": "Asia", "ord_stra": 4, "image_num": 180, "OWT": 3, "trend2": "decreasing", "label": "River mouth 1361"}, "geometry": {"type": "Point", "coordinates": [-170.42295000004245, 66.16566000010897]}}, {"id": "1322", "type": "Feature", "properties": {"ID": 1362, "width_mean": 572.0, "slope": 2.9e-05, "uparea": 1126.46478172, "trend": "no trend", "ave_flux": 0.00222954, "continent": "Asia", "ord_stra": 5, "image_num": 181, "OWT": 1, "trend2": "increasing", "label": "River mouth 1362"}, "geometry": {"type": "Point", "coordinates": [-170.57265570096507, 66.23350260439909]}}, {"id": "1323", "type": "Feature", "properties": {"ID": 1363, "width_mean": 4466.0, "slope": 5e-05, "uparea": 1918.4230235, "trend": "no trend", "ave_flux": 0.00338038, "continent": "Asia", "ord_stra": 4, "image_num": 141, "OWT": 1, "trend2": "increasing", "label": "River mouth 1363"}, "geometry": {"type": "Point", "coordinates": [-172.70876953341838, 65.67603352085338]}}, {"id": "1324", "type": "Feature", "properties": {"ID": 1364, "width_mean": 50.0, "slope": 4.8e-05, "uparea": 2226.05060284, "trend": "no trend", "ave_flux": 0.00283789, "continent": "North America", "ord_stra": 5, "image_num": 393, "OWT": 4, "trend2": "increasing", "label": "River mouth 1364"}, "geometry": {"type": "Point", "coordinates": [-164.31791922297876, 67.79287875017226]}}, {"id": "1325", "type": "Feature", "properties": {"ID": 1365, "width_mean": 155.0, "slope": 0.000273, "uparea": 5528.71406432, "trend": "increasing", "ave_flux": 0.0106286, "continent": "North America", "ord_stra": 6, "image_num": 399, "OWT": 3, "trend2": "increasing", "label": "River mouth 1365"}, "geometry": {"type": "Point", "coordinates": [-163.3834850779201, 64.63104092779838]}}, {"id": "1326", "type": "Feature", "properties": {"ID": 1366, "width_mean": 498.0, "slope": 0.001289, "uparea": 32592.1989431, "trend": "increasing", "ave_flux": 0.049589, "continent": "North America", "ord_stra": 5, "image_num": 454, "OWT": 1, "trend2": "increasing", "label": "River mouth 1366"}, "geometry": {"type": "Point", "coordinates": [-162.48119031779237, 67.14273741866612]}}, {"id": "1327", "type": "Feature", "properties": {"ID": 1367, "width_mean": 4466.0, "slope": 0.000628, "uparea": 10774.6143578, "trend": "increasing", "ave_flux": 0.0128145, "continent": "North America", "ord_stra": 5, "image_num": 400, "OWT": 1, "trend2": "increasing", "label": "River mouth 1367"}, "geometry": {"type": "Point", "coordinates": [-166.0013314377667, 65.18351630659623]}}, {"id": "1328", "type": "Feature", "properties": {"ID": 1368, "width_mean": 155.0, "slope": 0.000544, "uparea": 11265.0453182, "trend": "increasing", "ave_flux": 0.0134502, "continent": "North America", "ord_stra": 6, "image_num": 425, "OWT": 2, "trend2": "increasing", "label": "River mouth 1368"}, "geometry": {"type": "Point", "coordinates": [-159.5394758749639, 66.57123440338061]}}, {"id": "1329", "type": "Feature", "properties": {"ID": 1369, "width_mean": 228.0, "slope": -0.000103, "uparea": 4676.23433721, "trend": "no trend", "ave_flux": 0.00932846, "continent": "North America", "ord_stra": 4, "image_num": 420, "OWT": 3, "trend2": "decreasing", "label": "River mouth 1369"}, "geometry": {"type": "Point", "coordinates": [-161.01204740371904, 64.92632795648483]}}, {"id": "1330", "type": "Feature", "properties": {"ID": 1370, "width_mean": 319.0, "slope": 0.001502, "uparea": 30015.8306304, "trend": "increasing", "ave_flux": 0.0833255, "continent": "North America", "ord_stra": 6, "image_num": 446, "OWT": 3, "trend2": "increasing", "label": "River mouth 1370"}, "geometry": {"type": "Point", "coordinates": [-161.16472346432627, 66.72973056230272]}}, {"id": "1331", "type": "Feature", "properties": {"ID": 1371, "width_mean": 319.0, "slope": 0.000281, "uparea": 5989.16524114, "trend": "increasing", "ave_flux": 0.00697689, "continent": "North America", "ord_stra": 5, "image_num": 442, "OWT": 3, "trend2": "increasing", "label": "River mouth 1371"}, "geometry": {"type": "Point", "coordinates": [-161.14550999958678, 66.06084999972774]}}, {"id": "1332", "type": "Feature", "properties": {"ID": 1372, "width_mean": 97.0, "slope": 1e-05, "uparea": 2896.22700238, "trend": "no trend", "ave_flux": 0.00189457, "continent": "North America", "ord_stra": 4, "image_num": 430, "OWT": 1, "trend2": "no trend", "label": "River mouth 1372"}, "geometry": {"type": "Point", "coordinates": [-114.51076999973566, 67.72987999986213]}}, {"id": "1333", "type": "Feature", "properties": {"ID": 1373, "width_mean": 228.0, "slope": 0.000225, "uparea": 9162.78147305, "trend": "increasing", "ave_flux": 0.00831143, "continent": "North America", "ord_stra": 4, "image_num": 519, "OWT": 3, "trend2": "increasing", "label": "River mouth 1373"}, "geometry": {"type": "Point", "coordinates": [-115.96978441830203, 67.91398678190171]}}, {"id": "1334", "type": "Feature", "properties": {"ID": 1374, "width_mean": 319.0, "slope": 8.8e-05, "uparea": 50976.9035942, "trend": "no trend", "ave_flux": 0.0464431, "continent": "North America", "ord_stra": 6, "image_num": 449, "OWT": 1, "trend2": "no trend", "label": "River mouth 1374"}, "geometry": {"type": "Point", "coordinates": [-115.29332724474003, 67.75723671069794]}}, {"id": "1335", "type": "Feature", "properties": {"ID": 1375, "width_mean": 97.0, "slope": 6.5e-05, "uparea": 23845.6354885, "trend": "no trend", "ave_flux": 0.00822706, "continent": "North America", "ord_stra": 6, "image_num": 396, "OWT": 3, "trend2": "no trend", "label": "River mouth 1375"}, "geometry": {"type": "Point", "coordinates": [-108.51231000000644, 66.84853999972125]}}, {"id": "1336", "type": "Feature", "properties": {"ID": 1376, "width_mean": 124.0, "slope": -5.3e-05, "uparea": 13549.7624187, "trend": "no trend", "ave_flux": 0.0079464, "continent": "North America", "ord_stra": 5, "image_num": 456, "OWT": 1, "trend2": "decreasing", "label": "River mouth 1376"}, "geometry": {"type": "Point", "coordinates": [-108.883901946154, 67.33811206520313]}}, {"id": "1337", "type": "Feature", "properties": {"ID": 1377, "width_mean": 850.0, "slope": 2.7e-05, "uparea": 4436.90357294, "trend": "no trend", "ave_flux": 0.00317789, "continent": "North America", "ord_stra": 5, "image_num": 390, "OWT": 1, "trend2": "no trend", "label": "River mouth 1377"}, "geometry": {"type": "Point", "coordinates": [-111.90096999996547, 67.64492000025786]}}, {"id": "1338", "type": "Feature", "properties": {"ID": 1378, "width_mean": 97.0, "slope": 5e-06, "uparea": 1846.82056997, "trend": "no trend", "ave_flux": 0.000819229, "continent": "North America", "ord_stra": 5, "image_num": 368, "OWT": 1, "trend2": "no trend", "label": "River mouth 1378"}, "geometry": {"type": "Point", "coordinates": [-105.19503305567032, 67.95476289969751]}}, {"id": "1339", "type": "Feature", "properties": {"ID": 1379, "width_mean": 97.0, "slope": 0.0, "uparea": 704.3069062185045, "trend": "no trend", "ave_flux": 0.000394875, "continent": "North America", "ord_stra": 4, "image_num": 366, "OWT": 1, "trend2": "no trend", "label": "River mouth 1379"}, "geometry": {"type": "Point", "coordinates": [-102.74453333072113, 67.7416001082951]}}, {"id": "1340", "type": "Feature", "properties": {"ID": 1380, "width_mean": 97.0, "slope": 5.5e-05, "uparea": 3025.21684889, "trend": "increasing", "ave_flux": 0.00227031, "continent": "North America", "ord_stra": 4, "image_num": 364, "OWT": 1, "trend2": "increasing", "label": "River mouth 1380"}, "geometry": {"type": "Point", "coordinates": [-103.03472999988952, 67.72788000026185]}}, {"id": "1341", "type": "Feature", "properties": {"ID": 1381, "width_mean": 124.0, "slope": 2.2e-05, "uparea": 3369.9547033, "trend": "increasing", "ave_flux": 0.00205686, "continent": "North America", "ord_stra": 5, "image_num": 504, "OWT": 3, "trend2": "increasing", "label": "River mouth 1381"}, "geometry": {"type": "Point", "coordinates": [-107.00607000033023, 67.1425099998367]}}, {"id": "1342", "type": "Feature", "properties": {"ID": 1382, "width_mean": 155.0, "slope": 0.0, "uparea": 965.785077506384, "trend": "no trend", "ave_flux": 0.000716171, "continent": "North America", "ord_stra": 4, "image_num": 394, "OWT": 3, "trend2": "no trend", "label": "River mouth 1382"}, "geometry": {"type": "Point", "coordinates": [-102.16248333923537, 67.58308572980229]}}, {"id": "1343", "type": "Feature", "properties": {"ID": 1383, "width_mean": 190.0, "slope": 2.7e-05, "uparea": 2610.72428335, "trend": "no trend", "ave_flux": 0.00209877, "continent": "North America", "ord_stra": 4, "image_num": 452, "OWT": 1, "trend2": "no trend", "label": "River mouth 1383"}, "geometry": {"type": "Point", "coordinates": [-103.44176000042364, 67.73697999992709]}}, {"id": "1344", "type": "Feature", "properties": {"ID": 1384, "width_mean": 228.0, "slope": 1.9e-05, "uparea": 2932.73413028, "trend": "no trend", "ave_flux": 0.00292831, "continent": "North America", "ord_stra": 4, "image_num": 496, "OWT": 3, "trend2": "no trend", "label": "River mouth 1384"}, "geometry": {"type": "Point", "coordinates": [-107.02646110673751, 66.25572076509017]}}, {"id": "1345", "type": "Feature", "properties": {"ID": 1385, "width_mean": 271.0, "slope": 1e-05, "uparea": 1244.96074609, "trend": "no trend", "ave_flux": 0.000863143, "continent": "North America", "ord_stra": 4, "image_num": 405, "OWT": 3, "trend2": "increasing", "label": "River mouth 1385"}, "geometry": {"type": "Point", "coordinates": [-107.03655276015978, 66.74355537897861]}}, {"id": "1346", "type": "Feature", "properties": {"ID": 1386, "width_mean": 372.0, "slope": 0.0, "uparea": 1113.99618776, "trend": "no trend", "ave_flux": 0.000794029, "continent": "North America", "ord_stra": 4, "image_num": 423, "OWT": 3, "trend2": "no trend", "label": "River mouth 1386"}, "geometry": {"type": "Point", "coordinates": [-107.6374031854339, 66.49618867556353]}}, {"id": "1347", "type": "Feature", "properties": {"ID": 1387, "width_mean": 124.0, "slope": 1.5e-05, "uparea": 605.897947234846, "trend": "no trend", "ave_flux": 0.000766571, "continent": "North America", "ord_stra": 4, "image_num": 425, "OWT": 3, "trend2": "no trend", "label": "River mouth 1387"}, "geometry": {"type": "Point", "coordinates": [-99.20171574771925, 67.67394063718575]}}, {"id": "1348", "type": "Feature", "properties": {"ID": 1388, "width_mean": 155.0, "slope": 2.8e-05, "uparea": 2843.91495805, "trend": "no trend", "ave_flux": 0.0018536, "continent": "North America", "ord_stra": 4, "image_num": 316, "OWT": 1, "trend2": "increasing", "label": "River mouth 1388"}, "geometry": {"type": "Point", "coordinates": [-101.50645000006739, 67.63295000044224]}}, {"id": "1349", "type": "Feature", "properties": {"ID": 1389, "width_mean": 155.0, "slope": 9.7e-05, "uparea": 5652.40039755, "trend": "increasing", "ave_flux": 0.00424583, "continent": "North America", "ord_stra": 4, "image_num": 403, "OWT": 1, "trend2": "increasing", "label": "River mouth 1389"}, "geometry": {"type": "Point", "coordinates": [-100.54655396811583, 67.67465161081803]}}, {"id": "1350", "type": "Feature", "properties": {"ID": 1390, "width_mean": 155.0, "slope": 2e-05, "uparea": 1582.77917211, "trend": "no trend", "ave_flux": 0.00172149, "continent": "North America", "ord_stra": 4, "image_num": 312, "OWT": 3, "trend2": "no trend", "label": "River mouth 1390"}, "geometry": {"type": "Point", "coordinates": [-101.24417664970203, 67.6547295950235]}}, {"id": "1351", "type": "Feature", "properties": {"ID": 1391, "width_mean": 155.0, "slope": 8e-06, "uparea": 3771.72014195, "trend": "no trend", "ave_flux": 0.00323786, "continent": "North America", "ord_stra": 4, "image_num": 378, "OWT": 1, "trend2": "no trend", "label": "River mouth 1391"}, "geometry": {"type": "Point", "coordinates": [-98.44335791495628, 67.70781718225405]}}, {"id": "1352", "type": "Feature", "properties": {"ID": 1392, "width_mean": 228.0, "slope": 2e-05, "uparea": 950.3168779956106, "trend": "increasing", "ave_flux": 0.000768029, "continent": "North America", "ord_stra": 4, "image_num": 372, "OWT": 3, "trend2": "increasing", "label": "River mouth 1392"}, "geometry": {"type": "Point", "coordinates": [-97.73077527530133, 67.53591279494071]}}, {"id": "1353", "type": "Feature", "properties": {"ID": 1393, "width_mean": 271.0, "slope": 0.0, "uparea": 2318.81584261, "trend": "no trend", "ave_flux": 0.00189771, "continent": "North America", "ord_stra": 4, "image_num": 355, "OWT": 1, "trend2": "no trend", "label": "River mouth 1393"}, "geometry": {"type": "Point", "coordinates": [-101.08400697468963, 67.66972095602316]}}, {"id": "1354", "type": "Feature", "properties": {"ID": 1394, "width_mean": 319.0, "slope": 0.0, "uparea": 3275.41281782, "trend": "no trend", "ave_flux": 0.00349714, "continent": "North America", "ord_stra": 4, "image_num": 425, "OWT": 1, "trend2": "no trend", "label": "River mouth 1394"}, "geometry": {"type": "Point", "coordinates": [-97.34094752660107, 67.60050379080603]}}, {"id": "1355", "type": "Feature", "properties": {"ID": 1395, "width_mean": 655.0, "slope": 1e-05, "uparea": 2334.82049758, "trend": "no trend", "ave_flux": 0.00176286, "continent": "North America", "ord_stra": 4, "image_num": 353, "OWT": 1, "trend2": "no trend", "label": "River mouth 1395"}, "geometry": {"type": "Point", "coordinates": [-96.5811651132251, 67.47434661702118]}}, {"id": "1356", "type": "Feature", "properties": {"ID": 1396, "width_mean": 228.0, "slope": 0.000215, "uparea": 22360.6448272, "trend": "no trend", "ave_flux": 0.0214834, "continent": "North America", "ord_stra": 6, "image_num": 347, "OWT": 1, "trend2": "no trend", "label": "River mouth 1396"}, "geometry": {"type": "Point", "coordinates": [-95.06723892669798, 67.15326482758289]}}, {"id": "1357", "type": "Feature", "properties": {"ID": 1397, "width_mean": 319.0, "slope": 0.005175, "uparea": 240058.075595, "trend": "increasing", "ave_flux": 0.216163, "continent": "North America", "ord_stra": 4, "image_num": 550, "OWT": 1, "trend2": "increasing", "label": "River mouth 1397"}, "geometry": {"type": "Point", "coordinates": [-93.93343227872359, 64.03267431814353]}}, {"id": "1358", "type": "Feature", "properties": {"ID": 1398, "width_mean": 850.0, "slope": 9.5e-05, "uparea": 29715.2971863, "trend": "no trend", "ave_flux": 0.0217752, "continent": "North America", "ord_stra": 6, "image_num": 492, "OWT": 1, "trend2": "no trend", "label": "River mouth 1398"}, "geometry": {"type": "Point", "coordinates": [-93.8465100003362, 64.22190000038478]}}, {"id": "1359", "type": "Feature", "properties": {"ID": 1399, "width_mean": 1996.0, "slope": 3.8e-05, "uparea": 2509.94486624, "trend": "no trend", "ave_flux": 0.004757, "continent": "North America", "ord_stra": 4, "image_num": 445, "OWT": 4, "trend2": "no trend", "label": "River mouth 1399"}, "geometry": {"type": "Point", "coordinates": [-91.69655312694827, 65.99491656070848]}}, {"id": "1360", "type": "Feature", "properties": {"ID": 1400, "width_mean": 2829.0, "slope": -0.000289, "uparea": 107312.024417, "trend": "no trend", "ave_flux": 0.0378271, "continent": "North America", "ord_stra": 6, "image_num": 382, "OWT": 1, "trend2": "decreasing", "label": "River mouth 1400"}, "geometry": {"type": "Point", "coordinates": [-95.3464555967689, 66.94094599246492]}}, {"id": "1361", "type": "Feature", "properties": {"ID": 1401, "width_mean": 155.0, "slope": 4e-05, "uparea": 2950.89561884, "trend": "no trend", "ave_flux": 0.00408571, "continent": "North America", "ord_stra": 4, "image_num": 421, "OWT": 4, "trend2": "no trend", "label": "River mouth 1401"}, "geometry": {"type": "Point", "coordinates": [-87.95328757995838, 64.55978048817445]}}, {"id": "1362", "type": "Feature", "properties": {"ID": 1402, "width_mean": 228.0, "slope": 9.7e-05, "uparea": 6422.28029941, "trend": "no trend", "ave_flux": 0.0105215, "continent": "North America", "ord_stra": 5, "image_num": 303, "OWT": 4, "trend2": "no trend", "label": "River mouth 1402"}, "geometry": {"type": "Point", "coordinates": [-86.88397744715985, 66.33642363895473]}}, {"id": "1363", "type": "Feature", "properties": {"ID": 1403, "width_mean": 50.0, "slope": 6.7e-05, "uparea": 3172.12780654, "trend": "no trend", "ave_flux": 0.00483429, "continent": "North America", "ord_stra": 5, "image_num": 335, "OWT": 4, "trend2": "increasing", "label": "River mouth 1403"}, "geometry": {"type": "Point", "coordinates": [-83.44583036806651, 64.15661569494462]}}, {"id": "1364", "type": "Feature", "properties": {"ID": 1404, "width_mean": 72.0, "slope": 0.000212, "uparea": 4435.35201746, "trend": "increasing", "ave_flux": 0.00660789, "continent": "North America", "ord_stra": 4, "image_num": 290, "OWT": 4, "trend2": "increasing", "label": "River mouth 1404"}, "geometry": {"type": "Point", "coordinates": [-81.41876507597138, 67.31958375887304]}}, {"id": "1365", "type": "Feature", "properties": {"ID": 1405, "width_mean": 97.0, "slope": 2e-05, "uparea": 1824.62871474, "trend": "no trend", "ave_flux": 0.00350571, "continent": "North America", "ord_stra": 4, "image_num": 379, "OWT": 2, "trend2": "no trend", "label": "River mouth 1405"}, "geometry": {"type": "Point", "coordinates": [-82.86651512088376, 64.16771839732857]}}, {"id": "1366", "type": "Feature", "properties": {"ID": 1406, "width_mean": 498.0, "slope": 0.00091, "uparea": 21784.0167112, "trend": "increasing", "ave_flux": 0.0329435, "continent": "North America", "ord_stra": 4, "image_num": 345, "OWT": 1, "trend2": "increasing", "label": "River mouth 1406"}, "geometry": {"type": "Point", "coordinates": [-72.19753449874112, 67.56765354606154]}}, {"id": "1367", "type": "Feature", "properties": {"ID": 1407, "width_mean": 572.0, "slope": 2.4e-05, "uparea": 2382.65392226, "trend": "no trend", "ave_flux": 0.0031388, "continent": "North America", "ord_stra": 4, "image_num": 355, "OWT": 3, "trend2": "no trend", "label": "River mouth 1407"}, "geometry": {"type": "Point", "coordinates": [-73.93236999957577, 65.43437000017542]}}, {"id": "1368", "type": "Feature", "properties": {"ID": 1408, "width_mean": 1996.0, "slope": -3.6e-05, "uparea": 55481.1830733, "trend": "no trend", "ave_flux": 0.0451331, "continent": "North America", "ord_stra": 4, "image_num": 270, "OWT": 1, "trend2": "no trend", "label": "River mouth 1408"}, "geometry": {"type": "Point", "coordinates": [-72.78512615453926, 66.6958127831442]}}, {"id": "1369", "type": "Feature", "properties": {"ID": 1409, "width_mean": 97.0, "slope": 1.2e-05, "uparea": 999.8590984029056, "trend": "no trend", "ave_flux": 0.00171251, "continent": "North America", "ord_stra": 4, "image_num": 204, "OWT": 1, "trend2": "no trend", "label": "River mouth 1409"}, "geometry": {"type": "Point", "coordinates": [-66.84820000002992, 67.86995999985419]}}, {"id": "1370", "type": "Feature", "properties": {"ID": 1410, "width_mean": 271.0, "slope": 0.000195, "uparea": 3659.89699353, "trend": "increasing", "ave_flux": 0.0109971, "continent": "North America", "ord_stra": 5, "image_num": 289, "OWT": 3, "trend2": "increasing", "label": "River mouth 1410"}, "geometry": {"type": "Point", "coordinates": [-66.31368120243899, 66.46536598424424]}}, {"id": "1371", "type": "Feature", "properties": {"ID": 1411, "width_mean": 319.0, "slope": 0.000129, "uparea": 4475.91307681, "trend": "no trend", "ave_flux": 0.0110539, "continent": "North America", "ord_stra": 5, "image_num": 261, "OWT": 3, "trend2": "increasing", "label": "River mouth 1411"}, "geometry": {"type": "Point", "coordinates": [-67.47740006835119, 66.69780815034467]}}, {"id": "1372", "type": "Feature", "properties": {"ID": 1412, "width_mean": 1237.0, "slope": 0.000239, "uparea": 12546.117493, "trend": "no trend", "ave_flux": 0.0332257, "continent": "North America", "ord_stra": 4, "image_num": 318, "OWT": 1, "trend2": "no trend", "label": "River mouth 1412"}, "geometry": {"type": "Point", "coordinates": [-68.00249556679822, 65.49007151461683]}}, {"id": "1373", "type": "Feature", "properties": {"ID": 1413, "width_mean": 97.0, "slope": 8e-06, "uparea": 342.46260882300516, "trend": "no trend", "ave_flux": 0.0005084, "continent": "North America", "ord_stra": 4, "image_num": 286, "OWT": 1, "trend2": "no trend", "label": "River mouth 1413"}, "geometry": {"type": "Point", "coordinates": [-64.02523000036416, 66.74418999986864]}}, {"id": "1374", "type": "Feature", "properties": {"ID": 1414, "width_mean": 1237.0, "slope": 5.7e-05, "uparea": 1027.87371318, "trend": "increasing", "ave_flux": 0.00266452, "continent": "North America", "ord_stra": 4, "image_num": 340, "OWT": 1, "trend2": "increasing", "label": "River mouth 1414"}, "geometry": {"type": "Point", "coordinates": [-65.5414984899894, 66.27990491682893]}}, {"id": "1375", "type": "Feature", "properties": {"ID": 1415, "width_mean": 50.0, "slope": 3.3e-05, "uparea": 2136.77933836, "trend": "no trend", "ave_flux": 0.0130513, "continent": "Europe", "ord_stra": 5, "image_num": 539, "OWT": 4, "trend2": "no trend", "label": "River mouth 1415"}, "geometry": {"type": "Point", "coordinates": [11.571898641566449, 64.00694139289801]}}, {"id": "1376", "type": "Feature", "properties": {"ID": 1416, "width_mean": 271.0, "slope": 2.6e-05, "uparea": 6130.02950066, "trend": "no trend", "ave_flux": 0.0373019, "continent": "Europe", "ord_stra": 6, "image_num": 572, "OWT": 1, "trend2": "no trend", "label": "River mouth 1416"}, "geometry": {"type": "Point", "coordinates": [11.612932386371462, 64.4777789852082]}}, {"id": "1377", "type": "Feature", "properties": {"ID": 1417, "width_mean": 1996.0, "slope": -0.000539, "uparea": 1363.67874437, "trend": "decreasing", "ave_flux": 0.0120172, "continent": "Europe", "ord_stra": 4, "image_num": 585, "OWT": 1, "trend2": "decreasing", "label": "River mouth 1417"}, "geometry": {"type": "Point", "coordinates": [11.635829999654788, 64.08271000006653]}}, {"id": "1378", "type": "Feature", "properties": {"ID": 1418, "width_mean": 72.0, "slope": -2.7e-05, "uparea": 1425.9411367, "trend": "no trend", "ave_flux": 0.00622169, "continent": "Europe", "ord_stra": 5, "image_num": 401, "OWT": 1, "trend2": "no trend", "label": "River mouth 1418"}, "geometry": {"type": "Point", "coordinates": [15.38858000026687, 67.06151000028632]}}, {"id": "1379", "type": "Feature", "properties": {"ID": 1419, "width_mean": 498.0, "slope": 0.000129, "uparea": 4045.87070949, "trend": "no trend", "ave_flux": 0.0229971, "continent": "Europe", "ord_stra": 5, "image_num": 540, "OWT": 1, "trend2": "no trend", "label": "River mouth 1419"}, "geometry": {"type": "Point", "coordinates": [13.174437836681653, 65.8498668148824]}}, {"id": "1380", "type": "Feature", "properties": {"ID": 1420, "width_mean": 498.0, "slope": 7.9e-05, "uparea": 1102.45238053, "trend": "increasing", "ave_flux": 0.00783143, "continent": "Europe", "ord_stra": 4, "image_num": 499, "OWT": 1, "trend2": "increasing", "label": "River mouth 1420"}, "geometry": {"type": "Point", "coordinates": [14.418186880180873, 67.08347950020809]}}, {"id": "1381", "type": "Feature", "properties": {"ID": 1421, "width_mean": 572.0, "slope": 0.000555, "uparea": 3814.46525584, "trend": "no trend", "ave_flux": 0.0282257, "continent": "Europe", "ord_stra": 4, "image_num": 461, "OWT": 1, "trend2": "increasing", "label": "River mouth 1421"}, "geometry": {"type": "Point", "coordinates": [14.00847999985217, 66.39678999995857]}}, {"id": "1382", "type": "Feature", "properties": {"ID": 1422, "width_mean": 965.0, "slope": -3.3e-05, "uparea": 1801.21550064, "trend": "no trend", "ave_flux": 0.0120057, "continent": "Europe", "ord_stra": 5, "image_num": 539, "OWT": 1, "trend2": "no trend", "label": "River mouth 1422"}, "geometry": {"type": "Point", "coordinates": [13.814210000091464, 66.08830000024489]}}, {"id": "1383", "type": "Feature", "properties": {"ID": 1423, "width_mean": 1996.0, "slope": 2.9e-05, "uparea": 1668.50561347, "trend": "no trend", "ave_flux": 0.0047888, "continent": "Europe", "ord_stra": 5, "image_num": 426, "OWT": 1, "trend2": "no trend", "label": "River mouth 1423"}, "geometry": {"type": "Point", "coordinates": [16.967523267092773, 67.54105582622347]}}, {"id": "1384", "type": "Feature", "properties": {"ID": 1424, "width_mean": 72.0, "slope": 2e-05, "uparea": 1341.43000808, "trend": "no trend", "ave_flux": 0.00180857, "continent": "Europe", "ord_stra": 4, "image_num": 673, "OWT": 3, "trend2": "no trend", "label": "River mouth 1424"}, "geometry": {"type": "Point", "coordinates": [21.33467902502138, 65.0342265777127]}}, {"id": "1385", "type": "Feature", "properties": {"ID": 1425, "width_mean": 97.0, "slope": 8.1e-05, "uparea": 3625.29038653, "trend": "no trend", "ave_flux": 0.00988571, "continent": "Europe", "ord_stra": 4, "image_num": 678, "OWT": 2, "trend2": "no trend", "label": "River mouth 1425"}, "geometry": {"type": "Point", "coordinates": [21.12308319527566, 64.9692127393029]}}, {"id": "1386", "type": "Feature", "properties": {"ID": 1426, "width_mean": 124.0, "slope": -2.9e-05, "uparea": 4067.39581264, "trend": "no trend", "ave_flux": 0.00466857, "continent": "Europe", "ord_stra": 4, "image_num": 668, "OWT": 2, "trend2": "no trend", "label": "River mouth 1426"}, "geometry": {"type": "Point", "coordinates": [23.95258456412543, 64.25102799018569]}}, {"id": "1387", "type": "Feature", "properties": {"ID": 1427, "width_mean": 190.0, "slope": -2.8e-05, "uparea": 11416.0855131, "trend": "no trend", "ave_flux": 0.0240057, "continent": "Europe", "ord_stra": 5, "image_num": 739, "OWT": 3, "trend2": "no trend", "label": "River mouth 1427"}, "geometry": {"type": "Point", "coordinates": [21.015865986917763, 64.74209412324487]}}, {"id": "1388", "type": "Feature", "properties": {"ID": 1428, "width_mean": 432.0, "slope": 9e-06, "uparea": 4154.42688215, "trend": "no trend", "ave_flux": 0.0081648, "continent": "Europe", "ord_stra": 5, "image_num": 622, "OWT": 2, "trend2": "no trend", "label": "River mouth 1428"}, "geometry": {"type": "Point", "coordinates": [22.260330000329304, 65.86321000014146]}}, {"id": "1389", "type": "Feature", "properties": {"ID": 1429, "width_mean": 572.0, "slope": -0.000189, "uparea": 24664.9559561, "trend": "no trend", "ave_flux": 0.0541775, "continent": "Europe", "ord_stra": 4, "image_num": 623, "OWT": 3, "trend2": "no trend", "label": "River mouth 1429"}, "geometry": {"type": "Point", "coordinates": [21.850002071173193, 65.66505897772781]}}, {"id": "1390", "type": "Feature", "properties": {"ID": 1430, "width_mean": 572.0, "slope": 9e-06, "uparea": 17715.8812146, "trend": "no trend", "ave_flux": 0.0244257, "continent": "Europe", "ord_stra": 6, "image_num": 621, "OWT": 3, "trend2": "no trend", "label": "River mouth 1430"}, "geometry": {"type": "Point", "coordinates": [23.046641363976637, 65.87461882310397]}}, {"id": "1391", "type": "Feature", "properties": {"ID": 1431, "width_mean": 1094.0, "slope": 6e-06, "uparea": 12269.6314801, "trend": "no trend", "ave_flux": 0.0123579, "continent": "Europe", "ord_stra": 4, "image_num": 627, "OWT": 1, "trend2": "no trend", "label": "River mouth 1431"}, "geometry": {"type": "Point", "coordinates": [21.47207000013043, 65.27709999976526]}}, {"id": "1392", "type": "Feature", "properties": {"ID": 1432, "width_mean": 50.0, "slope": 4.5e-05, "uparea": 4203.88560545, "trend": "no trend", "ave_flux": 0.00563714, "continent": "Europe", "ord_stra": 4, "image_num": 655, "OWT": 2, "trend2": "no trend", "label": "River mouth 1432"}, "geometry": {"type": "Point", "coordinates": [24.809073976209344, 64.802678436062]}}, {"id": "1393", "type": "Feature", "properties": {"ID": 1433, "width_mean": 72.0, "slope": 0.000142, "uparea": 3183.37482354, "trend": "increasing", "ave_flux": 0.0051552, "continent": "Europe", "ord_stra": 4, "image_num": 732, "OWT": 2, "trend2": "increasing", "label": "River mouth 1433"}, "geometry": {"type": "Point", "coordinates": [24.39914666202314, 64.36066201520345]}}, {"id": "1394", "type": "Feature", "properties": {"ID": 1434, "width_mean": 97.0, "slope": -1.1e-05, "uparea": 3693.83583359, "trend": "no trend", "ave_flux": 0.00569571, "continent": "Europe", "ord_stra": 4, "image_num": 635, "OWT": 2, "trend2": "no trend", "label": "River mouth 1434"}, "geometry": {"type": "Point", "coordinates": [25.419681975225053, 65.19077401763563]}}, {"id": "1395", "type": "Feature", "properties": {"ID": 1435, "width_mean": 124.0, "slope": 4.5e-05, "uparea": 2956.55468958, "trend": "no trend", "ave_flux": 0.00362289, "continent": "Europe", "ord_stra": 4, "image_num": 603, "OWT": 2, "trend2": "increasing", "label": "River mouth 1435"}, "geometry": {"type": "Point", "coordinates": [25.096599999990076, 65.67239999986015]}}, {"id": "1396", "type": "Feature", "properties": {"ID": 1436, "width_mean": 228.0, "slope": 2.7e-05, "uparea": 22338.0708576, "trend": "no trend", "ave_flux": 0.02948, "continent": "Europe", "ord_stra": 6, "image_num": 667, "OWT": 2, "trend2": "no trend", "label": "River mouth 1436"}, "geometry": {"type": "Point", "coordinates": [25.57733929955838, 64.99154385694753]}}, {"id": "1397", "type": "Feature", "properties": {"ID": 1437, "width_mean": 372.0, "slope": 2.7e-05, "uparea": 13822.1108948, "trend": "no trend", "ave_flux": 0.0155873, "continent": "Europe", "ord_stra": 6, "image_num": 697, "OWT": 2, "trend2": "no trend", "label": "River mouth 1437"}, "geometry": {"type": "Point", "coordinates": [25.479924957017563, 65.32373483381026]}}, {"id": "1398", "type": "Feature", "properties": {"ID": 1438, "width_mean": 572.0, "slope": 1.9e-05, "uparea": 50567.8606629, "trend": "no trend", "ave_flux": 0.0979029, "continent": "Europe", "ord_stra": 6, "image_num": 636, "OWT": 1, "trend2": "no trend", "label": "River mouth 1438"}, "geometry": {"type": "Point", "coordinates": [24.53757741689312, 65.78618681210023]}}, {"id": "1399", "type": "Feature", "properties": {"ID": 1439, "width_mean": 655.0, "slope": 0.000786, "uparea": 39687.4917481, "trend": "no trend", "ave_flux": 0.0937171, "continent": "Europe", "ord_stra": 6, "image_num": 664, "OWT": 3, "trend2": "no trend", "label": "River mouth 1439"}, "geometry": {"type": "Point", "coordinates": [24.11532171105019, 65.90242756489764]}}, {"id": "1400", "type": "Feature", "properties": {"ID": 1440, "width_mean": 50.0, "slope": 0.0, "uparea": 853.8738083020213, "trend": "no trend", "ave_flux": 0.0015946, "continent": "Europe", "ord_stra": 4, "image_num": 536, "OWT": 4, "trend2": "no trend", "label": "River mouth 1440"}, "geometry": {"type": "Point", "coordinates": [34.28025802366586, 65.32114021457187]}}, {"id": "1401", "type": "Feature", "properties": {"ID": 1441, "width_mean": 50.0, "slope": 1.2e-05, "uparea": 644.9736741660192, "trend": "no trend", "ave_flux": 0.000925714, "continent": "Europe", "ord_stra": 4, "image_num": 424, "OWT": 4, "trend2": "no trend", "label": "River mouth 1441"}, "geometry": {"type": "Point", "coordinates": [34.39618203765362, 65.13374329913394]}}, {"id": "1402", "type": "Feature", "properties": {"ID": 1442, "width_mean": 50.0, "slope": 0.0, "uparea": 889.7450769407995, "trend": "no trend", "ave_flux": 0.00174286, "continent": "Europe", "ord_stra": 4, "image_num": 492, "OWT": 2, "trend2": "no trend", "label": "River mouth 1442"}, "geometry": {"type": "Point", "coordinates": [34.21243795625563, 65.37866873622909]}}, {"id": "1403", "type": "Feature", "properties": {"ID": 1443, "width_mean": 124.0, "slope": 0.0, "uparea": 1731.86255814, "trend": "no trend", "ave_flux": 0.00391143, "continent": "Europe", "ord_stra": 4, "image_num": 562, "OWT": 2, "trend2": "no trend", "label": "River mouth 1443"}, "geometry": {"type": "Point", "coordinates": [35.36423000021438, 64.16790999994657]}}, {"id": "1404", "type": "Feature", "properties": {"ID": 1445, "width_mean": 190.0, "slope": 5e-06, "uparea": 1040.12896087, "trend": "no trend", "ave_flux": 0.00186871, "continent": "Europe", "ord_stra": 4, "image_num": 553, "OWT": 2, "trend2": "no trend", "label": "River mouth 1445"}, "geometry": {"type": "Point", "coordinates": [34.315157261312834, 65.43577250139181]}}, {"id": "1405", "type": "Feature", "properties": {"ID": 1446, "width_mean": 271.0, "slope": -4e-06, "uparea": 5566.679463, "trend": "no trend", "ave_flux": 0.00825354, "continent": "Europe", "ord_stra": 5, "image_num": 522, "OWT": 1, "trend2": "no trend", "label": "River mouth 1446"}, "geometry": {"type": "Point", "coordinates": [34.30459186892499, 66.71966639190775]}}, {"id": "1406", "type": "Feature", "properties": {"ID": 1447, "width_mean": 319.0, "slope": -0.001894, "uparea": 28583.0853436, "trend": "decreasing", "ave_flux": 0.0435623, "continent": "Europe", "ord_stra": 6, "image_num": 608, "OWT": 1, "trend2": "decreasing", "label": "River mouth 1447"}, "geometry": {"type": "Point", "coordinates": [34.49706299262655, 64.93219797908213]}}, {"id": "1407", "type": "Feature", "properties": {"ID": 1448, "width_mean": 498.0, "slope": -0.000288, "uparea": 2804.9694947, "trend": "decreasing", "ave_flux": 0.00630237, "continent": "Europe", "ord_stra": 4, "image_num": 519, "OWT": 1, "trend2": "decreasing", "label": "River mouth 1448"}, "geometry": {"type": "Point", "coordinates": [33.54757210608542, 66.26809478663674]}}, {"id": "1408", "type": "Feature", "properties": {"ID": 1449, "width_mean": 655.0, "slope": -0.001479, "uparea": 23523.6671419, "trend": "decreasing", "ave_flux": 0.0434738, "continent": "Europe", "ord_stra": 6, "image_num": 649, "OWT": 1, "trend2": "decreasing", "label": "River mouth 1449"}, "geometry": {"type": "Point", "coordinates": [34.47186738702181, 64.34685375957078]}}, {"id": "1409", "type": "Feature", "properties": {"ID": 1450, "width_mean": 850.0, "slope": 8e-06, "uparea": 1181.90667487, "trend": "no trend", "ave_flux": 0.00329714, "continent": "Europe", "ord_stra": 4, "image_num": 516, "OWT": 1, "trend2": "no trend", "label": "River mouth 1450"}, "geometry": {"type": "Point", "coordinates": [32.96349918065187, 67.08451633783902]}}, {"id": "1410", "type": "Feature", "properties": {"ID": 1451, "width_mean": 1397.0, "slope": -0.000115, "uparea": 12559.4165645, "trend": "no trend", "ave_flux": 0.0267155, "continent": "Europe", "ord_stra": 5, "image_num": 537, "OWT": 1, "trend2": "no trend", "label": "River mouth 1451"}, "geometry": {"type": "Point", "coordinates": [32.45188000036177, 67.21282000014293]}}, {"id": "1411", "type": "Feature", "properties": {"ID": 1453, "width_mean": 50.0, "slope": -9.3e-05, "uparea": 893.6900274440509, "trend": "decreasing", "ave_flux": 0.00267817, "continent": "Europe", "ord_stra": 4, "image_num": 627, "OWT": 2, "trend2": "decreasing", "label": "River mouth 1453"}, "geometry": {"type": "Point", "coordinates": [39.30781000023137, 64.36254000012099]}}, {"id": "1412", "type": "Feature", "properties": {"ID": 1454, "width_mean": 50.0, "slope": 0.0, "uparea": 975.1823820518456, "trend": "no trend", "ave_flux": 0.00175326, "continent": "Europe", "ord_stra": 4, "image_num": 517, "OWT": 2, "trend2": "no trend", "label": "River mouth 1454"}, "geometry": {"type": "Point", "coordinates": [40.347799999670315, 65.68155999959436]}}, {"id": "1413", "type": "Feature", "properties": {"ID": 1455, "width_mean": 72.0, "slope": 0.0, "uparea": 1028.70998421, "trend": "no trend", "ave_flux": 0.00182286, "continent": "Europe", "ord_stra": 4, "image_num": 525, "OWT": 3, "trend2": "no trend", "label": "River mouth 1455"}, "geometry": {"type": "Point", "coordinates": [41.93279999992012, 66.21490000003502]}}, {"id": "1414", "type": "Feature", "properties": {"ID": 1456, "width_mean": 72.0, "slope": -0.000287, "uparea": 2530.33614628, "trend": "decreasing", "ave_flux": 0.00599309, "continent": "Europe", "ord_stra": 4, "image_num": 595, "OWT": 3, "trend2": "decreasing", "label": "River mouth 1456"}, "geometry": {"type": "Point", "coordinates": [38.52228051478515, 66.11700943282779]}}, {"id": "1415", "type": "Feature", "properties": {"ID": 1457, "width_mean": 97.0, "slope": -0.00052, "uparea": 5655.04315032, "trend": "decreasing", "ave_flux": 0.0119, "continent": "Europe", "ord_stra": 5, "image_num": 272, "OWT": 4, "trend2": "decreasing", "label": "River mouth 1457"}, "geometry": {"type": "Point", "coordinates": [39.70330571249057, 67.9741874994139]}}, {"id": "1416", "type": "Feature", "properties": {"ID": 1458, "width_mean": 97.0, "slope": 2.5e-05, "uparea": 1914.4754332, "trend": "no trend", "ave_flux": 0.00372, "continent": "Europe", "ord_stra": 4, "image_num": 549, "OWT": 3, "trend2": "no trend", "label": "River mouth 1458"}, "geometry": {"type": "Point", "coordinates": [41.70094894575955, 66.07148710018616]}}, {"id": "1417", "type": "Feature", "properties": {"ID": 1459, "width_mean": 124.0, "slope": 0.0, "uparea": 856.7884162954599, "trend": "no trend", "ave_flux": 0.00163769, "continent": "Europe", "ord_stra": 4, "image_num": 460, "OWT": 2, "trend2": "no trend", "label": "River mouth 1459"}, "geometry": {"type": "Point", "coordinates": [41.18278450107445, 66.01936284818053]}}, {"id": "1418", "type": "Feature", "properties": {"ID": 1460, "width_mean": 190.0, "slope": 2.3e-05, "uparea": 8074.61596932, "trend": "no trend", "ave_flux": 0.0158114, "continent": "Europe", "ord_stra": 5, "image_num": 454, "OWT": 3, "trend2": "no trend", "label": "River mouth 1460"}, "geometry": {"type": "Point", "coordinates": [36.741404345067195, 66.32357027581776]}}, {"id": "1419", "type": "Feature", "properties": {"ID": 1462, "width_mean": 271.0, "slope": -5e-06, "uparea": 15512.4537783, "trend": "no trend", "ave_flux": 0.0166661, "continent": "Europe", "ord_stra": 4, "image_num": 493, "OWT": 1, "trend2": "no trend", "label": "River mouth 1462"}, "geometry": {"type": "Point", "coordinates": [41.083430000094495, 67.10679000015841]}}, {"id": "1420", "type": "Feature", "properties": {"ID": 1463, "width_mean": 432.0, "slope": 0.0, "uparea": 984.6861116340281, "trend": "no trend", "ave_flux": 0.00206286, "continent": "Europe", "ord_stra": 4, "image_num": 521, "OWT": 3, "trend2": "no trend", "label": "River mouth 1463"}, "geometry": {"type": "Point", "coordinates": [37.79952000044773, 66.21685999958936]}}, {"id": "1421", "type": "Feature", "properties": {"ID": 1464, "width_mean": 498.0, "slope": 3e-05, "uparea": 2607.64153908, "trend": "no trend", "ave_flux": 0.00454857, "continent": "Europe", "ord_stra": 4, "image_num": 590, "OWT": 3, "trend2": "no trend", "label": "River mouth 1464"}, "geometry": {"type": "Point", "coordinates": [40.58305538870797, 64.70285179534821]}}, {"id": "1422", "type": "Feature", "properties": {"ID": 1466, "width_mean": 1996.0, "slope": -0.033344, "uparea": 352938.876326, "trend": "decreasing", "ave_flux": 0.810677, "continent": "Europe", "ord_stra": 4, "image_num": 538, "OWT": 3, "trend2": "decreasing", "label": "River mouth 1466"}, "geometry": {"type": "Point", "coordinates": [40.15250617991491, 64.5591459747756]}}, {"id": "1423", "type": "Feature", "properties": {"ID": 1467, "width_mean": 72.0, "slope": 1.3e-05, "uparea": 775.6752824141969, "trend": "no trend", "ave_flux": 0.00220857, "continent": "Europe", "ord_stra": 4, "image_num": 278, "OWT": 3, "trend2": "no trend", "label": "River mouth 1467"}, "geometry": {"type": "Point", "coordinates": [47.88184597710214, 67.11356808614677]}}, {"id": "1424", "type": "Feature", "properties": {"ID": 1468, "width_mean": 97.0, "slope": 5.7e-05, "uparea": 1270.46602162, "trend": "no trend", "ave_flux": 0.00384286, "continent": "Europe", "ord_stra": 4, "image_num": 392, "OWT": 2, "trend2": "no trend", "label": "River mouth 1468"}, "geometry": {"type": "Point", "coordinates": [46.95346647386266, 66.78764487107097]}}, {"id": "1425", "type": "Feature", "properties": {"ID": 1469, "width_mean": 124.0, "slope": 0.000106, "uparea": 4495.62029377, "trend": "no trend", "ave_flux": 0.0109629, "continent": "Europe", "ord_stra": 4, "image_num": 407, "OWT": 3, "trend2": "no trend", "label": "River mouth 1469"}, "geometry": {"type": "Point", "coordinates": [46.46190999964682, 66.72204000004604]}}, {"id": "1426", "type": "Feature", "properties": {"ID": 1470, "width_mean": 124.0, "slope": -2.9e-05, "uparea": 2932.34492562, "trend": "no trend", "ave_flux": 0.00896571, "continent": "Europe", "ord_stra": 4, "image_num": 376, "OWT": 3, "trend2": "no trend", "label": "River mouth 1470"}, "geometry": {"type": "Point", "coordinates": [45.953445353778534, 66.77758520567053]}}, {"id": "1427", "type": "Feature", "properties": {"ID": 1471, "width_mean": 124.0, "slope": 3e-06, "uparea": 545.0735163320438, "trend": "no trend", "ave_flux": 0.000690743, "continent": "Europe", "ord_stra": 4, "image_num": 262, "OWT": 1, "trend2": "no trend", "label": "River mouth 1471"}, "geometry": {"type": "Point", "coordinates": [47.911570341334894, 67.35138810770479]}}, {"id": "1428", "type": "Feature", "properties": {"ID": 1472, "width_mean": 228.0, "slope": 0.0, "uparea": 4018.49685885, "trend": "no trend", "ave_flux": 0.0108286, "continent": "Europe", "ord_stra": 5, "image_num": 376, "OWT": 3, "trend2": "no trend", "label": "River mouth 1472"}, "geometry": {"type": "Point", "coordinates": [47.69430805289127, 66.81847924368257]}}, {"id": "1429", "type": "Feature", "properties": {"ID": 1473, "width_mean": 1575.0, "slope": 0.000138, "uparea": 12246.6383671, "trend": "no trend", "ave_flux": 0.0273171, "continent": "Europe", "ord_stra": 5, "image_num": 490, "OWT": 3, "trend2": "no trend", "label": "River mouth 1473"}, "geometry": {"type": "Point", "coordinates": [43.47760019987068, 65.9464616485487]}}, {"id": "1430", "type": "Feature", "properties": {"ID": 1474, "width_mean": 2520.0, "slope": -0.003095, "uparea": 74940.8491021, "trend": "decreasing", "ave_flux": 0.232328, "continent": "Europe", "ord_stra": 7, "image_num": 602, "OWT": 3, "trend2": "decreasing", "label": "River mouth 1474"}, "geometry": {"type": "Point", "coordinates": [44.14080999978171, 65.91470000040476]}}, {"id": "1431", "type": "Feature", "properties": {"ID": 1475, "width_mean": 50.0, "slope": 0.0, "uparea": 1083.98766926, "trend": "no trend", "ave_flux": 0.00167671, "continent": "Europe", "ord_stra": 4, "image_num": 269, "OWT": 2, "trend2": "no trend", "label": "River mouth 1475"}, "geometry": {"type": "Point", "coordinates": [50.33676000027384, 67.97584000011597]}}, {"id": "1432", "type": "Feature", "properties": {"ID": 1478, "width_mean": 2244.0, "slope": -8.2e-05, "uparea": 2984.96609889, "trend": "decreasing", "ave_flux": 0.00358608, "continent": "Europe", "ord_stra": 4, "image_num": 330, "OWT": 1, "trend2": "decreasing", "label": "River mouth 1478"}, "geometry": {"type": "Point", "coordinates": [48.885083768531054, 67.68329373521486]}}, {"id": "1433", "type": "Feature", "properties": {"ID": 1479, "width_mean": 50.0, "slope": 0.0, "uparea": 787.7733381019972, "trend": "no trend", "ave_flux": 0.00174129, "continent": "Europe", "ord_stra": 4, "image_num": 324, "OWT": 2, "trend2": "no trend", "label": "River mouth 1479"}, "geometry": {"type": "Point", "coordinates": [54.68643101453942, 67.95425727496303]}}, {"id": "1434", "type": "Feature", "properties": {"ID": 1480, "width_mean": 50.0, "slope": 3e-06, "uparea": 790.5245888390172, "trend": "no trend", "ave_flux": 0.000877143, "continent": "Asia", "ord_stra": 4, "image_num": 267, "OWT": 2, "trend2": "no trend", "label": "River mouth 1480"}, "geometry": {"type": "Point", "coordinates": [71.92796000005404, 67.55330999975672]}}, {"id": "1435", "type": "Feature", "properties": {"ID": 1481, "width_mean": 72.0, "slope": 4.4e-05, "uparea": 2363.79840448, "trend": "no trend", "ave_flux": 0.00357077, "continent": "Asia", "ord_stra": 4, "image_num": 333, "OWT": 2, "trend2": "no trend", "label": "River mouth 1481"}, "geometry": {"type": "Point", "coordinates": [71.67077122156434, 67.08077771231335]}}, {"id": "1436", "type": "Feature", "properties": {"ID": 1483, "width_mean": 155.0, "slope": 3.1e-05, "uparea": 8896.0786199, "trend": "no trend", "ave_flux": 0.00947429, "continent": "Asia", "ord_stra": 5, "image_num": 408, "OWT": 3, "trend2": "no trend", "label": "River mouth 1483"}, "geometry": {"type": "Point", "coordinates": [71.87829999964532, 65.95881000028135]}}, {"id": "1437", "type": "Feature", "properties": {"ID": 1484, "width_mean": 1237.0, "slope": -6e-05, "uparea": 1735.98974594, "trend": "decreasing", "ave_flux": 0.00173931, "continent": "Asia", "ord_stra": 4, "image_num": 340, "OWT": 3, "trend2": "decreasing", "label": "River mouth 1484"}, "geometry": {"type": "Point", "coordinates": [70.78550293803687, 66.77104390275436]}}, {"id": "1438", "type": "Feature", "properties": {"ID": 1485, "width_mean": 3174.0, "slope": -0.01382, "uparea": 2520130.49675, "trend": "decreasing", "ave_flux": 2.74867, "continent": "Asia", "ord_stra": 4, "image_num": 540, "OWT": 1, "trend2": "decreasing", "label": "River mouth 1485"}, "geometry": {"type": "Point", "coordinates": [69.07949726739446, 66.74054994011091]}}, {"id": "1439", "type": "Feature", "properties": {"ID": 1486, "width_mean": 3987.0, "slope": -2.5e-05, "uparea": 4112.11151614, "trend": "no trend", "ave_flux": 0.00389074, "continent": "Asia", "ord_stra": 9, "image_num": 468, "OWT": 1, "trend2": "decreasing", "label": "River mouth 1486"}, "geometry": {"type": "Point", "coordinates": [69.95069565891495, 66.77684287410193]}}, {"id": "1440", "type": "Feature", "properties": {"ID": 1487, "width_mean": 5000.0, "slope": -0.004359, "uparea": 2520130.49675, "trend": "no trend", "ave_flux": 1.44129, "continent": "Asia", "ord_stra": 5, "image_num": 402, "OWT": 1, "trend2": "no trend", "label": "River mouth 1487"}, "geometry": {"type": "Point", "coordinates": [68.67092507758488, 66.83716560893022]}}, {"id": "1441", "type": "Feature", "properties": {"ID": 1488, "width_mean": 50.0, "slope": 7e-06, "uparea": 790.5245888390172, "trend": "no trend", "ave_flux": 0.000884, "continent": "Asia", "ord_stra": 4, "image_num": 290, "OWT": 2, "trend2": "no trend", "label": "River mouth 1488"}, "geometry": {"type": "Point", "coordinates": [72.23841999978322, 67.39961999986315]}}, {"id": "1442", "type": "Feature", "properties": {"ID": 1489, "width_mean": 72.0, "slope": 0.0, "uparea": 1025.84684591, "trend": "no trend", "ave_flux": 0.000759429, "continent": "Asia", "ord_stra": 4, "image_num": 318, "OWT": 2, "trend2": "no trend", "label": "River mouth 1489"}, "geometry": {"type": "Point", "coordinates": [77.0886699998207, 67.85866999992061]}}, {"id": "1443", "type": "Feature", "properties": {"ID": 1491, "width_mean": 190.0, "slope": 2.4e-05, "uparea": 2136.33125139, "trend": "increasing", "ave_flux": 0.00143509, "continent": "Asia", "ord_stra": 4, "image_num": 387, "OWT": 3, "trend2": "increasing", "label": "River mouth 1491"}, "geometry": {"type": "Point", "coordinates": [72.3118300000545, 66.11443000014447]}}, {"id": "1444", "type": "Feature", "properties": {"ID": 1492, "width_mean": 190.0, "slope": 2.1e-05, "uparea": 5650.82913662, "trend": "no trend", "ave_flux": 0.00520066, "continent": "Asia", "ord_stra": 5, "image_num": 140, "OWT": 3, "trend2": "no trend", "label": "River mouth 1492"}, "geometry": {"type": "Point", "coordinates": [73.35001486239995, 66.61126095369038]}}, {"id": "1445", "type": "Feature", "properties": {"ID": 1493, "width_mean": 372.0, "slope": -8e-05, "uparea": 48536.38245, "trend": "no trend", "ave_flux": 0.0455807, "continent": "Asia", "ord_stra": 6, "image_num": 212, "OWT": 3, "trend2": "no trend", "label": "River mouth 1493"}, "geometry": {"type": "Point", "coordinates": [72.29972228702638, 65.87960853278689]}}, {"id": "1446", "type": "Feature", "properties": {"ID": 1494, "width_mean": 1996.0, "slope": 0.0002, "uparea": 102347.232135, "trend": "no trend", "ave_flux": 0.0818451, "continent": "Asia", "ord_stra": 4, "image_num": 393, "OWT": 1, "trend2": "no trend", "label": "River mouth 1494"}, "geometry": {"type": "Point", "coordinates": [77.70252561517611, 67.45730148278761]}}, {"id": "1447", "type": "Feature", "properties": {"ID": 1495, "width_mean": 155.0, "slope": 0.000159, "uparea": 24456.6312143, "trend": "no trend", "ave_flux": 0.0363857, "continent": "Asia", "ord_stra": 4, "image_num": 333, "OWT": 3, "trend2": "no trend", "label": "River mouth 1495"}, "geometry": {"type": "Point", "coordinates": [78.1431900002184, 67.70918000035681]}}, {"id": "1448", "type": "Feature", "properties": {"ID": 1496, "width_mean": 572.0, "slope": 0.000521, "uparea": 135829.283394, "trend": "no trend", "ave_flux": 0.0776117, "continent": "Asia", "ord_stra": 4, "image_num": 363, "OWT": 3, "trend2": "no trend", "label": "River mouth 1496"}, "geometry": {"type": "Point", "coordinates": [79.38827473941089, 67.24193145621157]}}, {"id": "1449", "type": "Feature", "properties": {"ID": 1497, "width_mean": 655.0, "slope": 4e-06, "uparea": 1996.58820392, "trend": "no trend", "ave_flux": 0.00181629, "continent": "Asia", "ord_stra": 4, "image_num": 347, "OWT": 3, "trend2": "no trend", "label": "River mouth 1497"}, "geometry": {"type": "Point", "coordinates": [78.92364444256125, 67.5850193890139]}}, {"id": "1450", "type": "Feature", "properties": {"ID": 1498, "width_mean": 747.0, "slope": 0.000839, "uparea": 136440.862932, "trend": "no trend", "ave_flux": 0.135479, "continent": "Asia", "ord_stra": 4, "image_num": 321, "OWT": 3, "trend2": "no trend", "label": "River mouth 1498"}, "geometry": {"type": "Point", "coordinates": [79.14107773044542, 67.32312968778346]}}, {"id": "1451", "type": "Feature", "properties": {"ID": 1499, "width_mean": 1575.0, "slope": 1.7e-05, "uparea": 1590.92187256, "trend": "no trend", "ave_flux": 0.0011672, "continent": "Asia", "ord_stra": 4, "image_num": 336, "OWT": 3, "trend2": "increasing", "label": "River mouth 1499"}, "geometry": {"type": "Point", "coordinates": [79.09467119202372, 67.51655508837582]}}, {"id": "1452", "type": "Feature", "properties": {"ID": 1500, "width_mean": 97.0, "slope": 3e-05, "uparea": 2363.17803722, "trend": "no trend", "ave_flux": 0.00380434, "continent": "Asia", "ord_stra": 4, "image_num": 317, "OWT": 3, "trend2": "no trend", "label": "River mouth 1500"}, "geometry": {"type": "Point", "coordinates": [177.60351000038622, 64.98026000039874]}}, {"id": "1453", "type": "Feature", "properties": {"ID": 1501, "width_mean": 124.0, "slope": -1.4e-05, "uparea": 1393.23857721, "trend": "no trend", "ave_flux": 0.00213459, "continent": "Asia", "ord_stra": 4, "image_num": 317, "OWT": 3, "trend2": "decreasing", "label": "River mouth 1501"}, "geometry": {"type": "Point", "coordinates": [177.6900900000535, 64.86184000011599]}}, {"id": "1454", "type": "Feature", "properties": {"ID": 1502, "width_mean": 124.0, "slope": -3e-05, "uparea": 1106.12914822, "trend": "decreasing", "ave_flux": 0.00165309, "continent": "Asia", "ord_stra": 4, "image_num": 247, "OWT": 3, "trend2": "decreasing", "label": "River mouth 1502"}, "geometry": {"type": "Point", "coordinates": [177.63290495359408, 64.29012583999946]}}, {"id": "1455", "type": "Feature", "properties": {"ID": 1503, "width_mean": 1237.0, "slope": 0.000352, "uparea": 28484.5478144, "trend": "increasing", "ave_flux": 0.022868, "continent": "Asia", "ord_stra": 6, "image_num": 238, "OWT": 1, "trend2": "increasing", "label": "River mouth 1503"}, "geometry": {"type": "Point", "coordinates": [176.08200205544023, 64.45533852660436]}}, {"id": "1456", "type": "Feature", "properties": {"ID": 1504, "width_mean": 2244.0, "slope": 0.000982, "uparea": 190408.782401, "trend": "no trend", "ave_flux": 0.219904, "continent": "Asia", "ord_stra": 4, "image_num": 345, "OWT": 1, "trend2": "no trend", "label": "River mouth 1504"}, "geometry": {"type": "Point", "coordinates": [175.9372907386474, 64.8273882909559]}}, {"id": "1457", "type": "Feature", "properties": {"ID": 1505, "width_mean": 3558.0, "slope": 0.000142, "uparea": 93302.5066554, "trend": "increasing", "ave_flux": 0.0119062, "continent": "Asia", "ord_stra": 6, "image_num": 297, "OWT": 1, "trend2": "increasing", "label": "River mouth 1505"}, "geometry": {"type": "Point", "coordinates": [176.45984628245185, 65.12285478130033]}}, {"id": "1458", "type": "Feature", "properties": {"ID": 1506, "width_mean": 50.0, "slope": 0.0, "uparea": 41842.6718288, "trend": "no trend", "ave_flux": 0.000258154, "continent": "Asia", "ord_stra": 4, "image_num": 76, "OWT": 4, "trend2": "no trend", "label": "River mouth 1506"}, "geometry": {"type": "Point", "coordinates": [-179.69867000032022, 71.49195000039225]}}, {"id": "1459", "type": "Feature", "properties": {"ID": 1507, "width_mean": 72.0, "slope": 2e-05, "uparea": 564.0651730195434, "trend": "increasing", "ave_flux": 0.000399579, "continent": "Asia", "ord_stra": 4, "image_num": 84, "OWT": 4, "trend2": "increasing", "label": "River mouth 1507"}, "geometry": {"type": "Point", "coordinates": [-179.51065999965923, 71.50583000015445]}}, {"id": "1460", "type": "Feature", "properties": {"ID": 1508, "width_mean": 72.0, "slope": 3.2e-05, "uparea": 543.2181061155402, "trend": "increasing", "ave_flux": 0.000497105, "continent": "Asia", "ord_stra": 4, "image_num": 84, "OWT": 4, "trend2": "increasing", "label": "River mouth 1508"}, "geometry": {"type": "Point", "coordinates": [-177.85608880795016, 71.08227135853771]}}, {"id": "1461", "type": "Feature", "properties": {"ID": 1509, "width_mean": 72.0, "slope": 1.7e-05, "uparea": 329.05788707760695, "trend": "no trend", "ave_flux": 0.000806714, "continent": "Asia", "ord_stra": 4, "image_num": 199, "OWT": 3, "trend2": "no trend", "label": "River mouth 1509"}, "geometry": {"type": "Point", "coordinates": [-178.74342999979464, 68.4952399998262]}}, {"id": "1462", "type": "Feature", "properties": {"ID": 1510, "width_mean": 190.0, "slope": 0.0, "uparea": 329.05788707760695, "trend": "no trend", "ave_flux": 0.000774594, "continent": "Asia", "ord_stra": 4, "image_num": 198, "OWT": 4, "trend2": "no trend", "label": "River mouth 1510"}, "geometry": {"type": "Point", "coordinates": [-178.77045191106578, 68.56318350340123]}}, {"id": "1463", "type": "Feature", "properties": {"ID": 1511, "width_mean": 190.0, "slope": -1.5e-05, "uparea": 463.5403010419449, "trend": "no trend", "ave_flux": 0.000697778, "continent": "Asia", "ord_stra": 4, "image_num": 199, "OWT": 2, "trend2": "decreasing", "label": "River mouth 1511"}, "geometry": {"type": "Point", "coordinates": [-177.9499400003307, 68.20155999959434]}}, {"id": "1464", "type": "Feature", "properties": {"ID": 1512, "width_mean": 271.0, "slope": -0.000584, "uparea": 128564.788373, "trend": "decreasing", "ave_flux": 0.0170698, "continent": "Asia", "ord_stra": 4, "image_num": 205, "OWT": 2, "trend2": "decreasing", "label": "River mouth 1512"}, "geometry": {"type": "Point", "coordinates": [-178.98213823456103, 68.71756816795727]}}, {"id": "1465", "type": "Feature", "properties": {"ID": 1513, "width_mean": 372.0, "slope": 2.9e-05, "uparea": 2087.72329001, "trend": "no trend", "ave_flux": 0.00932741, "continent": "Asia", "ord_stra": 4, "image_num": 282, "OWT": 4, "trend2": "no trend", "label": "River mouth 1513"}, "geometry": {"type": "Point", "coordinates": [-178.48487819502682, 68.36684852623348]}}, {"id": "1466", "type": "Feature", "properties": {"ID": 1514, "width_mean": 1774.0, "slope": -0.00044, "uparea": 487910.677699, "trend": "no trend", "ave_flux": 0.0794268, "continent": "Asia", "ord_stra": 4, "image_num": 214, "OWT": 1, "trend2": "decreasing", "label": "River mouth 1514"}, "geometry": {"type": "Point", "coordinates": [-177.63742464306256, 68.21145461906386]}}, {"id": "1467", "type": "Feature", "properties": {"ID": 1515, "width_mean": 50.0, "slope": 4.6e-05, "uparea": 1049.99180611, "trend": "increasing", "ave_flux": 0.00113878, "continent": "North America", "ord_stra": 4, "image_num": 357, "OWT": 2, "trend2": "increasing", "label": "River mouth 1515"}, "geometry": {"type": "Point", "coordinates": [-162.59022980363156, 69.51922255787129]}}, {"id": "1468", "type": "Feature", "properties": {"ID": 1516, "width_mean": 50.0, "slope": 0.000153, "uparea": 4403.68685454, "trend": "increasing", "ave_flux": 0.00689491, "continent": "North America", "ord_stra": 5, "image_num": 330, "OWT": 3, "trend2": "increasing", "label": "River mouth 1516"}, "geometry": {"type": "Point", "coordinates": [-162.75368950487558, 69.49728270836447]}}, {"id": "1469", "type": "Feature", "properties": {"ID": 1517, "width_mean": 72.0, "slope": 0.000186, "uparea": 5698.30520176, "trend": "increasing", "ave_flux": 0.00689834, "continent": "North America", "ord_stra": 4, "image_num": 328, "OWT": 3, "trend2": "increasing", "label": "River mouth 1517"}, "geometry": {"type": "Point", "coordinates": [-162.8524200000829, 69.75693000041923]}}, {"id": "1470", "type": "Feature", "properties": {"ID": 1518, "width_mean": 97.0, "slope": 0.000151, "uparea": 5407.72594801, "trend": "increasing", "ave_flux": 0.00591103, "continent": "North America", "ord_stra": 5, "image_num": 361, "OWT": 3, "trend2": "increasing", "label": "River mouth 1518"}, "geometry": {"type": "Point", "coordinates": [-165.97969908114095, 68.40707368467055]}}, {"id": "1471", "type": "Feature", "properties": {"ID": 1519, "width_mean": 155.0, "slope": 0.000218, "uparea": 7221.09827719, "trend": "increasing", "ave_flux": 0.00695466, "continent": "North America", "ord_stra": 4, "image_num": 286, "OWT": 2, "trend2": "increasing", "label": "River mouth 1519"}, "geometry": {"type": "Point", "coordinates": [-162.23675310661875, 70.03159576098193]}}, {"id": "1472", "type": "Feature", "properties": {"ID": 1520, "width_mean": 190.0, "slope": 1e-05, "uparea": 1455.63150877, "trend": "no trend", "ave_flux": 0.000802057, "continent": "North America", "ord_stra": 4, "image_num": 323, "OWT": 3, "trend2": "increasing", "label": "River mouth 1520"}, "geometry": {"type": "Point", "coordinates": [-156.60619205766417, 70.88805509698075]}}, {"id": "1473", "type": "Feature", "properties": {"ID": 1521, "width_mean": 3174.0, "slope": 4.4e-05, "uparea": 8940.40354268, "trend": "increasing", "ave_flux": 0.00219694, "continent": "North America", "ord_stra": 4, "image_num": 300, "OWT": 1, "trend2": "increasing", "label": "River mouth 1521"}, "geometry": {"type": "Point", "coordinates": [-159.9784903507841, 70.60224216907784]}}, {"id": "1474", "type": "Feature", "properties": {"ID": 1522, "width_mean": 124.0, "slope": 6e-06, "uparea": 3759.11120971, "trend": "no trend", "ave_flux": 0.000946719, "continent": "North America", "ord_stra": 4, "image_num": 245, "OWT": 3, "trend2": "no trend", "label": "River mouth 1522"}, "geometry": {"type": "Point", "coordinates": [-154.4250599998191, 70.75094000008102]}}, {"id": "1475", "type": "Feature", "properties": {"ID": 1523, "width_mean": 271.0, "slope": 0.000109, "uparea": 13480.1117011, "trend": "increasing", "ave_flux": 0.00337491, "continent": "North America", "ord_stra": 4, "image_num": 315, "OWT": 3, "trend2": "increasing", "label": "River mouth 1523"}, "geometry": {"type": "Point", "coordinates": [-155.3213749377624, 70.81068636983997]}}, {"id": "1476", "type": "Feature", "properties": {"ID": 1524, "width_mean": 747.0, "slope": 0.002595, "uparea": 53977.4857163, "trend": "increasing", "ave_flux": 0.0607391, "continent": "North America", "ord_stra": 6, "image_num": 349, "OWT": 1, "trend2": "increasing", "label": "River mouth 1524"}, "geometry": {"type": "Point", "coordinates": [-150.90538980042678, 70.17899946783939]}}, {"id": "1477", "type": "Feature", "properties": {"ID": 1525, "width_mean": 97.0, "slope": 0.000148, "uparea": 8303.65478922, "trend": "no trend", "ave_flux": 0.0101045, "continent": "North America", "ord_stra": 5, "image_num": 352, "OWT": 2, "trend2": "no trend", "label": "River mouth 1525"}, "geometry": {"type": "Point", "coordinates": [-148.98433999979113, 70.28716000043374]}}, {"id": "1478", "type": "Feature", "properties": {"ID": 1526, "width_mean": 97.0, "slope": 0.001044, "uparea": 12439.4874796, "trend": "increasing", "ave_flux": 0.0276238, "continent": "North America", "ord_stra": 4, "image_num": 375, "OWT": 3, "trend2": "increasing", "label": "River mouth 1526"}, "geometry": {"type": "Point", "coordinates": [-148.21357948676962, 70.11193778742222]}}, {"id": "1479", "type": "Feature", "properties": {"ID": 1527, "width_mean": 124.0, "slope": 0.00013, "uparea": 3999.68250111, "trend": "increasing", "ave_flux": 0.0068096, "continent": "North America", "ord_stra": 5, "image_num": 378, "OWT": 3, "trend2": "increasing", "label": "River mouth 1527"}, "geometry": {"type": "Point", "coordinates": [-147.27885000002746, 70.09596999971575]}}, {"id": "1480", "type": "Feature", "properties": {"ID": 1528, "width_mean": 124.0, "slope": 0.000177, "uparea": 1821.9463178, "trend": "increasing", "ave_flux": 0.0069396, "continent": "North America", "ord_stra": 4, "image_num": 459, "OWT": 4, "trend2": "increasing", "label": "River mouth 1528"}, "geometry": {"type": "Point", "coordinates": [-144.16251999959826, 69.7649400001809]}}, {"id": "1481", "type": "Feature", "properties": {"ID": 1529, "width_mean": 271.0, "slope": 0.000501, "uparea": 5091.41211999, "trend": "increasing", "ave_flux": 0.0128604, "continent": "North America", "ord_stra": 4, "image_num": 301, "OWT": 4, "trend2": "increasing", "label": "River mouth 1529"}, "geometry": {"type": "Point", "coordinates": [-146.0611952929484, 70.04263571023546]}}, {"id": "1482", "type": "Feature", "properties": {"ID": 1530, "width_mean": 72.0, "slope": 5.7e-05, "uparea": 890.1379284004223, "trend": "increasing", "ave_flux": 0.00271131, "continent": "North America", "ord_stra": 4, "image_num": 422, "OWT": 4, "trend2": "increasing", "label": "River mouth 1530"}, "geometry": {"type": "Point", "coordinates": [-143.8149200003577, 69.75425999959936]}}, {"id": "1483", "type": "Feature", "properties": {"ID": 1531, "width_mean": 97.0, "slope": 9.4e-05, "uparea": 1144.89391944, "trend": "increasing", "ave_flux": 0.00461014, "continent": "North America", "ord_stra": 4, "image_num": 395, "OWT": 4, "trend2": "increasing", "label": "River mouth 1531"}, "geometry": {"type": "Point", "coordinates": [-143.45117000009537, 69.775040000096]}}, {"id": "1484", "type": "Feature", "properties": {"ID": 1532, "width_mean": 97.0, "slope": 6.4e-05, "uparea": 5520.2442345, "trend": "no trend", "ave_flux": 0.00473497, "continent": "North America", "ord_stra": 5, "image_num": 422, "OWT": 4, "trend2": "increasing", "label": "River mouth 1532"}, "geometry": {"type": "Point", "coordinates": [-139.6357696134065, 69.27837906367301]}}, {"id": "1485", "type": "Feature", "properties": {"ID": 1533, "width_mean": 124.0, "slope": 3.2e-05, "uparea": 1251.61883512, "trend": "increasing", "ave_flux": 0.00242043, "continent": "North America", "ord_stra": 4, "image_num": 436, "OWT": 4, "trend2": "increasing", "label": "River mouth 1533"}, "geometry": {"type": "Point", "coordinates": [-142.38745120099375, 69.64934598589146]}}, {"id": "1486", "type": "Feature", "properties": {"ID": 1534, "width_mean": 155.0, "slope": 0.000114, "uparea": 1529.79849767, "trend": "increasing", "ave_flux": 0.00506169, "continent": "North America", "ord_stra": 4, "image_num": 420, "OWT": 4, "trend2": "increasing", "label": "River mouth 1534"}, "geometry": {"type": "Point", "coordinates": [-142.77932000011788, 69.67248999961384]}}, {"id": "1487", "type": "Feature", "properties": {"ID": 1535, "width_mean": 850.0, "slope": 0.00024, "uparea": 3881.28638105, "trend": "increasing", "ave_flux": 0.0112859, "continent": "North America", "ord_stra": 4, "image_num": 364, "OWT": 4, "trend2": "increasing", "label": "River mouth 1535"}, "geometry": {"type": "Point", "coordinates": [-141.83205137598497, 69.68061037511588]}}, {"id": "1488", "type": "Feature", "properties": {"ID": 1536, "width_mean": 1575.0, "slope": 0.014322, "uparea": 1780676.949, "trend": "increasing", "ave_flux": 3.21552, "continent": "North America", "ord_stra": 9, "image_num": 671, "OWT": 1, "trend2": "increasing", "label": "River mouth 1536"}, "geometry": {"type": "Point", "coordinates": [-134.7088839564724, 68.89335236950764]}}, {"id": "1489", "type": "Feature", "properties": {"ID": 1537, "width_mean": 155.0, "slope": 0.000395, "uparea": 26350.3270156, "trend": "no trend", "ave_flux": 0.0353371, "continent": "North America", "ord_stra": 5, "image_num": 697, "OWT": 3, "trend2": "increasing", "label": "River mouth 1537"}, "geometry": {"type": "Point", "coordinates": [-126.93626194622094, 69.84484980952044]}}, {"id": "1490", "type": "Feature", "properties": {"ID": 1538, "width_mean": 228.0, "slope": 0.0008, "uparea": 61973.9955592, "trend": "increasing", "ave_flux": 0.0454771, "continent": "North America", "ord_stra": 7, "image_num": 620, "OWT": 3, "trend2": "increasing", "label": "River mouth 1538"}, "geometry": {"type": "Point", "coordinates": [-128.29914688131458, 69.40314938255125]}}, {"id": "1491", "type": "Feature", "properties": {"ID": 1539, "width_mean": 124.0, "slope": 0.000367, "uparea": 14091.0127015, "trend": "increasing", "ave_flux": 0.0143771, "continent": "North America", "ord_stra": 5, "image_num": 271, "OWT": 3, "trend2": "increasing", "label": "River mouth 1539"}, "geometry": {"type": "Point", "coordinates": [-123.50735415364355, 69.21842084915583]}}, {"id": "1492", "type": "Feature", "properties": {"ID": 1540, "width_mean": 50.0, "slope": -2.3e-05, "uparea": 4459.92079817, "trend": "no trend", "ave_flux": 0.00291659, "continent": "North America", "ord_stra": 4, "image_num": 38, "OWT": 4, "trend2": "decreasing", "label": "River mouth 1540"}, "geometry": {"type": "Point", "coordinates": [-116.45609299506455, 69.6969296789546]}}, {"id": "1493", "type": "Feature", "properties": {"ID": 1541, "width_mean": 498.0, "slope": 2.1e-05, "uparea": 14816.7875448, "trend": "no trend", "ave_flux": 0.00591429, "continent": "North America", "ord_stra": 5, "image_num": 436, "OWT": 1, "trend2": "no trend", "label": "River mouth 1541"}, "geometry": {"type": "Point", "coordinates": [-116.48322098380368, 71.16045366575483]}}, {"id": "1494", "type": "Feature", "properties": {"ID": 1542, "width_mean": 747.0, "slope": 5e-06, "uparea": 704.8823669456146, "trend": "no trend", "ave_flux": 0.000737143, "continent": "North America", "ord_stra": 4, "image_num": 366, "OWT": 3, "trend2": "no trend", "label": "River mouth 1542"}, "geometry": {"type": "Point", "coordinates": [-116.21481373313947, 71.55745206015025]}}, {"id": "1495", "type": "Feature", "properties": {"ID": 1543, "width_mean": 2829.0, "slope": 5.6e-05, "uparea": 3652.85503521, "trend": "no trend", "ave_flux": 0.00381577, "continent": "North America", "ord_stra": 4, "image_num": 296, "OWT": 3, "trend2": "increasing", "label": "River mouth 1543"}, "geometry": {"type": "Point", "coordinates": [-119.34590999994651, 69.24694999984268]}}, {"id": "1496", "type": "Feature", "properties": {"ID": 1544, "width_mean": 72.0, "slope": 2.5e-05, "uparea": 2201.96352306, "trend": "no trend", "ave_flux": 0.00191129, "continent": "North America", "ord_stra": 4, "image_num": 345, "OWT": 4, "trend2": "no trend", "label": "River mouth 1544"}, "geometry": {"type": "Point", "coordinates": [-112.94513000014933, 70.17617000014542]}}, {"id": "1497", "type": "Feature", "properties": {"ID": 1545, "width_mean": 97.0, "slope": 2.6e-05, "uparea": 6740.76162107, "trend": "no trend", "ave_flux": 0.00287063, "continent": "North America", "ord_stra": 5, "image_num": 359, "OWT": 1, "trend2": "no trend", "label": "River mouth 1545"}, "geometry": {"type": "Point", "coordinates": [-108.71528168668718, 68.95974405492817]}}, {"id": "1498", "type": "Feature", "properties": {"ID": 1546, "width_mean": 432.0, "slope": 5e-05, "uparea": 5440.07588552, "trend": "increasing", "ave_flux": 0.00262114, "continent": "North America", "ord_stra": 5, "image_num": 413, "OWT": 1, "trend2": "increasing", "label": "River mouth 1546"}, "geometry": {"type": "Point", "coordinates": [-111.39378928150029, 70.28782957681679]}}, {"id": "1499", "type": "Feature", "properties": {"ID": 1547, "width_mean": 1094.0, "slope": 7e-06, "uparea": 2687.72539384, "trend": "no trend", "ave_flux": 0.000596938, "continent": "North America", "ord_stra": 4, "image_num": 229, "OWT": 1, "trend2": "increasing", "label": "River mouth 1547"}, "geometry": {"type": "Point", "coordinates": [-112.53712256425403, 70.65014241452276]}}, {"id": "1500", "type": "Feature", "properties": {"ID": 1548, "width_mean": 97.0, "slope": 3.1e-05, "uparea": 2953.82007592, "trend": "increasing", "ave_flux": 0.00130957, "continent": "North America", "ord_stra": 4, "image_num": 361, "OWT": 4, "trend2": "increasing", "label": "River mouth 1548"}, "geometry": {"type": "Point", "coordinates": [-106.66823145844371, 68.05126798214165]}}, {"id": "1501", "type": "Feature", "properties": {"ID": 1549, "width_mean": 124.0, "slope": 1.7e-05, "uparea": 2354.02482794, "trend": "no trend", "ave_flux": 0.00136306, "continent": "North America", "ord_stra": 4, "image_num": 355, "OWT": 4, "trend2": "increasing", "label": "River mouth 1549"}, "geometry": {"type": "Point", "coordinates": [-107.24120000027978, 69.20688999967382]}}, {"id": "1502", "type": "Feature", "properties": {"ID": 1550, "width_mean": 124.0, "slope": -1e-05, "uparea": 4758.55949325, "trend": "no trend", "ave_flux": 0.00180511, "continent": "North America", "ord_stra": 5, "image_num": 208, "OWT": 1, "trend2": "no trend", "label": "River mouth 1550"}, "geometry": {"type": "Point", "coordinates": [-107.9743600001139, 71.62448000025188]}}, {"id": "1503", "type": "Feature", "properties": {"ID": 1551, "width_mean": 124.0, "slope": 1.2e-05, "uparea": 1392.60403008, "trend": "increasing", "ave_flux": 0.000810625, "continent": "North America", "ord_stra": 4, "image_num": 484, "OWT": 4, "trend2": "increasing", "label": "River mouth 1551"}, "geometry": {"type": "Point", "coordinates": [-106.10123864001291, 68.10897966547984]}}, {"id": "1504", "type": "Feature", "properties": {"ID": 1552, "width_mean": 124.0, "slope": 1.5e-05, "uparea": 14144.127842, "trend": "no trend", "ave_flux": 0.00465937, "continent": "North America", "ord_stra": 6, "image_num": 211, "OWT": 3, "trend2": "no trend", "label": "River mouth 1552"}, "geometry": {"type": "Point", "coordinates": [-107.74478846059924, 71.58081967718653]}}, {"id": "1505", "type": "Feature", "properties": {"ID": 1553, "width_mean": 190.0, "slope": 5e-05, "uparea": 5020.51769996, "trend": "no trend", "ave_flux": 0.00445749, "continent": "North America", "ord_stra": 5, "image_num": 344, "OWT": 1, "trend2": "no trend", "label": "River mouth 1553"}, "geometry": {"type": "Point", "coordinates": [-104.73093288229221, 71.07628273655043]}}, {"id": "1506", "type": "Feature", "properties": {"ID": 1554, "width_mean": 319.0, "slope": 5e-06, "uparea": 992.0824806374744, "trend": "no trend", "ave_flux": 0.0007078, "continent": "North America", "ord_stra": 4, "image_num": 225, "OWT": 4, "trend2": "no trend", "label": "River mouth 1554"}, "geometry": {"type": "Point", "coordinates": [-104.90492897055651, 71.9123143854742]}}, {"id": "1507", "type": "Feature", "properties": {"ID": 1555, "width_mean": 498.0, "slope": 0.000129, "uparea": 19565.1126957, "trend": "increasing", "ave_flux": 0.0064124, "continent": "North America", "ord_stra": 5, "image_num": 314, "OWT": 1, "trend2": "increasing", "label": "River mouth 1555"}, "geometry": {"type": "Point", "coordinates": [-103.99087780334452, 68.02032700228914]}}, {"id": "1508", "type": "Feature", "properties": {"ID": 1556, "width_mean": 572.0, "slope": -5e-06, "uparea": 3743.10608599, "trend": "no trend", "ave_flux": 0.00267123, "continent": "North America", "ord_stra": 4, "image_num": 393, "OWT": 3, "trend2": "no trend", "label": "River mouth 1556"}, "geometry": {"type": "Point", "coordinates": [-103.94947810769042, 70.66650897590382]}}, {"id": "1509", "type": "Feature", "properties": {"ID": 1557, "width_mean": 1094.0, "slope": 0.00012, "uparea": 15274.7191188, "trend": "increasing", "ave_flux": 0.00795143, "continent": "North America", "ord_stra": 6, "image_num": 311, "OWT": 1, "trend2": "increasing", "label": "River mouth 1557"}, "geometry": {"type": "Point", "coordinates": [-106.76913302079866, 69.47395710495742]}}, {"id": "1510", "type": "Feature", "properties": {"ID": 1558, "width_mean": 5000.0, "slope": 1.3e-05, "uparea": 4528.01782708, "trend": "no trend", "ave_flux": 0.00144946, "continent": "North America", "ord_stra": 4, "image_num": 413, "OWT": 1, "trend2": "increasing", "label": "River mouth 1558"}, "geometry": {"type": "Point", "coordinates": [-105.93332340010886, 69.41721927632213]}}, {"id": "1511", "type": "Feature", "properties": {"ID": 1559, "width_mean": 124.0, "slope": 0.0, "uparea": 575.1487483173547, "trend": "no trend", "ave_flux": 0.00028425, "continent": "North America", "ord_stra": 4, "image_num": 284, "OWT": 1, "trend2": "no trend", "label": "River mouth 1559"}, "geometry": {"type": "Point", "coordinates": [-96.66734513900246, 68.002807751691]}}, {"id": "1512", "type": "Feature", "properties": {"ID": 1560, "width_mean": 190.0, "slope": 4.8e-05, "uparea": 1938.25652511, "trend": "increasing", "ave_flux": 0.00144023, "continent": "North America", "ord_stra": 4, "image_num": 153, "OWT": 1, "trend2": "increasing", "label": "River mouth 1560"}, "geometry": {"type": "Point", "coordinates": [-98.18745877144467, 71.96176565535283]}}, {"id": "1513", "type": "Feature", "properties": {"ID": 1561, "width_mean": 72.0, "slope": 2.1e-05, "uparea": 1348.03252303, "trend": "no trend", "ave_flux": 0.0021134, "continent": "North America", "ord_stra": 4, "image_num": 282, "OWT": 3, "trend2": "no trend", "label": "River mouth 1561"}, "geometry": {"type": "Point", "coordinates": [-90.64232471265339, 68.5884380402859]}}, {"id": "1514", "type": "Feature", "properties": {"ID": 1562, "width_mean": 72.0, "slope": 0.0, "uparea": 1107.76558566, "trend": "no trend", "ave_flux": 0.00186886, "continent": "North America", "ord_stra": 4, "image_num": 273, "OWT": 2, "trend2": "no trend", "label": "River mouth 1562"}, "geometry": {"type": "Point", "coordinates": [-90.10951328743383, 68.22922707412292]}}, {"id": "1515", "type": "Feature", "properties": {"ID": 1563, "width_mean": 72.0, "slope": 1.4e-05, "uparea": 682.8739085696704, "trend": "no trend", "ave_flux": 0.000834286, "continent": "North America", "ord_stra": 4, "image_num": 397, "OWT": 3, "trend2": "increasing", "label": "River mouth 1563"}, "geometry": {"type": "Point", "coordinates": [-93.47005954650174, 68.46855799187395]}}, {"id": "1516", "type": "Feature", "properties": {"ID": 1564, "width_mean": 72.0, "slope": 2.9e-05, "uparea": 1895.67894919, "trend": "no trend", "ave_flux": 0.0024418, "continent": "North America", "ord_stra": 4, "image_num": 113, "OWT": 4, "trend2": "no trend", "label": "River mouth 1564"}, "geometry": {"type": "Point", "coordinates": [-93.47508999980363, 71.4888399999661]}}, {"id": "1517", "type": "Feature", "properties": {"ID": 1565, "width_mean": 228.0, "slope": 0.000185, "uparea": 9090.91646653, "trend": "no trend", "ave_flux": 0.0160126, "continent": "North America", "ord_stra": 5, "image_num": 407, "OWT": 1, "trend2": "no trend", "label": "River mouth 1565"}, "geometry": {"type": "Point", "coordinates": [-90.43219139787257, 68.33772284352611]}}, {"id": "1518", "type": "Feature", "properties": {"ID": 1566, "width_mean": 319.0, "slope": -5.7e-05, "uparea": 10123.0964553, "trend": "no trend", "ave_flux": 0.0131501, "continent": "North America", "ord_stra": 4, "image_num": 299, "OWT": 1, "trend2": "no trend", "label": "River mouth 1566"}, "geometry": {"type": "Point", "coordinates": [-90.05353911879716, 68.33651772472359]}}, {"id": "1519", "type": "Feature", "properties": {"ID": 1567, "width_mean": 432.0, "slope": 2.2e-05, "uparea": 1892.30929382, "trend": "no trend", "ave_flux": 0.00210857, "continent": "North America", "ord_stra": 4, "image_num": 438, "OWT": 1, "trend2": "increasing", "label": "River mouth 1567"}, "geometry": {"type": "Point", "coordinates": [-93.31901823385714, 68.6422296965013]}}, {"id": "1520", "type": "Feature", "properties": {"ID": 1568, "width_mean": 72.0, "slope": 0.0, "uparea": 1224.9993795, "trend": "no trend", "ave_flux": 0.00198157, "continent": "North America", "ord_stra": 4, "image_num": 302, "OWT": 2, "trend2": "no trend", "label": "River mouth 1568"}, "geometry": {"type": "Point", "coordinates": [-80.84918000015682, 71.84576000002403]}}, {"id": "1521", "type": "Feature", "properties": {"ID": 1569, "width_mean": 97.0, "slope": 0.0001, "uparea": 5777.02466413, "trend": "no trend", "ave_flux": 0.008593, "continent": "North America", "ord_stra": 5, "image_num": 410, "OWT": 4, "trend2": "increasing", "label": "River mouth 1569"}, "geometry": {"type": "Point", "coordinates": [-82.7339528178643, 68.35979222202837]}}, {"id": "1522", "type": "Feature", "properties": {"ID": 1570, "width_mean": 190.0, "slope": 1.1e-05, "uparea": 2305.50335535, "trend": "no trend", "ave_flux": 0.00304097, "continent": "North America", "ord_stra": 4, "image_num": 308, "OWT": 4, "trend2": "no trend", "label": "River mouth 1570"}, "geometry": {"type": "Point", "coordinates": [-82.7264434216205, 68.59343311538237]}}, {"id": "1523", "type": "Feature", "properties": {"ID": 1571, "width_mean": 190.0, "slope": 6e-05, "uparea": 1834.82982977, "trend": "no trend", "ave_flux": 0.00269477, "continent": "North America", "ord_stra": 4, "image_num": 440, "OWT": 4, "trend2": "increasing", "label": "River mouth 1571"}, "geometry": {"type": "Point", "coordinates": [-81.471159999934, 70.25469000044325]}}, {"id": "1524", "type": "Feature", "properties": {"ID": 1572, "width_mean": 1094.0, "slope": 0.00012, "uparea": 6452.31573944, "trend": "no trend", "ave_flux": 0.0101199, "continent": "North America", "ord_stra": 4, "image_num": 512, "OWT": 3, "trend2": "no trend", "label": "River mouth 1572"}, "geometry": {"type": "Point", "coordinates": [-83.54310834502438, 70.43047486182846]}}, {"id": "1525", "type": "Feature", "properties": {"ID": 1573, "width_mean": 1575.0, "slope": 0.000153, "uparea": 5780.13863435, "trend": "no trend", "ave_flux": 0.0102753, "continent": "North America", "ord_stra": 4, "image_num": 423, "OWT": 1, "trend2": "no trend", "label": "River mouth 1573"}, "geometry": {"type": "Point", "coordinates": [-78.41352597389341, 71.12123455488695]}}, {"id": "1526", "type": "Feature", "properties": {"ID": 1574, "width_mean": 319.0, "slope": 0.000137, "uparea": 8723.15295235, "trend": "no trend", "ave_flux": 0.0201677, "continent": "North America", "ord_stra": 5, "image_num": 402, "OWT": 1, "trend2": "no trend", "label": "River mouth 1574"}, "geometry": {"type": "Point", "coordinates": [-76.93140000010987, 70.04202000022286]}}, {"id": "1527", "type": "Feature", "properties": {"ID": 1575, "width_mean": 432.0, "slope": 2e-05, "uparea": 4616.35224418, "trend": "no trend", "ave_flux": 0.0093426, "continent": "North America", "ord_stra": 4, "image_num": 340, "OWT": 1, "trend2": "no trend", "label": "River mouth 1575"}, "geometry": {"type": "Point", "coordinates": [-77.77544844899997, 70.26382731689311]}}, {"id": "1528", "type": "Feature", "properties": {"ID": 1576, "width_mean": 572.0, "slope": 2.8e-05, "uparea": 6164.6891859, "trend": "no trend", "ave_flux": 0.0103745, "continent": "North America", "ord_stra": 4, "image_num": 265, "OWT": 1, "trend2": "no trend", "label": "River mouth 1576"}, "geometry": {"type": "Point", "coordinates": [-75.62700563680713, 69.48826461759458]}}, {"id": "1529", "type": "Feature", "properties": {"ID": 1577, "width_mean": 965.0, "slope": 5.8e-05, "uparea": 3547.21689188, "trend": "no trend", "ave_flux": 0.00886766, "continent": "North America", "ord_stra": 4, "image_num": 306, "OWT": 1, "trend2": "no trend", "label": "River mouth 1577"}, "geometry": {"type": "Point", "coordinates": [-74.75693999968121, 69.11501000021138]}}, {"id": "1530", "type": "Feature", "properties": {"ID": 1578, "width_mean": 50.0, "slope": 0.0, "uparea": 1698.40459561, "trend": "no trend", "ave_flux": 0.00366317, "continent": "North America", "ord_stra": 4, "image_num": 131, "OWT": 4, "trend2": "no trend", "label": "River mouth 1578"}, "geometry": {"type": "Point", "coordinates": [-71.85827000026029, 70.24068000008202]}}, {"id": "1531", "type": "Feature", "properties": {"ID": 1579, "width_mean": 372.0, "slope": -9e-06, "uparea": 896.9861728967481, "trend": "no trend", "ave_flux": 0.00118437, "continent": "North America", "ord_stra": 4, "image_num": 202, "OWT": 1, "trend2": "decreasing", "label": "River mouth 1579"}, "geometry": {"type": "Point", "coordinates": [-69.25150394149749, 68.73022979825541]}}, {"id": "1532", "type": "Feature", "properties": {"ID": 1580, "width_mean": 432.0, "slope": 2e-05, "uparea": 984.485180674433, "trend": "no trend", "ave_flux": 0.00208931, "continent": "North America", "ord_stra": 4, "image_num": 175, "OWT": 1, "trend2": "no trend", "label": "River mouth 1580"}, "geometry": {"type": "Point", "coordinates": [-67.69946871826541, 68.16157128292073]}}, {"id": "1533", "type": "Feature", "properties": {"ID": 1581, "width_mean": 498.0, "slope": 8e-06, "uparea": 1824.78030397, "trend": "no trend", "ave_flux": 0.00372571, "continent": "North America", "ord_stra": 4, "image_num": 203, "OWT": 4, "trend2": "no trend", "label": "River mouth 1581"}, "geometry": {"type": "Point", "coordinates": [-70.64021738116742, 69.81650889580747]}}, {"id": "1534", "type": "Feature", "properties": {"ID": 1582, "width_mean": 97.0, "slope": -0.000151, "uparea": 2080.17564792, "trend": "decreasing", "ave_flux": 0.00888374, "continent": "Europe", "ord_stra": 5, "image_num": 551, "OWT": 1, "trend2": "decreasing", "label": "River mouth 1582"}, "geometry": {"type": "Point", "coordinates": [21.1570299996348, 69.735900000085]}}, {"id": "1535", "type": "Feature", "properties": {"ID": 1583, "width_mean": 190.0, "slope": 0.000191, "uparea": 6414.43536037, "trend": "increasing", "ave_flux": 0.0157253, "continent": "Europe", "ord_stra": 5, "image_num": 547, "OWT": 3, "trend2": "increasing", "label": "River mouth 1583"}, "geometry": {"type": "Point", "coordinates": [23.33345285566546, 69.95748249344511]}}, {"id": "1536", "type": "Feature", "properties": {"ID": 1584, "width_mean": 655.0, "slope": -0.000216, "uparea": 6014.17521024, "trend": "no trend", "ave_flux": 0.0265143, "continent": "Europe", "ord_stra": 5, "image_num": 586, "OWT": 1, "trend2": "no trend", "label": "River mouth 1584"}, "geometry": {"type": "Point", "coordinates": [18.5132399999261, 69.26045999962935]}}, {"id": "1537", "type": "Feature", "properties": {"ID": 1585, "width_mean": 50.0, "slope": -6.6e-05, "uparea": 480.4373603540092, "trend": "decreasing", "ave_flux": 0.00209331, "continent": "Europe", "ord_stra": 4, "image_num": 442, "OWT": 4, "trend2": "decreasing", "label": "River mouth 1585"}, "geometry": {"type": "Point", "coordinates": [26.314536834486443, 70.28757379004364]}}, {"id": "1538", "type": "Feature", "properties": {"ID": 1586, "width_mean": 50.0, "slope": 2.1e-05, "uparea": 1107.96419249, "trend": "no trend", "ave_flux": 0.00451714, "continent": "Europe", "ord_stra": 4, "image_num": 372, "OWT": 4, "trend2": "no trend", "label": "River mouth 1586"}, "geometry": {"type": "Point", "coordinates": [24.296246378725506, 70.33757723368954]}}, {"id": "1539", "type": "Feature", "properties": {"ID": 1587, "width_mean": 97.0, "slope": 4e-06, "uparea": 1496.76597344, "trend": "no trend", "ave_flux": 0.00284386, "continent": "Europe", "ord_stra": 5, "image_num": 603, "OWT": 1, "trend2": "no trend", "label": "River mouth 1587"}, "geometry": {"type": "Point", "coordinates": [29.025870000200428, 69.70763000042422]}}, {"id": "1540", "type": "Feature", "properties": {"ID": 1588, "width_mean": 190.0, "slope": -1.4e-05, "uparea": 968.1330454878398, "trend": "no trend", "ave_flux": 0.00258871, "continent": "Europe", "ord_stra": 4, "image_num": 513, "OWT": 3, "trend2": "decreasing", "label": "River mouth 1588"}, "geometry": {"type": "Point", "coordinates": [24.953979999777232, 69.97763000042426]}}, {"id": "1541", "type": "Feature", "properties": {"ID": 1589, "width_mean": 271.0, "slope": -0.000911, "uparea": 14992.2188295, "trend": "decreasing", "ave_flux": 0.0289869, "continent": "Europe", "ord_stra": 5, "image_num": 568, "OWT": 1, "trend2": "decreasing", "label": "River mouth 1589"}, "geometry": {"type": "Point", "coordinates": [28.264197400514007, 70.41551655525603]}}, {"id": "1542", "type": "Feature", "properties": {"ID": 1590, "width_mean": 155.0, "slope": 1.4e-05, "uparea": 1154.6050056, "trend": "no trend", "ave_flux": 0.00239143, "continent": "Europe", "ord_stra": 4, "image_num": 472, "OWT": 3, "trend2": "no trend", "label": "River mouth 1590"}, "geometry": {"type": "Point", "coordinates": [31.679314615729986, 69.44669610260978]}}, {"id": "1543", "type": "Feature", "properties": {"ID": 1591, "width_mean": 271.0, "slope": 4e-06, "uparea": 931.4061153210196, "trend": "no trend", "ave_flux": 0.00228857, "continent": "Europe", "ord_stra": 4, "image_num": 471, "OWT": 3, "trend2": "no trend", "label": "River mouth 1591"}, "geometry": {"type": "Point", "coordinates": [31.0866637850394, 69.44805992601457]}}, {"id": "1544", "type": "Feature", "properties": {"ID": 1592, "width_mean": 319.0, "slope": -8e-06, "uparea": 1580.20905663, "trend": "no trend", "ave_flux": 0.00162943, "continent": "Europe", "ord_stra": 4, "image_num": 381, "OWT": 1, "trend2": "decreasing", "label": "River mouth 1592"}, "geometry": {"type": "Point", "coordinates": [32.258649999997544, 69.41452000039777]}}, {"id": "1545", "type": "Feature", "properties": {"ID": 1593, "width_mean": 432.0, "slope": 3.2e-05, "uparea": 9548.48559715, "trend": "no trend", "ave_flux": 0.0160771, "continent": "Europe", "ord_stra": 4, "image_num": 448, "OWT": 1, "trend2": "no trend", "label": "River mouth 1593"}, "geometry": {"type": "Point", "coordinates": [35.764019999623315, 69.10411000027636]}}, {"id": "1546", "type": "Feature", "properties": {"ID": 1594, "width_mean": 1237.0, "slope": 0.0, "uparea": 18073.0102329, "trend": "no trend", "ave_flux": 0.0224671, "continent": "Europe", "ord_stra": 6, "image_num": 561, "OWT": 1, "trend2": "no trend", "label": "River mouth 1594"}, "geometry": {"type": "Point", "coordinates": [30.152804330679032, 69.60904372731204]}}, {"id": "1547", "type": "Feature", "properties": {"ID": 1595, "width_mean": 2520.0, "slope": 0.000386, "uparea": 25967.7008873, "trend": "no trend", "ave_flux": 0.0646229, "continent": "Europe", "ord_stra": 4, "image_num": 493, "OWT": 1, "trend2": "no trend", "label": "River mouth 1595"}, "geometry": {"type": "Point", "coordinates": [33.495160000433714, 69.22597999957736]}}, {"id": "1548", "type": "Feature", "properties": {"ID": 1596, "width_mean": 97.0, "slope": -3.8e-05, "uparea": 1655.00195562, "trend": "decreasing", "ave_flux": 0.0011245, "continent": "Europe", "ord_stra": 4, "image_num": 325, "OWT": 3, "trend2": "decreasing", "label": "River mouth 1596"}, "geometry": {"type": "Point", "coordinates": [37.58094184066753, 68.56714656208707]}}, {"id": "1549", "type": "Feature", "properties": {"ID": 1597, "width_mean": 155.0, "slope": -1.3e-05, "uparea": 1102.37662121, "trend": "no trend", "ave_flux": 0.00142903, "continent": "Europe", "ord_stra": 4, "image_num": 337, "OWT": 1, "trend2": "decreasing", "label": "River mouth 1597"}, "geometry": {"type": "Point", "coordinates": [38.21148754962083, 68.31244327130787]}}, {"id": "1550", "type": "Feature", "properties": {"ID": 1598, "width_mean": 271.0, "slope": -0.00016, "uparea": 1790.56195771, "trend": "decreasing", "ave_flux": 0.003736, "continent": "Europe", "ord_stra": 4, "image_num": 297, "OWT": 4, "trend2": "decreasing", "label": "River mouth 1598"}, "geometry": {"type": "Point", "coordinates": [37.19549999972526, 68.70399999960034]}}, {"id": "1551", "type": "Feature", "properties": {"ID": 1599, "width_mean": 50.0, "slope": 4e-06, "uparea": 448.7369390419866, "trend": "no trend", "ave_flux": 0.00062, "continent": "Europe", "ord_stra": 4, "image_num": 260, "OWT": 2, "trend2": "no trend", "label": "River mouth 1599"}, "geometry": {"type": "Point", "coordinates": [45.23903320780251, 68.49605107734737]}}, {"id": "1552", "type": "Feature", "properties": {"ID": 1600, "width_mean": 50.0, "slope": 0.0, "uparea": 478.5177748884668, "trend": "no trend", "ave_flux": 0.000857143, "continent": "Europe", "ord_stra": 4, "image_num": 273, "OWT": 2, "trend2": "no trend", "label": "River mouth 1600"}, "geometry": {"type": "Point", "coordinates": [44.75001790731602, 68.50720474280854]}}, {"id": "1553", "type": "Feature", "properties": {"ID": 1601, "width_mean": 97.0, "slope": 0.0, "uparea": 198.44398062974886, "trend": "no trend", "ave_flux": 0.000288957, "continent": "Europe", "ord_stra": 4, "image_num": 283, "OWT": 2, "trend2": "no trend", "label": "River mouth 1601"}, "geometry": {"type": "Point", "coordinates": [52.35641056950827, 68.21697203626606]}}, {"id": "1554", "type": "Feature", "properties": {"ID": 1602, "width_mean": 97.0, "slope": -3e-06, "uparea": 840.5198563441528, "trend": "no trend", "ave_flux": 0.00124097, "continent": "Europe", "ord_stra": 4, "image_num": 280, "OWT": 3, "trend2": "no trend", "label": "River mouth 1602"}, "geometry": {"type": "Point", "coordinates": [51.23339773373284, 68.3339655192039]}}, {"id": "1555", "type": "Feature", "properties": {"ID": 1603, "width_mean": 97.0, "slope": 0.0, "uparea": 1151.21730596, "trend": "no trend", "ave_flux": 0.00148083, "continent": "Europe", "ord_stra": 4, "image_num": 274, "OWT": 2, "trend2": "no trend", "label": "River mouth 1603"}, "geometry": {"type": "Point", "coordinates": [50.12434558864243, 68.0166612838419]}}, {"id": "1556", "type": "Feature", "properties": {"ID": 1604, "width_mean": 965.0, "slope": 0.0, "uparea": 401.91329594431846, "trend": "no trend", "ave_flux": 0.00037375, "continent": "Europe", "ord_stra": 4, "image_num": 372, "OWT": 3, "trend2": "no trend", "label": "River mouth 1604"}, "geometry": {"type": "Point", "coordinates": [53.151453024861674, 68.13487396254597]}}, {"id": "1557", "type": "Feature", "properties": {"ID": 1605, "width_mean": 50.0, "slope": 7e-06, "uparea": 361.6081768930203, "trend": "no trend", "ave_flux": 0.000726813, "continent": "Europe", "ord_stra": 4, "image_num": 336, "OWT": 4, "trend2": "no trend", "label": "River mouth 1605"}, "geometry": {"type": "Point", "coordinates": [59.122539999621324, 68.27334999980269]}}, {"id": "1558", "type": "Feature", "properties": {"ID": 1606, "width_mean": 50.0, "slope": 4e-06, "uparea": 614.5670639393392, "trend": "no trend", "ave_flux": 0.00102, "continent": "Europe", "ord_stra": 4, "image_num": 272, "OWT": 2, "trend2": "no trend", "label": "River mouth 1606"}, "geometry": {"type": "Point", "coordinates": [58.88862871540972, 68.59351667050245]}}, {"id": "1559", "type": "Feature", "properties": {"ID": 1607, "width_mean": 50.0, "slope": 1.2e-05, "uparea": 891.4879549544223, "trend": "no trend", "ave_flux": 0.00129211, "continent": "Europe", "ord_stra": 4, "image_num": 336, "OWT": 3, "trend2": "no trend", "label": "River mouth 1607"}, "geometry": {"type": "Point", "coordinates": [55.130080000091965, 68.29471000006652]}}, {"id": "1560", "type": "Feature", "properties": {"ID": 1608, "width_mean": 72.0, "slope": 0.0, "uparea": 437.9786177657148, "trend": "no trend", "ave_flux": 0.000646657, "continent": "Europe", "ord_stra": 4, "image_num": 314, "OWT": 3, "trend2": "no trend", "label": "River mouth 1608"}, "geometry": {"type": "Point", "coordinates": [54.98779638304815, 68.20631523204274]}}, {"id": "1561", "type": "Feature", "properties": {"ID": 1609, "width_mean": 97.0, "slope": -0.000169, "uparea": 4296.14369328, "trend": "decreasing", "ave_flux": 0.005904, "continent": "Europe", "ord_stra": 5, "image_num": 328, "OWT": 3, "trend2": "decreasing", "label": "River mouth 1609"}, "geometry": {"type": "Point", "coordinates": [59.794439235807346, 68.28310121543244]}}, {"id": "1562", "type": "Feature", "properties": {"ID": 1610, "width_mean": 124.0, "slope": 0.000114, "uparea": 7082.40571019, "trend": "no trend", "ave_flux": 0.0113749, "continent": "Europe", "ord_stra": 5, "image_num": 351, "OWT": 3, "trend2": "no trend", "label": "River mouth 1610"}, "geometry": {"type": "Point", "coordinates": [56.58718493872908, 68.51311956387802]}}, {"id": "1563", "type": "Feature", "properties": {"ID": 1611, "width_mean": 965.0, "slope": 0.0, "uparea": 540.4888136494764, "trend": "no trend", "ave_flux": 0.000336429, "continent": "Europe", "ord_stra": 4, "image_num": 328, "OWT": 1, "trend2": "no trend", "label": "River mouth 1611"}, "geometry": {"type": "Point", "coordinates": [58.31381309996161, 68.7940730109865]}}, {"id": "1564", "type": "Feature", "properties": {"ID": 1612, "width_mean": 3174.0, "slope": -0.002381, "uparea": 319648.832968, "trend": "decreasing", "ave_flux": 0.336541, "continent": "Europe", "ord_stra": 4, "image_num": 334, "OWT": 1, "trend2": "decreasing", "label": "River mouth 1612"}, "geometry": {"type": "Point", "coordinates": [54.15730999965683, 68.15165000024734]}}, {"id": "1565", "type": "Feature", "properties": {"ID": 1613, "width_mean": 50.0, "slope": 0.0, "uparea": 343.6176647869748, "trend": "no trend", "ave_flux": 0.000325029, "continent": "Europe", "ord_stra": 4, "image_num": 214, "OWT": 2, "trend2": "decreasing", "label": "River mouth 1613"}, "geometry": {"type": "Point", "coordinates": [61.172221227596864, 69.10971062160827]}}, {"id": "1566", "type": "Feature", "properties": {"ID": 1614, "width_mean": 72.0, "slope": 0.000112, "uparea": 13648.9299318, "trend": "no trend", "ave_flux": 0.0248894, "continent": "Europe", "ord_stra": 4, "image_num": 325, "OWT": 3, "trend2": "no trend", "label": "River mouth 1614"}, "geometry": {"type": "Point", "coordinates": [61.34552999960982, 68.89768999959387]}}, {"id": "1567", "type": "Feature", "properties": {"ID": 1615, "width_mean": 124.0, "slope": 0.0, "uparea": 2765.60323674, "trend": "no trend", "ave_flux": 0.00327949, "continent": "Europe", "ord_stra": 5, "image_num": 202, "OWT": 4, "trend2": "no trend", "label": "River mouth 1615"}, "geometry": {"type": "Point", "coordinates": [60.783959999554384, 69.57693999998105]}}, {"id": "1568", "type": "Feature", "properties": {"ID": 1616, "width_mean": 155.0, "slope": -7e-06, "uparea": 963.7681113159622, "trend": "no trend", "ave_flux": 0.00164286, "continent": "Europe", "ord_stra": 4, "image_num": 277, "OWT": 3, "trend2": "decreasing", "label": "River mouth 1616"}, "geometry": {"type": "Point", "coordinates": [62.88508054549209, 69.65791171475064]}}, {"id": "1569", "type": "Feature", "properties": {"ID": 1618, "width_mean": 271.0, "slope": -0.00013, "uparea": 10621.4463573, "trend": "no trend", "ave_flux": 0.0261986, "continent": "Asia", "ord_stra": 6, "image_num": 344, "OWT": 3, "trend2": "no trend", "label": "River mouth 1618"}, "geometry": {"type": "Point", "coordinates": [64.61753983236753, 69.04272188836967]}}, {"id": "1570", "type": "Feature", "properties": {"ID": 1619, "width_mean": 498.0, "slope": -0.000272, "uparea": 13441.3305552, "trend": "no trend", "ave_flux": 0.0266128, "continent": "Europe", "ord_stra": 4, "image_num": 268, "OWT": 3, "trend2": "decreasing", "label": "River mouth 1619"}, "geometry": {"type": "Point", "coordinates": [64.6322300002144, 69.18641000042123]}}, {"id": "1571", "type": "Feature", "properties": {"ID": 1620, "width_mean": 572.0, "slope": 0.000143, "uparea": 10916.9557309, "trend": "no trend", "ave_flux": 0.0132026, "continent": "Europe", "ord_stra": 5, "image_num": 311, "OWT": 3, "trend2": "no trend", "label": "River mouth 1620"}, "geometry": {"type": "Point", "coordinates": [61.277529289328314, 68.78920223219532]}}, {"id": "1572", "type": "Feature", "properties": {"ID": 1621, "width_mean": 72.0, "slope": 3.6e-05, "uparea": 1950.19973437, "trend": "no trend", "ave_flux": 0.00239143, "continent": "Asia", "ord_stra": 4, "image_num": 359, "OWT": 3, "trend2": "increasing", "label": "River mouth 1621"}, "geometry": {"type": "Point", "coordinates": [69.33650420646167, 68.81410505300153]}}, {"id": "1573", "type": "Feature", "properties": {"ID": 1622, "width_mean": 72.0, "slope": -7e-05, "uparea": 2244.35788501, "trend": "decreasing", "ave_flux": 0.00213966, "continent": "Asia", "ord_stra": 4, "image_num": 245, "OWT": 3, "trend2": "decreasing", "label": "River mouth 1622"}, "geometry": {"type": "Point", "coordinates": [68.4274099996718, 71.57855000008249]}}, {"id": "1574", "type": "Feature", "properties": {"ID": 1623, "width_mean": 97.0, "slope": 0.0, "uparea": 608.4955494344232, "trend": "no trend", "ave_flux": 0.00116875, "continent": "Asia", "ord_stra": 4, "image_num": 290, "OWT": 2, "trend2": "no trend", "label": "River mouth 1623"}, "geometry": {"type": "Point", "coordinates": [67.54220673482173, 68.5034616407668]}}, {"id": "1575", "type": "Feature", "properties": {"ID": 1624, "width_mean": 97.0, "slope": -6e-06, "uparea": 3638.17011554, "trend": "no trend", "ave_flux": 0.0036008, "continent": "Asia", "ord_stra": 4, "image_num": 340, "OWT": 3, "trend2": "no trend", "label": "River mouth 1624"}, "geometry": {"type": "Point", "coordinates": [69.3535900000785, 69.04890000023488]}}, {"id": "1576", "type": "Feature", "properties": {"ID": 1625, "width_mean": 97.0, "slope": 2.8e-05, "uparea": 4898.89975454, "trend": "increasing", "ave_flux": 0.00340271, "continent": "Asia", "ord_stra": 5, "image_num": 197, "OWT": 1, "trend2": "increasing", "label": "River mouth 1625"}, "geometry": {"type": "Point", "coordinates": [71.85406138683277, 71.62057627014937]}}, {"id": "1577", "type": "Feature", "properties": {"ID": 1626, "width_mean": 97.0, "slope": 2.9e-05, "uparea": 2545.09307932, "trend": "no trend", "ave_flux": 0.00465014, "continent": "Asia", "ord_stra": 4, "image_num": 249, "OWT": 3, "trend2": "no trend", "label": "River mouth 1626"}, "geometry": {"type": "Point", "coordinates": [67.80903314739068, 71.29515363011788]}}, {"id": "1578", "type": "Feature", "properties": {"ID": 1627, "width_mean": 124.0, "slope": 0.0, "uparea": 894.6153824001691, "trend": "no trend", "ave_flux": 0.000831143, "continent": "Asia", "ord_stra": 4, "image_num": 284, "OWT": 2, "trend2": "no trend", "label": "River mouth 1627"}, "geometry": {"type": "Point", "coordinates": [67.13608999965379, 68.58182000039278]}}, {"id": "1579", "type": "Feature", "properties": {"ID": 1628, "width_mean": 124.0, "slope": 2.2e-05, "uparea": 3767.64824252, "trend": "no trend", "ave_flux": 0.00453143, "continent": "Asia", "ord_stra": 5, "image_num": 396, "OWT": 3, "trend2": "no trend", "label": "River mouth 1628"}, "geometry": {"type": "Point", "coordinates": [68.71756686121732, 68.21384918079356]}}, {"id": "1580", "type": "Feature", "properties": {"ID": 1629, "width_mean": 124.0, "slope": -1.1e-05, "uparea": 2610.54082165, "trend": "no trend", "ave_flux": 0.00317106, "continent": "Asia", "ord_stra": 4, "image_num": 226, "OWT": 3, "trend2": "no trend", "label": "River mouth 1629"}, "geometry": {"type": "Point", "coordinates": [67.07557490809887, 71.01636328600257]}}, {"id": "1581", "type": "Feature", "properties": {"ID": 1630, "width_mean": 155.0, "slope": 4.6e-05, "uparea": 9506.01233617, "trend": "no trend", "ave_flux": 0.00920597, "continent": "Asia", "ord_stra": 5, "image_num": 365, "OWT": 3, "trend2": "no trend", "label": "River mouth 1630"}, "geometry": {"type": "Point", "coordinates": [69.6500627638566, 68.90694620470536]}}, {"id": "1582", "type": "Feature", "properties": {"ID": 1631, "width_mean": 190.0, "slope": 1.3e-05, "uparea": 2422.49071653, "trend": "no trend", "ave_flux": 0.00390571, "continent": "Asia", "ord_stra": 4, "image_num": 385, "OWT": 3, "trend2": "no trend", "label": "River mouth 1631"}, "geometry": {"type": "Point", "coordinates": [68.19822999981471, 68.0842100000915]}}, {"id": "1583", "type": "Feature", "properties": {"ID": 1632, "width_mean": 190.0, "slope": -4.7e-05, "uparea": 1987.20674356, "trend": "decreasing", "ave_flux": 0.00201977, "continent": "Asia", "ord_stra": 4, "image_num": 267, "OWT": 3, "trend2": "decreasing", "label": "River mouth 1632"}, "geometry": {"type": "Point", "coordinates": [67.49039442048215, 70.65664870893227]}}, {"id": "1584", "type": "Feature", "properties": {"ID": 1633, "width_mean": 372.0, "slope": -0.00026, "uparea": 8019.30802438, "trend": "decreasing", "ave_flux": 0.00776771, "continent": "Asia", "ord_stra": 4, "image_num": 278, "OWT": 1, "trend2": "decreasing", "label": "River mouth 1633"}, "geometry": {"type": "Point", "coordinates": [67.44225947906989, 70.33599533129896]}}, {"id": "1585", "type": "Feature", "properties": {"ID": 1634, "width_mean": 72.0, "slope": 9e-06, "uparea": 1042.86732878, "trend": "no trend", "ave_flux": 0.001419, "continent": "Asia", "ord_stra": 4, "image_num": 362, "OWT": 3, "trend2": "no trend", "label": "River mouth 1634"}, "geometry": {"type": "Point", "coordinates": [75.86530000009498, 69.25156999975576]}}, {"id": "1586", "type": "Feature", "properties": {"ID": 1635, "width_mean": 72.0, "slope": 7e-06, "uparea": 775.4617548490812, "trend": "no trend", "ave_flux": 0.00132389, "continent": "Asia", "ord_stra": 4, "image_num": 358, "OWT": 2, "trend2": "no trend", "label": "River mouth 1635"}, "geometry": {"type": "Point", "coordinates": [76.25860571163867, 69.21961525512721]}}, {"id": "1587", "type": "Feature", "properties": {"ID": 1636, "width_mean": 72.0, "slope": 3.2e-05, "uparea": 1649.74489566, "trend": "increasing", "ave_flux": 0.00213714, "continent": "Asia", "ord_stra": 4, "image_num": 367, "OWT": 3, "trend2": "increasing", "label": "River mouth 1636"}, "geometry": {"type": "Point", "coordinates": [75.84417242560218, 68.89865482277219]}}, {"id": "1588", "type": "Feature", "properties": {"ID": 1637, "width_mean": 72.0, "slope": 5.9e-05, "uparea": 1976.61607443, "trend": "no trend", "ave_flux": 0.00379697, "continent": "Asia", "ord_stra": 4, "image_num": 285, "OWT": 3, "trend2": "no trend", "label": "River mouth 1637"}, "geometry": {"type": "Point", "coordinates": [76.44995621861031, 69.16748877863199]}}, {"id": "1589", "type": "Feature", "properties": {"ID": 1638, "width_mean": 72.0, "slope": -5.8e-05, "uparea": 937.3896908418028, "trend": "no trend", "ave_flux": 0.00340237, "continent": "Asia", "ord_stra": 4, "image_num": 249, "OWT": 3, "trend2": "decreasing", "label": "River mouth 1638"}, "geometry": {"type": "Point", "coordinates": [75.20635611330562, 71.66950870800528]}}, {"id": "1590", "type": "Feature", "properties": {"ID": 1639, "width_mean": 72.0, "slope": -5e-05, "uparea": 647.8619431750119, "trend": "decreasing", "ave_flux": 0.00144683, "continent": "Asia", "ord_stra": 4, "image_num": 333, "OWT": 2, "trend2": "decreasing", "label": "River mouth 1639"}, "geometry": {"type": "Point", "coordinates": [74.29810930446098, 70.34997994221625]}}, {"id": "1591", "type": "Feature", "properties": {"ID": 1640, "width_mean": 72.0, "slope": 0.0, "uparea": 358.55974456510995, "trend": "no trend", "ave_flux": 0.00055, "continent": "Asia", "ord_stra": 4, "image_num": 234, "OWT": 3, "trend2": "decreasing", "label": "River mouth 1640"}, "geometry": {"type": "Point", "coordinates": [77.53337873355498, 71.77008446330633]}}, {"id": "1592", "type": "Feature", "properties": {"ID": 1641, "width_mean": 97.0, "slope": 3.6e-05, "uparea": 3701.65607553, "trend": "no trend", "ave_flux": 0.00312734, "continent": "Asia", "ord_stra": 4, "image_num": 286, "OWT": 1, "trend2": "no trend", "label": "River mouth 1641"}, "geometry": {"type": "Point", "coordinates": [72.36480495870293, 70.13912323328162]}}, {"id": "1593", "type": "Feature", "properties": {"ID": 1642, "width_mean": 97.0, "slope": -8e-06, "uparea": 434.10659143114685, "trend": "no trend", "ave_flux": 0.000944971, "continent": "Asia", "ord_stra": 4, "image_num": 259, "OWT": 2, "trend2": "decreasing", "label": "River mouth 1642"}, "geometry": {"type": "Point", "coordinates": [77.18990975114114, 71.49672421027253]}}, {"id": "1594", "type": "Feature", "properties": {"ID": 1643, "width_mean": 124.0, "slope": 5e-06, "uparea": 3150.17653589, "trend": "no trend", "ave_flux": 0.00150463, "continent": "Asia", "ord_stra": 4, "image_num": 257, "OWT": 3, "trend2": "no trend", "label": "River mouth 1643"}, "geometry": {"type": "Point", "coordinates": [72.21383988382848, 69.39378616490461]}}, {"id": "1595", "type": "Feature", "properties": {"ID": 1644, "width_mean": 155.0, "slope": -5e-06, "uparea": 625.9649128510554, "trend": "no trend", "ave_flux": 0.00112514, "continent": "Asia", "ord_stra": 4, "image_num": 205, "OWT": 1, "trend2": "no trend", "label": "River mouth 1644"}, "geometry": {"type": "Point", "coordinates": [76.41495551772384, 71.96644880447475]}}, {"id": "1596", "type": "Feature", "properties": {"ID": 1645, "width_mean": 155.0, "slope": -4e-06, "uparea": 948.7113372612373, "trend": "no trend", "ave_flux": 0.00155434, "continent": "Asia", "ord_stra": 4, "image_num": 306, "OWT": 3, "trend2": "no trend", "label": "River mouth 1645"}, "geometry": {"type": "Point", "coordinates": [74.77664999959785, 69.11704999985767]}}, {"id": "1597", "type": "Feature", "properties": {"ID": 1646, "width_mean": 190.0, "slope": 9e-06, "uparea": 2991.73009932, "trend": "no trend", "ave_flux": 0.00366009, "continent": "Asia", "ord_stra": 5, "image_num": 284, "OWT": 3, "trend2": "no trend", "label": "River mouth 1646"}, "geometry": {"type": "Point", "coordinates": [75.927900000085, 71.07923000006451]}}, {"id": "1598", "type": "Feature", "properties": {"ID": 1647, "width_mean": 190.0, "slope": 5e-06, "uparea": 4787.96431084, "trend": "no trend", "ave_flux": 0.00365794, "continent": "Asia", "ord_stra": 4, "image_num": 298, "OWT": 3, "trend2": "no trend", "label": "River mouth 1647"}, "geometry": {"type": "Point", "coordinates": [77.15634461437331, 68.50837603421127]}}, {"id": "1599", "type": "Feature", "properties": {"ID": 1648, "width_mean": 190.0, "slope": 5.3e-05, "uparea": 3284.93968399, "trend": "no trend", "ave_flux": 0.00531463, "continent": "Asia", "ord_stra": 4, "image_num": 289, "OWT": 3, "trend2": "no trend", "label": "River mouth 1648"}, "geometry": {"type": "Point", "coordinates": [72.2408628605602, 71.07470179277783]}}, {"id": "1600", "type": "Feature", "properties": {"ID": 1649, "width_mean": 228.0, "slope": -7e-06, "uparea": 1756.9984261, "trend": "no trend", "ave_flux": 0.00125506, "continent": "Asia", "ord_stra": 5, "image_num": 296, "OWT": 3, "trend2": "decreasing", "label": "River mouth 1649"}, "geometry": {"type": "Point", "coordinates": [72.32569183473466, 70.3074619763685]}}, {"id": "1601", "type": "Feature", "properties": {"ID": 1650, "width_mean": 228.0, "slope": -4.3e-05, "uparea": 1825.25331585, "trend": "decreasing", "ave_flux": 0.00202439, "continent": "Asia", "ord_stra": 4, "image_num": 173, "OWT": 1, "trend2": "decreasing", "label": "River mouth 1650"}, "geometry": {"type": "Point", "coordinates": [77.98600277616445, 71.83052241681727]}}, {"id": "1602", "type": "Feature", "properties": {"ID": 1651, "width_mean": 271.0, "slope": 0.000123, "uparea": 6340.35109871, "trend": "increasing", "ave_flux": 0.0079332, "continent": "Asia", "ord_stra": 5, "image_num": 274, "OWT": 3, "trend2": "increasing", "label": "River mouth 1651"}, "geometry": {"type": "Point", "coordinates": [76.87638748251359, 69.07428516365638]}}, {"id": "1603", "type": "Feature", "properties": {"ID": 1652, "width_mean": 432.0, "slope": 0.0, "uparea": 2802.08463928, "trend": "no trend", "ave_flux": 0.00164994, "continent": "Asia", "ord_stra": 5, "image_num": 294, "OWT": 3, "trend2": "no trend", "label": "River mouth 1652"}, "geometry": {"type": "Point", "coordinates": [72.0969341753563, 69.41934302250806]}}, {"id": "1604", "type": "Feature", "properties": {"ID": 1653, "width_mean": 655.0, "slope": 2.8e-05, "uparea": 10350.6546662, "trend": "no trend", "ave_flux": 0.00906294, "continent": "Asia", "ord_stra": 4, "image_num": 282, "OWT": 1, "trend2": "no trend", "label": "River mouth 1653"}, "geometry": {"type": "Point", "coordinates": [76.92141479645738, 71.03900003996874]}}, {"id": "1605", "type": "Feature", "properties": {"ID": 1654, "width_mean": 72.0, "slope": 0.0, "uparea": 943.0949548963864, "trend": "no trend", "ave_flux": 0.00106534, "continent": "Asia", "ord_stra": 4, "image_num": 240, "OWT": 2, "trend2": "no trend", "label": "River mouth 1654"}, "geometry": {"type": "Point", "coordinates": [82.11758628983861, 71.18017176468402]}}, {"id": "1606", "type": "Feature", "properties": {"ID": 1655, "width_mean": 72.0, "slope": 0.0, "uparea": 427.8570182373742, "trend": "no trend", "ave_flux": 0.000319231, "continent": "Asia", "ord_stra": 4, "image_num": 181, "OWT": 2, "trend2": "decreasing", "label": "River mouth 1655"}, "geometry": {"type": "Point", "coordinates": [78.2523849096009, 71.87659997948647]}}, {"id": "1607", "type": "Feature", "properties": {"ID": 1656, "width_mean": 72.0, "slope": -3.4e-05, "uparea": 1397.78175455, "trend": "decreasing", "ave_flux": 0.00139497, "continent": "Asia", "ord_stra": 4, "image_num": 281, "OWT": 3, "trend2": "decreasing", "label": "River mouth 1656"}, "geometry": {"type": "Point", "coordinates": [78.27987965852823, 70.83476413688688]}}, {"id": "1608", "type": "Feature", "properties": {"ID": 1657, "width_mean": 72.0, "slope": -1.4e-05, "uparea": 1504.45239863, "trend": "decreasing", "ave_flux": 0.00111851, "continent": "Asia", "ord_stra": 4, "image_num": 213, "OWT": 3, "trend2": "decreasing", "label": "River mouth 1657"}, "geometry": {"type": "Point", "coordinates": [81.12367223948436, 71.82779594207236]}}, {"id": "1609", "type": "Feature", "properties": {"ID": 1658, "width_mean": 72.0, "slope": 0.0, "uparea": 676.9276606582163, "trend": "no trend", "ave_flux": 0.000728571, "continent": "Asia", "ord_stra": 4, "image_num": 185, "OWT": 3, "trend2": "no trend", "label": "River mouth 1658"}, "geometry": {"type": "Point", "coordinates": [78.18943444778505, 71.84132999853293]}}, {"id": "1610", "type": "Feature", "properties": {"ID": 1659, "width_mean": 97.0, "slope": -8.1e-05, "uparea": 1235.37555573, "trend": "decreasing", "ave_flux": 0.00205691, "continent": "Asia", "ord_stra": 4, "image_num": 238, "OWT": 3, "trend2": "decreasing", "label": "River mouth 1659"}, "geometry": {"type": "Point", "coordinates": [81.43806471384215, 71.70081597467518]}}, {"id": "1611", "type": "Feature", "properties": {"ID": 1660, "width_mean": 97.0, "slope": -9e-06, "uparea": 1601.12545451, "trend": "no trend", "ave_flux": 0.00145457, "continent": "Asia", "ord_stra": 4, "image_num": 308, "OWT": 3, "trend2": "decreasing", "label": "River mouth 1660"}, "geometry": {"type": "Point", "coordinates": [83.36965000044722, 71.10094000028084]}}, {"id": "1612", "type": "Feature", "properties": {"ID": 1661, "width_mean": 124.0, "slope": 0.0, "uparea": 2092.02912462, "trend": "no trend", "ave_flux": 0.00221754, "continent": "Asia", "ord_stra": 4, "image_num": 275, "OWT": 3, "trend2": "no trend", "label": "River mouth 1661"}, "geometry": {"type": "Point", "coordinates": [78.08853999992112, 70.90506000001903]}}, {"id": "1613", "type": "Feature", "properties": {"ID": 1662, "width_mean": 850.0, "slope": -3.8e-05, "uparea": 5194.18704576, "trend": "no trend", "ave_flux": 0.00441157, "continent": "Asia", "ord_stra": 5, "image_num": 284, "OWT": 1, "trend2": "decreasing", "label": "River mouth 1662"}, "geometry": {"type": "Point", "coordinates": [78.65823567324547, 70.92117310547953]}}, {"id": "1614", "type": "Feature", "properties": {"ID": 1663, "width_mean": 4466.0, "slope": -0.00929, "uparea": 2540719.341, "trend": "decreasing", "ave_flux": 2.72945, "continent": "Asia", "ord_stra": 4, "image_num": 444, "OWT": 1, "trend2": "decreasing", "label": "River mouth 1663"}, "geometry": {"type": "Point", "coordinates": [83.5241106980705, 69.92501861853198]}}, {"id": "1615", "type": "Feature", "properties": {"ID": 1664, "width_mean": 5000.0, "slope": -0.00026, "uparea": 26678.7974722, "trend": "decreasing", "ave_flux": 0.0232879, "continent": "Asia", "ord_stra": 4, "image_num": 367, "OWT": 1, "trend2": "decreasing", "label": "River mouth 1664"}, "geometry": {"type": "Point", "coordinates": [82.58881428555136, 70.96388485854324]}}, {"id": "1616", "type": "Feature", "properties": {"ID": 1665, "width_mean": 50.0, "slope": -1e-06, "uparea": 424.27182940449916, "trend": "no trend", "ave_flux": 0.000348276, "continent": "Asia", "ord_stra": 4, "image_num": 217, "OWT": 4, "trend2": "decreasing", "label": "River mouth 1665"}, "geometry": {"type": "Point", "coordinates": [84.03689496359046, 71.51920795209531]}}, {"id": "1617", "type": "Feature", "properties": {"ID": 1666, "width_mean": 72.0, "slope": -5e-06, "uparea": 1669.80541325, "trend": "no trend", "ave_flux": 0.00226706, "continent": "Asia", "ord_stra": 5, "image_num": 325, "OWT": 3, "trend2": "no trend", "label": "River mouth 1666"}, "geometry": {"type": "Point", "coordinates": [84.21209625220393, 70.21318101160062]}}, {"id": "1618", "type": "Feature", "properties": {"ID": 1667, "width_mean": 124.0, "slope": -1e-05, "uparea": 844.8470541873421, "trend": "decreasing", "ave_flux": 0.000559906, "continent": "Asia", "ord_stra": 4, "image_num": 176, "OWT": 3, "trend2": "decreasing", "label": "River mouth 1667"}, "geometry": {"type": "Point", "coordinates": [131.90422648814248, 71.06064479759425]}}, {"id": "1619", "type": "Feature", "properties": {"ID": 1668, "width_mean": 155.0, "slope": 1.8e-05, "uparea": 712.6275313217412, "trend": "increasing", "ave_flux": 0.000645714, "continent": "Asia", "ord_stra": 4, "image_num": 171, "OWT": 2, "trend2": "increasing", "label": "River mouth 1668"}, "geometry": {"type": "Point", "coordinates": [129.5008809587922, 71.15471404315116]}}, {"id": "1620", "type": "Feature", "properties": {"ID": 1669, "width_mean": 190.0, "slope": 0.0, "uparea": 1478.54518877, "trend": "no trend", "ave_flux": 0.00109809, "continent": "Asia", "ord_stra": 4, "image_num": 182, "OWT": 3, "trend2": "no trend", "label": "River mouth 1669"}, "geometry": {"type": "Point", "coordinates": [131.64866064437587, 70.79620028483865]}}, {"id": "1621", "type": "Feature", "properties": {"ID": 1670, "width_mean": 228.0, "slope": 2.7e-05, "uparea": 886.9317517722777, "trend": "no trend", "ave_flux": 0.00179, "continent": "Asia", "ord_stra": 4, "image_num": 187, "OWT": 4, "trend2": "no trend", "label": "River mouth 1670"}, "geometry": {"type": "Point", "coordinates": [129.5009904212467, 70.96730053926643]}}, {"id": "1622", "type": "Feature", "properties": {"ID": 1671, "width_mean": 271.0, "slope": 0.0, "uparea": 1494.10693875, "trend": "no trend", "ave_flux": 0.000974743, "continent": "Asia", "ord_stra": 4, "image_num": 160, "OWT": 2, "trend2": "no trend", "label": "River mouth 1671"}, "geometry": {"type": "Point", "coordinates": [131.28933886824265, 70.65131949823706]}}, {"id": "1623", "type": "Feature", "properties": {"ID": 1672, "width_mean": 850.0, "slope": 0.000139, "uparea": 4465.657613, "trend": "increasing", "ave_flux": 0.0101915, "continent": "Asia", "ord_stra": 5, "image_num": 204, "OWT": 4, "trend2": "increasing", "label": "River mouth 1672"}, "geometry": {"type": "Point", "coordinates": [129.75535000010245, 70.90380000036976]}}, {"id": "1624", "type": "Feature", "properties": {"ID": 1673, "width_mean": 124.0, "slope": 2.2e-05, "uparea": 3140.42280764, "trend": "no trend", "ave_flux": 0.00134469, "continent": "Asia", "ord_stra": 4, "image_num": 253, "OWT": 1, "trend2": "increasing", "label": "River mouth 1673"}, "geometry": {"type": "Point", "coordinates": [137.56825916536224, 71.08608148736218]}}, {"id": "1625", "type": "Feature", "properties": {"ID": 1674, "width_mean": 498.0, "slope": 0.000545, "uparea": 38165.9859073, "trend": "increasing", "ave_flux": 0.0300751, "continent": "Asia", "ord_stra": 6, "image_num": 225, "OWT": 1, "trend2": "increasing", "label": "River mouth 1674"}, "geometry": {"type": "Point", "coordinates": [132.35739131538946, 71.1691100256312]}}, {"id": "1626", "type": "Feature", "properties": {"ID": 1675, "width_mean": 72.0, "slope": 0.0, "uparea": 665.2004932425364, "trend": "no trend", "ave_flux": 0.000384211, "continent": "Asia", "ord_stra": 4, "image_num": 219, "OWT": 2, "trend2": "no trend", "label": "River mouth 1675"}, "geometry": {"type": "Point", "coordinates": [140.1762682975528, 71.52316377317838]}}, {"id": "1627", "type": "Feature", "properties": {"ID": 1676, "width_mean": 97.0, "slope": 0.0, "uparea": 3003.82262411, "trend": "no trend", "ave_flux": 0.00106467, "continent": "Asia", "ord_stra": 4, "image_num": 181, "OWT": 3, "trend2": "no trend", "label": "River mouth 1676"}, "geometry": {"type": "Point", "coordinates": [140.15737275110712, 71.84901198206248]}}, {"id": "1628", "type": "Feature", "properties": {"ID": 1677, "width_mean": 155.0, "slope": 0.000173, "uparea": 16404.7140481, "trend": "increasing", "ave_flux": 0.0133695, "continent": "Asia", "ord_stra": 6, "image_num": 243, "OWT": 3, "trend2": "increasing", "label": "River mouth 1677"}, "geometry": {"type": "Point", "coordinates": [138.59849616074504, 71.1484347614969]}}, {"id": "1629", "type": "Feature", "properties": {"ID": 1678, "width_mean": 97.0, "slope": 0.0, "uparea": 566.4935743991845, "trend": "no trend", "ave_flux": 0.000235714, "continent": "Asia", "ord_stra": 4, "image_num": 174, "OWT": 3, "trend2": "no trend", "label": "River mouth 1678"}, "geometry": {"type": "Point", "coordinates": [145.57453689675532, 71.64196275871234]}}, {"id": "1630", "type": "Feature", "properties": {"ID": 1679, "width_mean": 155.0, "slope": 1.1e-05, "uparea": 5784.95497949, "trend": "no trend", "ave_flux": 0.00219869, "continent": "Asia", "ord_stra": 4, "image_num": 156, "OWT": 1, "trend2": "no trend", "label": "River mouth 1679"}, "geometry": {"type": "Point", "coordinates": [148.7742843447633, 71.61800806003002]}}, {"id": "1631", "type": "Feature", "properties": {"ID": 1680, "width_mean": 228.0, "slope": -1.2e-05, "uparea": 1496.28122481, "trend": "decreasing", "ave_flux": 0.0005028, "continent": "Asia", "ord_stra": 5, "image_num": 144, "OWT": 1, "trend2": "decreasing", "label": "River mouth 1680"}, "geometry": {"type": "Point", "coordinates": [148.91577190839678, 71.7935660255721]}}, {"id": "1632", "type": "Feature", "properties": {"ID": 1681, "width_mean": 271.0, "slope": 5.5e-05, "uparea": 12294.7768746, "trend": "no trend", "ave_flux": 0.00854803, "continent": "Asia", "ord_stra": 7, "image_num": 183, "OWT": 3, "trend2": "no trend", "label": "River mouth 1681"}, "geometry": {"type": "Point", "coordinates": [144.6461465734033, 71.5847700462837]}}, {"id": "1633", "type": "Feature", "properties": {"ID": 1682, "width_mean": 319.0, "slope": 2.7e-05, "uparea": 2844.77484705, "trend": "increasing", "ave_flux": 0.00094955, "continent": "Asia", "ord_stra": 4, "image_num": 220, "OWT": 1, "trend2": "increasing", "label": "River mouth 1682"}, "geometry": {"type": "Point", "coordinates": [145.37562816125634, 71.57374366735004]}}, {"id": "1634", "type": "Feature", "properties": {"ID": 1683, "width_mean": 747.0, "slope": 0.006244, "uparea": 325614.672534, "trend": "increasing", "ave_flux": 0.477523, "continent": "Asia", "ord_stra": 4, "image_num": 200, "OWT": 1, "trend2": "increasing", "label": "River mouth 1683"}, "geometry": {"type": "Point", "coordinates": [149.93245358236206, 71.11306326209997]}}, {"id": "1635", "type": "Feature", "properties": {"ID": 1685, "width_mean": 72.0, "slope": 7e-06, "uparea": 974.819033038661, "trend": "no trend", "ave_flux": 0.000490125, "continent": "Asia", "ord_stra": 4, "image_num": 164, "OWT": 3, "trend2": "no trend", "label": "River mouth 1685"}, "geometry": {"type": "Point", "coordinates": [152.31743999995615, 70.77415999978422]}}, {"id": "1636", "type": "Feature", "properties": {"ID": 1686, "width_mean": 155.0, "slope": 4.9e-05, "uparea": 3079.47804867, "trend": "increasing", "ave_flux": 0.000961571, "continent": "Asia", "ord_stra": 5, "image_num": 165, "OWT": 3, "trend2": "increasing", "label": "River mouth 1686"}, "geometry": {"type": "Point", "coordinates": [155.5666496724467, 70.9531376743174]}}, {"id": "1637", "type": "Feature", "properties": {"ID": 1687, "width_mean": 190.0, "slope": 0.0, "uparea": 62572.5888197, "trend": "no trend", "ave_flux": 0.0360993, "continent": "Asia", "ord_stra": 7, "image_num": 173, "OWT": 3, "trend2": "no trend", "label": "River mouth 1687"}, "geometry": {"type": "Point", "coordinates": [153.67878999995855, 70.77928000027185]}}, {"id": "1638", "type": "Feature", "properties": {"ID": 1688, "width_mean": 319.0, "slope": 0.0, "uparea": 523.409558541256, "trend": "no trend", "ave_flux": 0.000192063, "continent": "Asia", "ord_stra": 4, "image_num": 144, "OWT": 1, "trend2": "no trend", "label": "River mouth 1688"}, "geometry": {"type": "Point", "coordinates": [151.8443877834558, 71.05707593851405]}}, {"id": "1639", "type": "Feature", "properties": {"ID": 1689, "width_mean": 432.0, "slope": 2.5e-05, "uparea": 6842.06755107, "trend": "no trend", "ave_flux": 0.00239712, "continent": "Asia", "ord_stra": 4, "image_num": 166, "OWT": 1, "trend2": "no trend", "label": "River mouth 1689"}, "geometry": {"type": "Point", "coordinates": [152.5490047981446, 70.78584983682211]}}, {"id": "1640", "type": "Feature", "properties": {"ID": 1690, "width_mean": 1996.0, "slope": 4e-05, "uparea": 11274.5474626, "trend": "no trend", "ave_flux": 0.00443197, "continent": "Asia", "ord_stra": 4, "image_num": 206, "OWT": 1, "trend2": "no trend", "label": "River mouth 1690"}, "geometry": {"type": "Point", "coordinates": [151.90141580783975, 70.95149470090816]}}, {"id": "1641", "type": "Feature", "properties": {"ID": 1691, "width_mean": 50.0, "slope": 2.2e-05, "uparea": 845.0486452280314, "trend": "increasing", "ave_flux": 0.000863633, "continent": "Asia", "ord_stra": 4, "image_num": 247, "OWT": 4, "trend2": "increasing", "label": "River mouth 1691"}, "geometry": {"type": "Point", "coordinates": [161.8975710056814, 69.45222577277701]}}, {"id": "1642", "type": "Feature", "properties": {"ID": 1692, "width_mean": 124.0, "slope": 7.1e-05, "uparea": 6530.47422839, "trend": "increasing", "ave_flux": 0.00228003, "continent": "Asia", "ord_stra": 5, "image_num": 237, "OWT": 3, "trend2": "increasing", "label": "River mouth 1692"}, "geometry": {"type": "Point", "coordinates": [159.67348000030188, 69.64832000016793]}}, {"id": "1643", "type": "Feature", "properties": {"ID": 1693, "width_mean": 572.0, "slope": 8e-06, "uparea": 533.8935170068237, "trend": "no trend", "ave_flux": 0.000250688, "continent": "Asia", "ord_stra": 4, "image_num": 245, "OWT": 1, "trend2": "no trend", "label": "River mouth 1693"}, "geometry": {"type": "Point", "coordinates": [160.39013751817012, 69.59827299253426]}}, {"id": "1644", "type": "Feature", "properties": {"ID": 1694, "width_mean": 747.0, "slope": 0.000187, "uparea": 21072.3880621, "trend": "increasing", "ave_flux": 0.00690291, "continent": "Asia", "ord_stra": 6, "image_num": 227, "OWT": 3, "trend2": "increasing", "label": "River mouth 1694"}, "geometry": {"type": "Point", "coordinates": [159.52241214721892, 70.0854847892773]}}, {"id": "1645", "type": "Feature", "properties": {"ID": 1695, "width_mean": 3558.0, "slope": 0.0049, "uparea": 652769.534357, "trend": "increasing", "ave_flux": 0.612609, "continent": "Asia", "ord_stra": 8, "image_num": 318, "OWT": 1, "trend2": "increasing", "label": "River mouth 1695"}, "geometry": {"type": "Point", "coordinates": [160.6257282085492, 68.51851305256683]}}, {"id": "1646", "type": "Feature", "properties": {"ID": 1696, "width_mean": 4466.0, "slope": 1.1e-05, "uparea": 894.0592443050156, "trend": "no trend", "ave_flux": 0.000277533, "continent": "Asia", "ord_stra": 4, "image_num": 339, "OWT": 1, "trend2": "no trend", "label": "River mouth 1696"}, "geometry": {"type": "Point", "coordinates": [161.0531264155734, 69.37835297361232]}}, {"id": "1647", "type": "Feature", "properties": {"ID": 1697, "width_mean": 72.0, "slope": 6e-06, "uparea": 413.28883057673994, "trend": "no trend", "ave_flux": 0.000544759, "continent": "Asia", "ord_stra": 4, "image_num": 269, "OWT": 2, "trend2": "no trend", "label": "River mouth 1697"}, "geometry": {"type": "Point", "coordinates": [164.26239522034052, 69.60028449842126]}}, {"id": "1648", "type": "Feature", "properties": {"ID": 1698, "width_mean": 124.0, "slope": 7e-06, "uparea": 1724.82555875, "trend": "no trend", "ave_flux": 0.00136954, "continent": "Asia", "ord_stra": 4, "image_num": 287, "OWT": 3, "trend2": "no trend", "label": "River mouth 1698"}, "geometry": {"type": "Point", "coordinates": [162.56045754275203, 69.61513174217549]}}, {"id": "1649", "type": "Feature", "properties": {"ID": 1699, "width_mean": 124.0, "slope": 1.7e-05, "uparea": 557.2994822111725, "trend": "no trend", "ave_flux": 0.000411111, "continent": "Asia", "ord_stra": 4, "image_num": 264, "OWT": 3, "trend2": "increasing", "label": "River mouth 1699"}, "geometry": {"type": "Point", "coordinates": [167.2454200844381, 69.50784004316291]}}, {"id": "1650", "type": "Feature", "properties": {"ID": 1700, "width_mean": 228.0, "slope": 0.000106, "uparea": 13834.287211, "trend": "no trend", "ave_flux": 0.0138375, "continent": "Asia", "ord_stra": 5, "image_num": 222, "OWT": 3, "trend2": "no trend", "label": "River mouth 1700"}, "geometry": {"type": "Point", "coordinates": [166.5542695384998, 69.46741101008782]}}, {"id": "1651", "type": "Feature", "properties": {"ID": 1701, "width_mean": 72.0, "slope": 0.0, "uparea": 496.47668397840505, "trend": "no trend", "ave_flux": 0.000242857, "continent": "Asia", "ord_stra": 4, "image_num": 195, "OWT": 2, "trend2": "no trend", "label": "River mouth 1701"}, "geometry": {"type": "Point", "coordinates": [168.1317229371429, 69.248185445004]}}, {"id": "1652", "type": "Feature", "properties": {"ID": 1702, "width_mean": 72.0, "slope": 1.4e-05, "uparea": 3365.52507771, "trend": "no trend", "ave_flux": 0.00484466, "continent": "Asia", "ord_stra": 5, "image_num": 205, "OWT": 2, "trend2": "no trend", "label": "River mouth 1702"}, "geometry": {"type": "Point", "coordinates": [170.06809423364888, 68.69038516868639]}}, {"id": "1653", "type": "Feature", "properties": {"ID": 1703, "width_mean": 97.0, "slope": -1.3e-05, "uparea": 1285.37252802, "trend": "no trend", "ave_flux": 0.00173954, "continent": "Asia", "ord_stra": 4, "image_num": 278, "OWT": 2, "trend2": "no trend", "label": "River mouth 1703"}, "geometry": {"type": "Point", "coordinates": [170.68593999983125, 69.78748000000206]}}, {"id": "1654", "type": "Feature", "properties": {"ID": 1704, "width_mean": 97.0, "slope": 0.0, "uparea": 1256.31510522, "trend": "no trend", "ave_flux": 0.000861406, "continent": "Asia", "ord_stra": 4, "image_num": 157, "OWT": 2, "trend2": "no trend", "label": "River mouth 1704"}, "geometry": {"type": "Point", "coordinates": [173.18589456702585, 69.67202795536676]}}, {"id": "1655", "type": "Feature", "properties": {"ID": 1705, "width_mean": 124.0, "slope": 0.0, "uparea": 2337.40938541, "trend": "no trend", "ave_flux": 0.0037948, "continent": "Asia", "ord_stra": 4, "image_num": 225, "OWT": 2, "trend2": "no trend", "label": "River mouth 1705"}, "geometry": {"type": "Point", "coordinates": [169.92289999983518, 68.6883999996603]}}, {"id": "1656", "type": "Feature", "properties": {"ID": 1706, "width_mean": 155.0, "slope": 0.0, "uparea": 2430.95077598, "trend": "no trend", "ave_flux": 0.00240074, "continent": "Asia", "ord_stra": 4, "image_num": 232, "OWT": 1, "trend2": "no trend", "label": "River mouth 1706"}, "geometry": {"type": "Point", "coordinates": [170.7982019135165, 69.37529883010436]}}, {"id": "1657", "type": "Feature", "properties": {"ID": 1707, "width_mean": 228.0, "slope": 3.2e-05, "uparea": 4877.28866157, "trend": "no trend", "ave_flux": 0.00253934, "continent": "Asia", "ord_stra": 6, "image_num": 221, "OWT": 1, "trend2": "increasing", "label": "River mouth 1707"}, "geometry": {"type": "Point", "coordinates": [170.60121799087523, 68.7017099723265]}}, {"id": "1658", "type": "Feature", "properties": {"ID": 1708, "width_mean": 319.0, "slope": 6e-06, "uparea": 2878.60709859, "trend": "no trend", "ave_flux": 0.00281189, "continent": "Asia", "ord_stra": 5, "image_num": 275, "OWT": 3, "trend2": "no trend", "label": "River mouth 1708"}, "geometry": {"type": "Point", "coordinates": [171.12679050206327, 69.03158532864173]}}, {"id": "1659", "type": "Feature", "properties": {"ID": 1709, "width_mean": 498.0, "slope": -0.000129, "uparea": 23906.6614028, "trend": "no trend", "ave_flux": 0.0214131, "continent": "Asia", "ord_stra": 5, "image_num": 227, "OWT": 1, "trend2": "decreasing", "label": "River mouth 1709"}, "geometry": {"type": "Point", "coordinates": [170.74559643771676, 68.80852443774225]}}, {"id": "1660", "type": "Feature", "properties": {"ID": 1710, "width_mean": 432.0, "slope": 0.000372, "uparea": 20238.9489873, "trend": "increasing", "ave_flux": 0.0174269, "continent": "Asia", "ord_stra": 4, "image_num": 177, "OWT": 1, "trend2": "increasing", "label": "River mouth 1710"}, "geometry": {"type": "Point", "coordinates": [174.0159599998542, 69.76804000014596]}}, {"id": "1661", "type": "Feature", "properties": {"ID": 1711, "width_mean": 50.0, "slope": 1.1e-05, "uparea": 2616.49448332, "trend": "no trend", "ave_flux": 0.0018478, "continent": "North America", "ord_stra": 4, "image_num": 320, "OWT": 4, "trend2": "no trend", "label": "River mouth 1711"}, "geometry": {"type": "Point", "coordinates": [-125.4686482143047, 72.07740565406101]}}, {"id": "1662", "type": "Feature", "properties": {"ID": 1712, "width_mean": 50.0, "slope": -8.1e-05, "uparea": 5680.30618068, "trend": "decreasing", "ave_flux": 0.00224977, "continent": "North America", "ord_stra": 4, "image_num": 299, "OWT": 2, "trend2": "decreasing", "label": "River mouth 1712"}, "geometry": {"type": "Point", "coordinates": [-124.65020751424971, 72.44247660819693]}}, {"id": "1663", "type": "Feature", "properties": {"ID": 1713, "width_mean": 72.0, "slope": -0.000133, "uparea": 10056.1167982, "trend": "decreasing", "ave_flux": 0.00344661, "continent": "North America", "ord_stra": 5, "image_num": 294, "OWT": 4, "trend2": "decreasing", "label": "River mouth 1713"}, "geometry": {"type": "Point", "coordinates": [-123.78151977969486, 73.53894748388484]}}, {"id": "1664", "type": "Feature", "properties": {"ID": 1714, "width_mean": 97.0, "slope": 4.1e-05, "uparea": 3395.35188289, "trend": "no trend", "ave_flux": 0.00294483, "continent": "North America", "ord_stra": 4, "image_num": 325, "OWT": 1, "trend2": "no trend", "label": "River mouth 1714"}, "geometry": {"type": "Point", "coordinates": [-114.02873532983892, 72.62100210318263]}}, {"id": "1665", "type": "Feature", "properties": {"ID": 1715, "width_mean": 155.0, "slope": 9e-06, "uparea": 2667.36692856, "trend": "no trend", "ave_flux": 0.001998, "continent": "North America", "ord_stra": 5, "image_num": 259, "OWT": 1, "trend2": "no trend", "label": "River mouth 1715"}, "geometry": {"type": "Point", "coordinates": [-114.60736411365647, 72.56813714699064]}}, {"id": "1666", "type": "Feature", "properties": {"ID": 1716, "width_mean": 372.0, "slope": 5.3e-05, "uparea": 10744.3725508, "trend": "no trend", "ave_flux": 0.00466217, "continent": "North America", "ord_stra": 4, "image_num": 317, "OWT": 1, "trend2": "no trend", "label": "River mouth 1716"}, "geometry": {"type": "Point", "coordinates": [-119.75230849078457, 74.05598107117315]}}, {"id": "1667", "type": "Feature", "properties": {"ID": 1717, "width_mean": 72.0, "slope": 0.0, "uparea": 497.753922875784, "trend": "no trend", "ave_flux": 0.000432742, "continent": "North America", "ord_stra": 4, "image_num": 253, "OWT": 4, "trend2": "decreasing", "label": "River mouth 1717"}, "geometry": {"type": "Point", "coordinates": [-112.1311805484607, 72.26393190921246]}}, {"id": "1668", "type": "Feature", "properties": {"ID": 1718, "width_mean": 72.0, "slope": 2.2e-05, "uparea": 1841.69947013, "trend": "increasing", "ave_flux": 0.00092025, "continent": "North America", "ord_stra": 4, "image_num": 203, "OWT": 3, "trend2": "increasing", "label": "River mouth 1718"}, "geometry": {"type": "Point", "coordinates": [-108.64493999998098, 72.29305000005752]}}, {"id": "1669", "type": "Feature", "properties": {"ID": 1720, "width_mean": 72.0, "slope": 2e-06, "uparea": 1211.49717244, "trend": "no trend", "ave_flux": 0.000594657, "continent": "North America", "ord_stra": 4, "image_num": 221, "OWT": 3, "trend2": "no trend", "label": "River mouth 1720"}, "geometry": {"type": "Point", "coordinates": [-105.05158999997849, 72.04591999980818]}}, {"id": "1670", "type": "Feature", "properties": {"ID": 1721, "width_mean": 72.0, "slope": 0.0, "uparea": 649.1366739205625, "trend": "no trend", "ave_flux": 0.000188941, "continent": "North America", "ord_stra": 4, "image_num": 218, "OWT": 2, "trend2": "no trend", "label": "River mouth 1721"}, "geometry": {"type": "Point", "coordinates": [-105.66481939879661, 72.85478724994488]}}, {"id": "1671", "type": "Feature", "properties": {"ID": 1722, "width_mean": 124.0, "slope": 3e-06, "uparea": 679.3191807007928, "trend": "no trend", "ave_flux": 0.000540387, "continent": "North America", "ord_stra": 4, "image_num": 144, "OWT": 3, "trend2": "no trend", "label": "River mouth 1722"}, "geometry": {"type": "Point", "coordinates": [-106.98583824609933, 73.14556962856992]}}, {"id": "1672", "type": "Feature", "properties": {"ID": 1723, "width_mean": 190.0, "slope": 0.0, "uparea": 485.998703826784, "trend": "no trend", "ave_flux": 0.000420875, "continent": "North America", "ord_stra": 4, "image_num": 239, "OWT": 3, "trend2": "no trend", "label": "River mouth 1723"}, "geometry": {"type": "Point", "coordinates": [-105.20539263476725, 72.35439657304298]}}, {"id": "1673", "type": "Feature", "properties": {"ID": 1724, "width_mean": 372.0, "slope": 6e-06, "uparea": 1663.96810276, "trend": "no trend", "ave_flux": 0.000983629, "continent": "North America", "ord_stra": 4, "image_num": 86, "OWT": 3, "trend2": "no trend", "label": "River mouth 1724"}, "geometry": {"type": "Point", "coordinates": [-107.4835746462503, 72.12515227595101]}}, {"id": "1674", "type": "Feature", "properties": {"ID": 1727, "width_mean": 72.0, "slope": 1.7e-05, "uparea": 5092.40622419, "trend": "no trend", "ave_flux": 0.00725574, "continent": "North America", "ord_stra": 5, "image_num": 371, "OWT": 1, "trend2": "no trend", "label": "River mouth 1727"}, "geometry": {"type": "Point", "coordinates": [-81.11584677552884, 72.1023254062175]}}, {"id": "1675", "type": "Feature", "properties": {"ID": 1728, "width_mean": 72.0, "slope": -0.000234, "uparea": 1386.4880796, "trend": "decreasing", "ave_flux": 0.0104181, "continent": "North America", "ord_stra": 4, "image_num": 320, "OWT": 3, "trend2": "decreasing", "label": "River mouth 1728"}, "geometry": {"type": "Point", "coordinates": [-78.09204999970768, 72.64375000016241]}}, {"id": "1676", "type": "Feature", "properties": {"ID": 1729, "width_mean": 97.0, "slope": 0.0, "uparea": 3145.22096269, "trend": "no trend", "ave_flux": 0.00190903, "continent": "North America", "ord_stra": 4, "image_num": 349, "OWT": 3, "trend2": "no trend", "label": "River mouth 1729"}, "geometry": {"type": "Point", "coordinates": [-80.85412292256868, 72.9508510656497]}}, {"id": "1677", "type": "Feature", "properties": {"ID": 1730, "width_mean": 50.0, "slope": 2e-06, "uparea": 921.2732306250853, "trend": "no trend", "ave_flux": 0.00115977, "continent": "Asia", "ord_stra": 4, "image_num": 167, "OWT": 3, "trend2": "no trend", "label": "River mouth 1730"}, "geometry": {"type": "Point", "coordinates": [68.90453796550186, 72.09103022613638]}}, {"id": "1678", "type": "Feature", "properties": {"ID": 1731, "width_mean": 72.0, "slope": 1.3e-05, "uparea": 1269.73192926, "trend": "no trend", "ave_flux": 0.00173581, "continent": "Asia", "ord_stra": 4, "image_num": 171, "OWT": 3, "trend2": "no trend", "label": "River mouth 1731"}, "geometry": {"type": "Point", "coordinates": [71.92180000016992, 72.78933999974123]}}, {"id": "1679", "type": "Feature", "properties": {"ID": 1732, "width_mean": 190.0, "slope": -0.000119, "uparea": 2849.95951, "trend": "decreasing", "ave_flux": 0.00247549, "continent": "Asia", "ord_stra": 4, "image_num": 149, "OWT": 3, "trend2": "decreasing", "label": "River mouth 1732"}, "geometry": {"type": "Point", "coordinates": [70.98858015280011, 72.83325439674498]}}, {"id": "1680", "type": "Feature", "properties": {"ID": 1733, "width_mean": 50.0, "slope": 7e-06, "uparea": 1090.20450127, "trend": "no trend", "ave_flux": 0.00103711, "continent": "Asia", "ord_stra": 4, "image_num": 210, "OWT": 3, "trend2": "no trend", "label": "River mouth 1733"}, "geometry": {"type": "Point", "coordinates": [72.69520477821844, 72.48039990390636]}}, {"id": "1681", "type": "Feature", "properties": {"ID": 1734, "width_mean": 50.0, "slope": 0.0, "uparea": 587.3272958925895, "trend": "no trend", "ave_flux": 0.000772371, "continent": "Asia", "ord_stra": 4, "image_num": 158, "OWT": 4, "trend2": "no trend", "label": "River mouth 1734"}, "geometry": {"type": "Point", "coordinates": [83.84032751433499, 72.08441497772887]}}, {"id": "1682", "type": "Feature", "properties": {"ID": 1735, "width_mean": 72.0, "slope": 0.0, "uparea": 510.84370719890006, "trend": "no trend", "ave_flux": 0.000785781, "continent": "Asia", "ord_stra": 4, "image_num": 136, "OWT": 4, "trend2": "no trend", "label": "River mouth 1735"}, "geometry": {"type": "Point", "coordinates": [83.85494999964283, 73.6040900002534]}}, {"id": "1683", "type": "Feature", "properties": {"ID": 1736, "width_mean": 97.0, "slope": 6e-06, "uparea": 486.92542804587424, "trend": "no trend", "ave_flux": 0.000767743, "continent": "Asia", "ord_stra": 4, "image_num": 220, "OWT": 3, "trend2": "no trend", "label": "River mouth 1736"}, "geometry": {"type": "Point", "coordinates": [82.55311000012648, 72.09462999957486]}}, {"id": "1684", "type": "Feature", "properties": {"ID": 1737, "width_mean": 97.0, "slope": 2.9e-05, "uparea": 2205.60085005, "trend": "no trend", "ave_flux": 0.0024634, "continent": "Asia", "ord_stra": 4, "image_num": 130, "OWT": 4, "trend2": "no trend", "label": "River mouth 1737"}, "geometry": {"type": "Point", "coordinates": [82.40835999971426, 73.59446999999057]}}, {"id": "1685", "type": "Feature", "properties": {"ID": 1738, "width_mean": 97.0, "slope": 0.0, "uparea": 634.41941740695, "trend": "no trend", "ave_flux": 0.000613643, "continent": "Asia", "ord_stra": 4, "image_num": 190, "OWT": 3, "trend2": "no trend", "label": "River mouth 1738"}, "geometry": {"type": "Point", "coordinates": [82.60054600365692, 72.39548855197359]}}, {"id": "1686", "type": "Feature", "properties": {"ID": 1739, "width_mean": 97.0, "slope": 9e-06, "uparea": 992.966743294836, "trend": "no trend", "ave_flux": 0.00142397, "continent": "Asia", "ord_stra": 4, "image_num": 159, "OWT": 3, "trend2": "no trend", "label": "River mouth 1739"}, "geometry": {"type": "Point", "coordinates": [80.76957292610527, 73.19918944526754]}}, {"id": "1687", "type": "Feature", "properties": {"ID": 1740, "width_mean": 155.0, "slope": 7e-06, "uparea": 711.8903784541212, "trend": "no trend", "ave_flux": 0.0008646, "continent": "Asia", "ord_stra": 4, "image_num": 215, "OWT": 1, "trend2": "no trend", "label": "River mouth 1740"}, "geometry": {"type": "Point", "coordinates": [81.58659883834092, 72.35750033285171]}}, {"id": "1688", "type": "Feature", "properties": {"ID": 1741, "width_mean": 228.0, "slope": -1.4e-05, "uparea": 3241.97074352, "trend": "no trend", "ave_flux": 0.00296331, "continent": "Asia", "ord_stra": 4, "image_num": 179, "OWT": 1, "trend2": "decreasing", "label": "River mouth 1741"}, "geometry": {"type": "Point", "coordinates": [78.52367726351409, 72.29931076436542]}}, {"id": "1689", "type": "Feature", "properties": {"ID": 1743, "width_mean": 155.0, "slope": 7e-06, "uparea": 1354.84924436, "trend": "no trend", "ave_flux": 0.00180526, "continent": "Asia", "ord_stra": 4, "image_num": 132, "OWT": 3, "trend2": "no trend", "label": "River mouth 1743"}, "geometry": {"type": "Point", "coordinates": [88.19717999955742, 75.08654000002105]}}, {"id": "1690", "type": "Feature", "properties": {"ID": 1744, "width_mean": 271.0, "slope": 1e-06, "uparea": 4287.51134924, "trend": "no trend", "ave_flux": 0.00259103, "continent": "Asia", "ord_stra": 4, "image_num": 160, "OWT": 1, "trend2": "no trend", "label": "River mouth 1744"}, "geometry": {"type": "Point", "coordinates": [87.21621480727018, 74.36631903855594]}}, {"id": "1691", "type": "Feature", "properties": {"ID": 1745, "width_mean": 498.0, "slope": 5e-06, "uparea": 452.6563487531501, "trend": "no trend", "ave_flux": 0.0007214, "continent": "Asia", "ord_stra": 4, "image_num": 138, "OWT": 2, "trend2": "no trend", "label": "River mouth 1745"}, "geometry": {"type": "Point", "coordinates": [88.82401394538527, 75.20815170631275]}}, {"id": "1692", "type": "Feature", "properties": {"ID": 1747, "width_mean": 572.0, "slope": 6.9e-05, "uparea": 8353.53033561, "trend": "no trend", "ave_flux": 0.0147955, "continent": "Asia", "ord_stra": 4, "image_num": 137, "OWT": 4, "trend2": "no trend", "label": "River mouth 1747"}, "geometry": {"type": "Point", "coordinates": [89.00756331817806, 75.40256413002197]}}, {"id": "1693", "type": "Feature", "properties": {"ID": 1748, "width_mean": 2244.0, "slope": -0.000257, "uparea": 171751.785828, "trend": "no trend", "ave_flux": 0.14883, "continent": "Asia", "ord_stra": 7, "image_num": 191, "OWT": 1, "trend2": "no trend", "label": "River mouth 1748"}, "geometry": {"type": "Point", "coordinates": [85.8525020734625, 73.40658907981413]}}, {"id": "1694", "type": "Feature", "properties": {"ID": 1749, "width_mean": 72.0, "slope": 2e-05, "uparea": 1559.29710173, "trend": "no trend", "ave_flux": 0.00170674, "continent": "Asia", "ord_stra": 4, "image_num": 147, "OWT": 1, "trend2": "no trend", "label": "River mouth 1749"}, "geometry": {"type": "Point", "coordinates": [93.30729563534373, 75.79209182191802]}}, {"id": "1695", "type": "Feature", "properties": {"ID": 1750, "width_mean": 97.0, "slope": 0.0, "uparea": 498.8313853129194, "trend": "no trend", "ave_flux": 0.000378226, "continent": "Asia", "ord_stra": 4, "image_num": 130, "OWT": 3, "trend2": "no trend", "label": "River mouth 1750"}, "geometry": {"type": "Point", "coordinates": [90.98190883266052, 75.57784116472973]}}, {"id": "1696", "type": "Feature", "properties": {"ID": 1751, "width_mean": 97.0, "slope": 1.2e-05, "uparea": 902.5529920019873, "trend": "increasing", "ave_flux": 0.000911286, "continent": "Asia", "ord_stra": 4, "image_num": 139, "OWT": 3, "trend2": "increasing", "label": "River mouth 1751"}, "geometry": {"type": "Point", "coordinates": [91.8174323575992, 75.59524544964947]}}, {"id": "1697", "type": "Feature", "properties": {"ID": 1752, "width_mean": 124.0, "slope": -5e-06, "uparea": 1799.6591173, "trend": "no trend", "ave_flux": 0.00131146, "continent": "Asia", "ord_stra": 4, "image_num": 129, "OWT": 1, "trend2": "no trend", "label": "River mouth 1752"}, "geometry": {"type": "Point", "coordinates": [95.81268914255529, 75.79250548266678]}}, {"id": "1698", "type": "Feature", "properties": {"ID": 1753, "width_mean": 155.0, "slope": 0.0, "uparea": 624.8527236306691, "trend": "no trend", "ave_flux": 0.000520286, "continent": "Asia", "ord_stra": 4, "image_num": 108, "OWT": 1, "trend2": "no trend", "label": "River mouth 1753"}, "geometry": {"type": "Point", "coordinates": [90.16087832644045, 75.48364518010806]}}, {"id": "1699", "type": "Feature", "properties": {"ID": 1754, "width_mean": 1996.0, "slope": 0.000715, "uparea": 124942.618557, "trend": "no trend", "ave_flux": 0.127116, "continent": "Asia", "ord_stra": 7, "image_num": 180, "OWT": 1, "trend2": "no trend", "label": "River mouth 1754"}, "geometry": {"type": "Point", "coordinates": [99.76329546062827, 75.98066820638]}}, {"id": "1700", "type": "Feature", "properties": {"ID": 1755, "width_mean": 97.0, "slope": 3.1e-05, "uparea": 3211.3061384, "trend": "no trend", "ave_flux": 0.00237366, "continent": "Asia", "ord_stra": 4, "image_num": 150, "OWT": 3, "trend2": "no trend", "label": "River mouth 1755"}, "geometry": {"type": "Point", "coordinates": [106.2408587329889, 72.72965611963079]}}, {"id": "1701", "type": "Feature", "properties": {"ID": 1756, "width_mean": 319.0, "slope": 0.0, "uparea": 17692.8679432, "trend": "no trend", "ave_flux": 0.00377729, "continent": "Asia", "ord_stra": 4, "image_num": 113, "OWT": 1, "trend2": "no trend", "label": "River mouth 1756"}, "geometry": {"type": "Point", "coordinates": [107.10322330602467, 73.59251993506133]}}, {"id": "1702", "type": "Feature", "properties": {"ID": 1757, "width_mean": 2520.0, "slope": 0.000875, "uparea": 49312.0884884, "trend": "increasing", "ave_flux": 0.0461457, "continent": "Asia", "ord_stra": 6, "image_num": 170, "OWT": 3, "trend2": "increasing", "label": "River mouth 1757"}, "geometry": {"type": "Point", "coordinates": [106.81370586819185, 72.86637069932205]}}, {"id": "1703", "type": "Feature", "properties": {"ID": 1758, "width_mean": 5000.0, "slope": 0.000335, "uparea": 301908.575811, "trend": "no trend", "ave_flux": 0.179314, "continent": "Asia", "ord_stra": 8, "image_num": 183, "OWT": 1, "trend2": "no trend", "label": "River mouth 1758"}, "geometry": {"type": "Point", "coordinates": [104.79909611506807, 72.66918437691015]}}, {"id": "1704", "type": "Feature", "properties": {"ID": 1759, "width_mean": 72.0, "slope": 1.2e-05, "uparea": 967.3825559734947, "trend": "no trend", "ave_flux": 0.000438133, "continent": "Asia", "ord_stra": 4, "image_num": 74, "OWT": 1, "trend2": "no trend", "label": "River mouth 1759"}, "geometry": {"type": "Point", "coordinates": [111.83138149095407, 74.76467493105767]}}, {"id": "1705", "type": "Feature", "properties": {"ID": 1760, "width_mean": 97.0, "slope": 2.9e-05, "uparea": 847.9740582299623, "trend": "increasing", "ave_flux": 0.00116369, "continent": "Asia", "ord_stra": 4, "image_num": 130, "OWT": 2, "trend2": "increasing", "label": "River mouth 1760"}, "geometry": {"type": "Point", "coordinates": [108.48767189178606, 73.08183694083019]}}, {"id": "1706", "type": "Feature", "properties": {"ID": 1761, "width_mean": 97.0, "slope": 5e-05, "uparea": 704.5943728367532, "trend": "no trend", "ave_flux": 0.000730769, "continent": "Asia", "ord_stra": 4, "image_num": 115, "OWT": 2, "trend2": "no trend", "label": "River mouth 1761"}, "geometry": {"type": "Point", "coordinates": [110.23323578357389, 73.37683590403383]}}, {"id": "1707", "type": "Feature", "properties": {"ID": 1762, "width_mean": 155.0, "slope": 4.2e-05, "uparea": 1185.35810833, "trend": "increasing", "ave_flux": 0.000650071, "continent": "Asia", "ord_stra": 4, "image_num": 77, "OWT": 3, "trend2": "increasing", "label": "River mouth 1762"}, "geometry": {"type": "Point", "coordinates": [111.06402860112573, 74.62757458482099]}}, {"id": "1708", "type": "Feature", "properties": {"ID": 1763, "width_mean": 190.0, "slope": 0.0, "uparea": 1442.94884803, "trend": "no trend", "ave_flux": 0.00100269, "continent": "Asia", "ord_stra": 4, "image_num": 116, "OWT": 3, "trend2": "no trend", "label": "River mouth 1763"}, "geometry": {"type": "Point", "coordinates": [111.06309573135255, 73.67223481925069]}}, {"id": "1709", "type": "Feature", "properties": {"ID": 1764, "width_mean": 190.0, "slope": 7.5e-05, "uparea": 1547.1976665, "trend": "increasing", "ave_flux": 0.00316934, "continent": "Asia", "ord_stra": 4, "image_num": 62, "OWT": 4, "trend2": "increasing", "label": "River mouth 1764"}, "geometry": {"type": "Point", "coordinates": [112.07035796160949, 75.9192374108512]}}, {"id": "1710", "type": "Feature", "properties": {"ID": 1765, "width_mean": 228.0, "slope": 2.7e-05, "uparea": 1134.6350043, "trend": "increasing", "ave_flux": 0.00128828, "continent": "Asia", "ord_stra": 4, "image_num": 66, "OWT": 4, "trend2": "increasing", "label": "River mouth 1765"}, "geometry": {"type": "Point", "coordinates": [112.13197429814143, 74.89206575156162]}}, {"id": "1711", "type": "Feature", "properties": {"ID": 1766, "width_mean": 271.0, "slope": 1.7e-05, "uparea": 626.1770886068706, "trend": "no trend", "ave_flux": 0.00071976, "continent": "Asia", "ord_stra": 4, "image_num": 72, "OWT": 4, "trend2": "no trend", "label": "River mouth 1766"}, "geometry": {"type": "Point", "coordinates": [112.68279000015843, 75.16124000042572]}}, {"id": "1712", "type": "Feature", "properties": {"ID": 1767, "width_mean": 271.0, "slope": 1.3e-05, "uparea": 684.6654590148672, "trend": "no trend", "ave_flux": 0.00128366, "continent": "Asia", "ord_stra": 4, "image_num": 77, "OWT": 4, "trend2": "no trend", "label": "River mouth 1767"}, "geometry": {"type": "Point", "coordinates": [112.92301373953124, 75.34098453711853]}}, {"id": "1713", "type": "Feature", "properties": {"ID": 1768, "width_mean": 432.0, "slope": -5e-06, "uparea": 7222.38792703, "trend": "no trend", "ave_flux": 0.00268029, "continent": "Asia", "ord_stra": 5, "image_num": 119, "OWT": 1, "trend2": "no trend", "label": "River mouth 1768"}, "geometry": {"type": "Point", "coordinates": [113.26472782144786, 73.24474529246515]}}, {"id": "1714", "type": "Feature", "properties": {"ID": 1769, "width_mean": 432.0, "slope": -2.3e-05, "uparea": 3704.78819084, "trend": "no trend", "ave_flux": 0.0045814, "continent": "Asia", "ord_stra": 4, "image_num": 108, "OWT": 3, "trend2": "decreasing", "label": "River mouth 1769"}, "geometry": {"type": "Point", "coordinates": [110.36635410661114, 74.49513318599078]}}, {"id": "1715", "type": "Feature", "properties": {"ID": 1770, "width_mean": 432.0, "slope": 0.0, "uparea": 3118.66106021, "trend": "no trend", "ave_flux": 0.00248071, "continent": "Asia", "ord_stra": 4, "image_num": 115, "OWT": 3, "trend2": "no trend", "label": "River mouth 1770"}, "geometry": {"type": "Point", "coordinates": [109.42878068620308, 74.27943894272755]}}, {"id": "1716", "type": "Feature", "properties": {"ID": 1771, "width_mean": 1397.0, "slope": 0.000761, "uparea": 87744.4103019, "trend": "increasing", "ave_flux": 0.0479518, "continent": "Asia", "ord_stra": 6, "image_num": 151, "OWT": 1, "trend2": "increasing", "label": "River mouth 1771"}, "geometry": {"type": "Point", "coordinates": [113.36633071166058, 72.88661008553676]}}, {"id": "1717", "type": "Feature", "properties": {"ID": 1772, "width_mean": 3987.0, "slope": 3.3e-05, "uparea": 511.07969317314416, "trend": "no trend", "ave_flux": 0.000523077, "continent": "Asia", "ord_stra": 4, "image_num": 121, "OWT": 3, "trend2": "increasing", "label": "River mouth 1772"}, "geometry": {"type": "Point", "coordinates": [112.9689438497569, 73.45679797705009]}}, {"id": "1718", "type": "Feature", "properties": {"ID": 1773, "width_mean": 5000.0, "slope": 9.5e-05, "uparea": 19374.6224333, "trend": "increasing", "ave_flux": 0.00735943, "continent": "Asia", "ord_stra": 4, "image_num": 110, "OWT": 1, "trend2": "increasing", "label": "River mouth 1773"}, "geometry": {"type": "Point", "coordinates": [113.84066337324116, 73.33674416451542]}}, {"id": "1719", "type": "Feature", "properties": {"ID": 1774, "width_mean": 50.0, "slope": 0.0, "uparea": 634.9242771508685, "trend": "no trend", "ave_flux": 0.000177778, "continent": "Asia", "ord_stra": 4, "image_num": 123, "OWT": 4, "trend2": "no trend", "label": "River mouth 1774"}, "geometry": {"type": "Point", "coordinates": [117.44674437021301, 73.51718249869668]}}, {"id": "1720", "type": "Feature", "properties": {"ID": 1775, "width_mean": 50.0, "slope": 2.8e-05, "uparea": 1236.12068534, "trend": "increasing", "ave_flux": 0.00082195, "continent": "Asia", "ord_stra": 4, "image_num": 115, "OWT": 4, "trend2": "increasing", "label": "River mouth 1775"}, "geometry": {"type": "Point", "coordinates": [118.10417000044527, 73.33107999994212]}}, {"id": "1721", "type": "Feature", "properties": {"ID": 1776, "width_mean": 2520.0, "slope": 0.003544, "uparea": 210398.925896, "trend": "increasing", "ave_flux": 0.140439, "continent": "Asia", "ord_stra": 7, "image_num": 155, "OWT": 1, "trend2": "increasing", "label": "River mouth 1776"}, "geometry": {"type": "Point", "coordinates": [119.85553814484481, 72.96057152279276]}}, {"id": "1722", "type": "Feature", "properties": {"ID": 1777, "width_mean": 97.0, "slope": 0.0, "uparea": 406.1013299639341, "trend": "no trend", "ave_flux": 0.000246438, "continent": "Asia", "ord_stra": 4, "image_num": 107, "OWT": 2, "trend2": "no trend", "label": "River mouth 1777"}, "geometry": {"type": "Point", "coordinates": [143.6527000003049, 72.62534999970279]}}, {"id": "1723", "type": "Feature", "properties": {"ID": 1778, "width_mean": 155.0, "slope": -4.1e-05, "uparea": 1840.38986656, "trend": "decreasing", "ave_flux": 0.00136342, "continent": "Asia", "ord_stra": 4, "image_num": 63, "OWT": 3, "trend2": "decreasing", "label": "River mouth 1778"}, "geometry": {"type": "Point", "coordinates": [148.92898927014465, 72.20101460127836]}}, {"id": "1724", "type": "Feature", "properties": {"ID": 1779, "width_mean": 228.0, "slope": 0.0, "uparea": 3005.31864581, "trend": "no trend", "ave_flux": 0.00155878, "continent": "Asia", "ord_stra": 4, "image_num": 124, "OWT": 3, "trend2": "no trend", "label": "River mouth 1779"}, "geometry": {"type": "Point", "coordinates": [144.18734439303034, 72.26041478624924]}}, {"id": "1725", "type": "Feature", "properties": {"ID": 1780, "width_mean": 271.0, "slope": -1e-06, "uparea": 3265.18576003, "trend": "no trend", "ave_flux": 0.001354, "continent": "Asia", "ord_stra": 4, "image_num": 134, "OWT": 3, "trend2": "no trend", "label": "River mouth 1780"}, "geometry": {"type": "Point", "coordinates": [144.17815999978427, 72.19794999959288]}}, {"id": "1726", "type": "Feature", "properties": {"ID": 1781, "width_mean": 3174.0, "slope": -6.9e-05, "uparea": 10576.4625671, "trend": "no trend", "ave_flux": 0.00843186, "continent": "Asia", "ord_stra": 4, "image_num": 149, "OWT": 1, "trend2": "decreasing", "label": "River mouth 1781"}, "geometry": {"type": "Point", "coordinates": [101.46645816662355, 76.45029395069677]}}, {"id": "1727", "type": "Feature", "properties": {"ID": 1782, "width_mean": 50.0, "slope": 1e-05, "uparea": 931.0885761375772, "trend": "no trend", "ave_flux": 0.00117683, "continent": "Asia", "ord_stra": 4, "image_num": 120, "OWT": 4, "trend2": "no trend", "label": "River mouth 1782"}, "geometry": {"type": "Point", "coordinates": [102.35827636843113, 76.58396352335181]}}, {"id": "1728", "type": "Feature", "properties": {"ID": 1783, "width_mean": 72.0, "slope": 1.5e-05, "uparea": 698.5506461703903, "trend": "no trend", "ave_flux": 0.00103984, "continent": "Asia", "ord_stra": 4, "image_num": 77, "OWT": 1, "trend2": "no trend", "label": "River mouth 1783"}, "geometry": {"type": "Point", "coordinates": [105.654219011172, 77.34190472322925]}}, {"id": "1729", "type": "Feature", "properties": {"ID": 1784, "width_mean": 124.0, "slope": -1e-05, "uparea": 2109.96463134, "trend": "decreasing", "ave_flux": 0.00141329, "continent": "Asia", "ord_stra": 4, "image_num": 101, "OWT": 1, "trend2": "decreasing", "label": "River mouth 1784"}, "geometry": {"type": "Point", "coordinates": [104.16115998741148, 77.07984964723772]}}, {"id": "1730", "type": "Feature", "properties": {"ID": 1785, "width_mean": 155.0, "slope": 6e-06, "uparea": 824.5896638884986, "trend": "no trend", "ave_flux": 0.00121454, "continent": "Asia", "ord_stra": 4, "image_num": 75, "OWT": 4, "trend2": "no trend", "label": "River mouth 1785"}, "geometry": {"type": "Point", "coordinates": [103.73826909912574, 77.57495678311687]}}, {"id": "1731", "type": "Feature", "properties": {"ID": 1786, "width_mean": 190.0, "slope": 0.0, "uparea": 1474.88889292, "trend": "no trend", "ave_flux": 0.0020498, "continent": "Asia", "ord_stra": 4, "image_num": 112, "OWT": 3, "trend2": "no trend", "label": "River mouth 1786"}, "geometry": {"type": "Point", "coordinates": [102.25574000020089, 77.2914400003558]}}, {"id": "1732", "type": "Feature", "properties": {"ID": 1787, "width_mean": 228.0, "slope": 9.2e-05, "uparea": 1602.78061967, "trend": "increasing", "ave_flux": 0.00443126, "continent": "Asia", "ord_stra": 4, "image_num": 111, "OWT": 4, "trend2": "increasing", "label": "River mouth 1787"}, "geometry": {"type": "Point", "coordinates": [107.29662000031283, 76.43879999992009]}}, {"id": "1733", "type": "Feature", "properties": {"ID": 1788, "width_mean": 190.0, "slope": 5.6e-05, "uparea": 1173.03281803, "trend": "increasing", "ave_flux": 0.00175389, "continent": "Asia", "ord_stra": 4, "image_num": 70, "OWT": 3, "trend2": "increasing", "label": "River mouth 1788"}, "geometry": {"type": "Point", "coordinates": [109.8345398209643, 76.64669120547393]}}, {"id": "1734", "type": "Feature", "properties": {"ID": 1789, "width_mean": 372.0, "slope": 5e-05, "uparea": 1231.93963695, "trend": "no trend", "ave_flux": 0.00297255, "continent": "Asia", "ord_stra": 4, "image_num": 77, "OWT": 4, "trend2": "no trend", "label": "River mouth 1789"}, "geometry": {"type": "Point", "coordinates": [110.73008820039125, 76.57909423088796]}}, {"id": "1735", "type": "Feature", "properties": {"ID": 1790, "width_mean": 965.0, "slope": -8.9e-05, "uparea": 1443.57294553, "trend": "decreasing", "ave_flux": 0.0026835, "continent": "Asia", "ord_stra": 4, "image_num": 71, "OWT": 3, "trend2": "decreasing", "label": "River mouth 1790"}, "geometry": {"type": "Point", "coordinates": [111.95397413688772, 76.27854191921557]}}, {"id": "1736", "type": "Feature", "properties": {"ID": 1791, "width_mean": 1996.0, "slope": 2.5e-05, "uparea": 1795.50369205, "trend": "no trend", "ave_flux": 0.00185628, "continent": "Asia", "ord_stra": 4, "image_num": 65, "OWT": 2, "trend2": "increasing", "label": "River mouth 1791"}, "geometry": {"type": "Point", "coordinates": [112.52932803756319, 76.0106352880434]}}, {"id": "1737", "type": "Feature", "properties": {"ID": 1792, "width_mean": 50.0, "slope": 0.000194, "uparea": 1202.22104089, "trend": "no trend", "ave_flux": 0.0117512, "continent": "South America", "ord_stra": 4, "image_num": 181, "OWT": 2, "trend2": "increasing", "label": "River mouth 1792"}, "geometry": {"type": "Point", "coordinates": [-79.7590400001958, -2.923149999572786]}}, {"id": "1738", "type": "Feature", "properties": {"ID": 1793, "width_mean": 72.0, "slope": 0.0, "uparea": 558.5808411401863, "trend": "no trend", "ave_flux": 0.000168714, "continent": "South America", "ord_stra": 4, "image_num": 117, "OWT": 2, "trend2": "no trend", "label": "River mouth 1793"}, "geometry": {"type": "Point", "coordinates": [-80.18708000014186, -0.29906999958075176]}}, {"id": "1739", "type": "Feature", "properties": {"ID": 1794, "width_mean": 72.0, "slope": 0.000271, "uparea": 4733.76531202, "trend": "no trend", "ave_flux": 0.0445462, "continent": "South America", "ord_stra": 4, "image_num": 407, "OWT": 2, "trend2": "no trend", "label": "River mouth 1794"}, "geometry": {"type": "Point", "coordinates": [-80.44374193744493, -3.61835800981341]}}, {"id": "1740", "type": "Feature", "properties": {"ID": 1795, "width_mean": 72.0, "slope": 0.00028, "uparea": 3820.66889104, "trend": "increasing", "ave_flux": 0.0195283, "continent": "South America", "ord_stra": 5, "image_num": 224, "OWT": 2, "trend2": "increasing", "label": "River mouth 1795"}, "geometry": {"type": "Point", "coordinates": [-79.83529999969517, -3.277490000263242]}}, {"id": "1741", "type": "Feature", "properties": {"ID": 1796, "width_mean": 319.0, "slope": 7.1e-05, "uparea": 2329.73609378, "trend": "no trend", "ave_flux": 0.00551471, "continent": "South America", "ord_stra": 5, "image_num": 190, "OWT": 1, "trend2": "no trend", "label": "River mouth 1796"}, "geometry": {"type": "Point", "coordinates": [-80.272219999953, -0.6866400002357977]}}, {"id": "1742", "type": "Feature", "properties": {"ID": 1797, "width_mean": 965.0, "slope": 0.000514, "uparea": 3153.9341208, "trend": "no trend", "ave_flux": 0.0468515, "continent": "South America", "ord_stra": 4, "image_num": 201, "OWT": 3, "trend2": "no trend", "label": "River mouth 1797"}, "geometry": {"type": "Point", "coordinates": [-79.74597268657712, -2.6403523619443163]}}, {"id": "1743", "type": "Feature", "properties": {"ID": 1798, "width_mean": 3174.0, "slope": 0.00335, "uparea": 34382.0799857, "trend": "no trend", "ave_flux": 0.183289, "continent": "South America", "ord_stra": 4, "image_num": 297, "OWT": 1, "trend2": "increasing", "label": "River mouth 1798"}, "geometry": {"type": "Point", "coordinates": [-79.88060245693902, -2.5568449261536363]}}, {"id": "1744", "type": "Feature", "properties": {"ID": 1799, "width_mean": 3174.0, "slope": 5e-05, "uparea": 696.4001274417249, "trend": "no trend", "ave_flux": 0.0040976, "continent": "South America", "ord_stra": 4, "image_num": 252, "OWT": 1, "trend2": "no trend", "label": "River mouth 1799"}, "geometry": {"type": "Point", "coordinates": [-79.81162586303243, -2.5922749781496006]}}, {"id": "1745", "type": "Feature", "properties": {"ID": 1800, "width_mean": 155.0, "slope": 6.3e-05, "uparea": 399.938687527094, "trend": "increasing", "ave_flux": 0.00416571, "continent": "South America", "ord_stra": 4, "image_num": 1112, "OWT": 2, "trend2": "increasing", "label": "River mouth 1800"}, "geometry": {"type": "Point", "coordinates": [-48.68046243382447, -0.8804908992075623]}}, {"id": "1746", "type": "Feature", "properties": {"ID": 1801, "width_mean": 190.0, "slope": 0.000547, "uparea": 3294.26397156, "trend": "increasing", "ave_flux": 0.0375829, "continent": "South America", "ord_stra": 5, "image_num": 658, "OWT": 3, "trend2": "increasing", "label": "River mouth 1801"}, "geometry": {"type": "Point", "coordinates": [-48.829546968361214, -1.2123591191505958]}}, {"id": "1747", "type": "Feature", "properties": {"ID": 1802, "width_mean": 190.0, "slope": 0.000103, "uparea": 501.70244464141194, "trend": "increasing", "ave_flux": 0.00458857, "continent": "South America", "ord_stra": 4, "image_num": 609, "OWT": 3, "trend2": "increasing", "label": "River mouth 1802"}, "geometry": {"type": "Point", "coordinates": [-48.97526999991055, -1.255879999662227]}}, {"id": "1748", "type": "Feature", "properties": {"ID": 1803, "width_mean": 190.0, "slope": 8e-05, "uparea": 605.444748978701, "trend": "increasing", "ave_flux": 0.00467429, "continent": "South America", "ord_stra": 4, "image_num": 983, "OWT": 3, "trend2": "increasing", "label": "River mouth 1803"}, "geometry": {"type": "Point", "coordinates": [-48.58792014434274, -0.5762403258478574]}}, {"id": "1749", "type": "Feature", "properties": {"ID": 1804, "width_mean": 747.0, "slope": 6.2e-05, "uparea": 1738.34122674, "trend": "no trend", "ave_flux": 0.00676571, "continent": "South America", "ord_stra": 5, "image_num": 618, "OWT": 3, "trend2": "no trend", "label": "River mouth 1804"}, "geometry": {"type": "Point", "coordinates": [-49.11587405039327, -1.479391315094963]}}, {"id": "1750", "type": "Feature", "properties": {"ID": 1805, "width_mean": 1094.0, "slope": 0.00025, "uparea": 3179.3117271, "trend": "no trend", "ave_flux": 0.0422928, "continent": "South America", "ord_stra": 4, "image_num": 432, "OWT": 2, "trend2": "no trend", "label": "River mouth 1805"}, "geometry": {"type": "Point", "coordinates": [-48.93862342524369, -0.32618192720921957]}}, {"id": "1751", "type": "Feature", "properties": {"ID": 1806, "width_mean": 1996.0, "slope": -0.005327, "uparea": 48781.4938212, "trend": "decreasing", "ave_flux": 0.138596, "continent": "South America", "ord_stra": 7, "image_num": 613, "OWT": 3, "trend2": "decreasing", "label": "River mouth 1806"}, "geometry": {"type": "Point", "coordinates": [-48.32141616447066, -1.4679422558350805]}}, {"id": "1752", "type": "Feature", "properties": {"ID": 1807, "width_mean": 5000.0, "slope": -0.019732, "uparea": 762956.332406, "trend": "decreasing", "ave_flux": 0.914609, "continent": "South America", "ord_stra": 9, "image_num": 699, "OWT": 3, "trend2": "decreasing", "label": "River mouth 1807"}, "geometry": {"type": "Point", "coordinates": [-49.398650637766664, -2.1930093956808108]}}, {"id": "1753", "type": "Feature", "properties": {"ID": 1808, "width_mean": 5000.0, "slope": 0.178345, "uparea": 5310713.06187, "trend": "increasing", "ave_flux": 14.0041, "continent": "South America", "ord_stra": 9, "image_num": 552, "OWT": 3, "trend2": "increasing", "label": "River mouth 1808"}, "geometry": {"type": "Point", "coordinates": [-52.72592360131074, -1.5935648834870506]}}, {"id": "1754", "type": "Feature", "properties": {"ID": 1809, "width_mean": 5000.0, "slope": 0.002844, "uparea": 69876.1489745, "trend": "no trend", "ave_flux": 0.327571, "continent": "South America", "ord_stra": 4, "image_num": 638, "OWT": 3, "trend2": "no trend", "label": "River mouth 1809"}, "geometry": {"type": "Point", "coordinates": [-49.594865043836215, -1.7871255197916593]}}, {"id": "1755", "type": "Feature", "properties": {"ID": 1810, "width_mean": 97.0, "slope": 2.9e-05, "uparea": 14287.4867326, "trend": "no trend", "ave_flux": 0.0392029, "continent": "South America", "ord_stra": 5, "image_num": 580, "OWT": 2, "trend2": "no trend", "label": "River mouth 1810"}, "geometry": {"type": "Point", "coordinates": [-44.059429999594784, -2.93334999960274]}}, {"id": "1756", "type": "Feature", "properties": {"ID": 1811, "width_mean": 190.0, "slope": -0.003975, "uparea": 52810.7540667, "trend": "decreasing", "ave_flux": 0.127154, "continent": "South America", "ord_stra": 6, "image_num": 856, "OWT": 3, "trend2": "decreasing", "label": "River mouth 1811"}, "geometry": {"type": "Point", "coordinates": [-44.19607999969219, -2.8417300004390995]}}, {"id": "1757", "type": "Feature", "properties": {"ID": 1812, "width_mean": 190.0, "slope": -0.000126, "uparea": 2263.47571177, "trend": "decreasing", "ave_flux": 0.00485243, "continent": "South America", "ord_stra": 5, "image_num": 1110, "OWT": 2, "trend2": "decreasing", "label": "River mouth 1812"}, "geometry": {"type": "Point", "coordinates": [-42.79233200541392, -2.7206686712942356]}}, {"id": "1758", "type": "Feature", "properties": {"ID": 1813, "width_mean": 228.0, "slope": 0.00194, "uparea": 34132.8205022, "trend": "increasing", "ave_flux": 0.077162, "continent": "South America", "ord_stra": 6, "image_num": 479, "OWT": 3, "trend2": "increasing", "label": "River mouth 1813"}, "geometry": {"type": "Point", "coordinates": [-46.1292399998261, -1.334029999984466]}}, {"id": "1759", "type": "Feature", "properties": {"ID": 1814, "width_mean": 228.0, "slope": 0.00037, "uparea": 5254.22979826, "trend": "no trend", "ave_flux": 0.0255997, "continent": "South America", "ord_stra": 5, "image_num": 443, "OWT": 3, "trend2": "increasing", "label": "River mouth 1814"}, "geometry": {"type": "Point", "coordinates": [-46.256409999821585, -1.153519999848072]}}, {"id": "1760", "type": "Feature", "properties": {"ID": 1815, "width_mean": 228.0, "slope": 0.000254, "uparea": 1879.77466465, "trend": "increasing", "ave_flux": 0.0105615, "continent": "South America", "ord_stra": 5, "image_num": 446, "OWT": 3, "trend2": "increasing", "label": "River mouth 1815"}, "geometry": {"type": "Point", "coordinates": [-46.726709999766626, -0.9941600001837969]}}, {"id": "1761", "type": "Feature", "properties": {"ID": 1816, "width_mean": 432.0, "slope": -5e-05, "uparea": 2780.53906861, "trend": "no trend", "ave_flux": 0.0176229, "continent": "South America", "ord_stra": 5, "image_num": 676, "OWT": 3, "trend2": "no trend", "label": "River mouth 1816"}, "geometry": {"type": "Point", "coordinates": [-44.846109999776615, -2.3293000001947917]}}, {"id": "1762", "type": "Feature", "properties": {"ID": 1817, "width_mean": 572.0, "slope": 0.00012, "uparea": 1657.77419379, "trend": "no trend", "ave_flux": 0.0103143, "continent": "South America", "ord_stra": 4, "image_num": 603, "OWT": 3, "trend2": "no trend", "label": "River mouth 1817"}, "geometry": {"type": "Point", "coordinates": [-47.72253000015934, -0.8038400000159527]}}, {"id": "1763", "type": "Feature", "properties": {"ID": 1818, "width_mean": 655.0, "slope": 0.0001, "uparea": 2508.16608952, "trend": "no trend", "ave_flux": 0.0122057, "continent": "South America", "ord_stra": 6, "image_num": 634, "OWT": 3, "trend2": "no trend", "label": "River mouth 1818"}, "geometry": {"type": "Point", "coordinates": [-47.397620676915885, -0.8817093826885393]}}, {"id": "1764", "type": "Feature", "properties": {"ID": 1820, "width_mean": 3174.0, "slope": -0.002571, "uparea": 55161.8649961, "trend": "decreasing", "ave_flux": 0.134891, "continent": "South America", "ord_stra": 6, "image_num": 618, "OWT": 3, "trend2": "decreasing", "label": "River mouth 1820"}, "geometry": {"type": "Point", "coordinates": [-44.77185888886583, -3.25751791269417]}}, {"id": "1765", "type": "Feature", "properties": {"ID": 1821, "width_mean": 372.0, "slope": -0.000477, "uparea": 328724.640052, "trend": "no trend", "ave_flux": 0.296186, "continent": "South America", "ord_stra": 8, "image_num": 322, "OWT": 3, "trend2": "no trend", "label": "River mouth 1821"}, "geometry": {"type": "Point", "coordinates": [-41.85507089719618, -2.8949545898095352]}}, {"id": "1766", "type": "Feature", "properties": {"ID": 1822, "width_mean": 432.0, "slope": -0.000141, "uparea": 3794.52142407, "trend": "decreasing", "ave_flux": 0.00411091, "continent": "South America", "ord_stra": 4, "image_num": 525, "OWT": 3, "trend2": "decreasing", "label": "River mouth 1822"}, "geometry": {"type": "Point", "coordinates": [-40.80938000018682, -3.0172800002717395]}}, {"id": "1767", "type": "Feature", "properties": {"ID": 1823, "width_mean": 97.0, "slope": 0.000776, "uparea": 23631.3780352, "trend": "no trend", "ave_flux": 0.154084, "continent": "Africa", "ord_stra": 6, "image_num": 121, "OWT": 2, "trend2": "no trend", "label": "River mouth 1823"}, "geometry": {"type": "Point", "coordinates": [10.325341960879513, -2.94740754914759]}}, {"id": "1768", "type": "Feature", "properties": {"ID": 1824, "width_mean": 124.0, "slope": 0.000363, "uparea": 1279.28660419, "trend": "increasing", "ave_flux": 0.0131252, "continent": "Africa", "ord_stra": 5, "image_num": 170, "OWT": 2, "trend2": "increasing", "label": "River mouth 1824"}, "geometry": {"type": "Point", "coordinates": [9.874399648533313, -0.07510531555059441]}}, {"id": "1769", "type": "Feature", "properties": {"ID": 1825, "width_mean": 747.0, "slope": 0.030311, "uparea": 214097.31023, "trend": "increasing", "ave_flux": 0.715069, "continent": "Africa", "ord_stra": 7, "image_num": 179, "OWT": 2, "trend2": "increasing", "label": "River mouth 1825"}, "geometry": {"type": "Point", "coordinates": [9.023563080373693, -1.043971069955826]}}, {"id": "1770", "type": "Feature", "properties": {"ID": 1826, "width_mean": 5000.0, "slope": 0.000635, "uparea": 6971.2386534, "trend": "increasing", "ave_flux": 0.0239933, "continent": "Africa", "ord_stra": 5, "image_num": 206, "OWT": 3, "trend2": "increasing", "label": "River mouth 1826"}, "geometry": {"type": "Point", "coordinates": [9.167692427789035, -1.4680591715521099]}}, {"id": "1771", "type": "Feature", "properties": {"ID": 1827, "width_mean": 97.0, "slope": 0.000214, "uparea": 34337.8227384, "trend": "increasing", "ave_flux": 0.0176088, "continent": "Africa", "ord_stra": 6, "image_num": 343, "OWT": 2, "trend2": "increasing", "label": "River mouth 1827"}, "geometry": {"type": "Point", "coordinates": [39.86424002551088, -3.1439681721487807]}}, {"id": "1772", "type": "Feature", "properties": {"ID": 1828, "width_mean": 155.0, "slope": 0.0006, "uparea": 84539.1482479, "trend": "no trend", "ave_flux": 0.0556521, "continent": "Africa", "ord_stra": 4, "image_num": 340, "OWT": 2, "trend2": "increasing", "label": "River mouth 1828"}, "geometry": {"type": "Point", "coordinates": [40.31838000003705, -2.3813300001793323]}}, {"id": "1773", "type": "Feature", "properties": {"ID": 1829, "width_mean": 228.0, "slope": 0.001752, "uparea": 85901.9139032, "trend": "no trend", "ave_flux": 0.0851558, "continent": "Africa", "ord_stra": 6, "image_num": 314, "OWT": 2, "trend2": "increasing", "label": "River mouth 1829"}, "geometry": {"type": "Point", "coordinates": [40.307400000010034, -2.46464000013583]}}, {"id": "1774", "type": "Feature", "properties": {"ID": 1830, "width_mean": 97.0, "slope": 0.015346, "uparea": 737940.472172, "trend": "increasing", "ave_flux": 0.394414, "continent": "Africa", "ord_stra": 8, "image_num": 415, "OWT": 2, "trend2": "increasing", "label": "River mouth 1830"}, "geometry": {"type": "Point", "coordinates": [42.60456000024385, -0.1765400004206299]}}, {"id": "1775", "type": "Feature", "properties": {"ID": 1831, "width_mean": 498.0, "slope": 0.0, "uparea": 12633.886067, "trend": "no trend", "ave_flux": 0.00018, "continent": "Africa", "ord_stra": 5, "image_num": 375, "OWT": 1, "trend2": "no trend", "label": "River mouth 1831"}, "geometry": {"type": "Point", "coordinates": [42.076911168999814, -0.8435363333222232]}}, {"id": "1776", "type": "Feature", "properties": {"ID": 1832, "width_mean": 50.0, "slope": 0.0001, "uparea": 1003.59348412, "trend": "no trend", "ave_flux": 0.0139771, "continent": "Asia", "ord_stra": 4, "image_num": 385, "OWT": 2, "trend2": "no trend", "label": "River mouth 1832"}, "geometry": {"type": "Point", "coordinates": [101.30291000019639, -2.6189499998425845]}}, {"id": "1777", "type": "Feature", "properties": {"ID": 1833, "width_mean": 50.0, "slope": 0.000128, "uparea": 776.9873599349643, "trend": "increasing", "ave_flux": 0.00465434, "continent": "Asia", "ord_stra": 4, "image_num": 500, "OWT": 2, "trend2": "increasing", "label": "River mouth 1833"}, "geometry": {"type": "Point", "coordinates": [101.09892999961983, -2.470949999742629]}}, {"id": "1778", "type": "Feature", "properties": {"ID": 1834, "width_mean": 50.0, "slope": 0.000198, "uparea": 1795.93629588, "trend": "no trend", "ave_flux": 0.0420853, "continent": "Asia", "ord_stra": 5, "image_num": 843, "OWT": 2, "trend2": "no trend", "label": "River mouth 1834"}, "geometry": {"type": "Point", "coordinates": [100.90636000001405, -2.044269999560811]}}, {"id": "1779", "type": "Feature", "properties": {"ID": 1835, "width_mean": 50.0, "slope": 0.000123, "uparea": 366.4424293333067, "trend": "increasing", "ave_flux": 0.0093618, "continent": "Asia", "ord_stra": 5, "image_num": 793, "OWT": 2, "trend2": "increasing", "label": "River mouth 1835"}, "geometry": {"type": "Point", "coordinates": [99.84665267662093, -0.1623235112608066]}}, {"id": "1780", "type": "Feature", "properties": {"ID": 1836, "width_mean": 72.0, "slope": 0.000164, "uparea": 590.7622947898312, "trend": "increasing", "ave_flux": 0.00804823, "continent": "Asia", "ord_stra": 4, "image_num": 352, "OWT": 2, "trend2": "increasing", "label": "River mouth 1836"}, "geometry": {"type": "Point", "coordinates": [101.52806000036878, -2.993920000407627]}}, {"id": "1781", "type": "Feature", "properties": {"ID": 1837, "width_mean": 97.0, "slope": 0.000492, "uparea": 1995.59369625, "trend": "increasing", "ave_flux": 0.027373, "continent": "Asia", "ord_stra": 5, "image_num": 342, "OWT": 2, "trend2": "increasing", "label": "River mouth 1837"}, "geometry": {"type": "Point", "coordinates": [101.81525072835174, -3.361739988755822]}}, {"id": "1782", "type": "Feature", "properties": {"ID": 1838, "width_mean": 50.0, "slope": 2.9e-05, "uparea": 350.8592992134171, "trend": "no trend", "ave_flux": 0.00331489, "continent": "Asia", "ord_stra": 4, "image_num": 796, "OWT": 2, "trend2": "increasing", "label": "River mouth 1838"}, "geometry": {"type": "Point", "coordinates": [102.31084966042503, -3.7844681341326316]}}, {"id": "1783", "type": "Feature", "properties": {"ID": 1839, "width_mean": 72.0, "slope": 4e-05, "uparea": 1012.11882319, "trend": "no trend", "ave_flux": 0.00576153, "continent": "Asia", "ord_stra": 5, "image_num": 337, "OWT": 2, "trend2": "no trend", "label": "River mouth 1839"}, "geometry": {"type": "Point", "coordinates": [105.89504460932154, -3.2896886088755855]}}, {"id": "1784", "type": "Feature", "properties": {"ID": 1840, "width_mean": 72.0, "slope": 7e-06, "uparea": 1012.11882319, "trend": "no trend", "ave_flux": 0.00535109, "continent": "Asia", "ord_stra": 5, "image_num": 323, "OWT": 2, "trend2": "no trend", "label": "River mouth 1840"}, "geometry": {"type": "Point", "coordinates": [105.88376162548433, -3.3270935901521903]}}, {"id": "1785", "type": "Feature", "properties": {"ID": 1841, "width_mean": 72.0, "slope": 0.000175, "uparea": 2373.34333953, "trend": "no trend", "ave_flux": 0.0147471, "continent": "Asia", "ord_stra": 4, "image_num": 312, "OWT": 2, "trend2": "no trend", "label": "River mouth 1841"}, "geometry": {"type": "Point", "coordinates": [105.86927745220783, -3.4019592052679153]}}, {"id": "1786", "type": "Feature", "properties": {"ID": 1842, "width_mean": 72.0, "slope": 7.5e-05, "uparea": 2195.28542294, "trend": "no trend", "ave_flux": 0.0175984, "continent": "Asia", "ord_stra": 4, "image_num": 366, "OWT": 2, "trend2": "no trend", "label": "River mouth 1842"}, "geometry": {"type": "Point", "coordinates": [105.38569999965534, -2.4516599996092623]}}, {"id": "1787", "type": "Feature", "properties": {"ID": 1843, "width_mean": 124.0, "slope": -0.000166, "uparea": 1367.60137292, "trend": "no trend", "ave_flux": 0.015433, "continent": "Asia", "ord_stra": 4, "image_num": 250, "OWT": 2, "trend2": "decreasing", "label": "River mouth 1843"}, "geometry": {"type": "Point", "coordinates": [103.49941148119166, -0.8716248702343019]}}, {"id": "1788", "type": "Feature", "properties": {"ID": 1844, "width_mean": 124.0, "slope": 0.0001, "uparea": 915.8791464929933, "trend": "increasing", "ave_flux": 0.0048858, "continent": "Asia", "ord_stra": 4, "image_num": 259, "OWT": 2, "trend2": "increasing", "label": "River mouth 1844"}, "geometry": {"type": "Point", "coordinates": [103.62492394534922, -0.9931286625410407]}}, {"id": "1789", "type": "Feature", "properties": {"ID": 1845, "width_mean": 155.0, "slope": 9.4e-05, "uparea": 1672.71819678, "trend": "no trend", "ave_flux": 0.0128331, "continent": "Asia", "ord_stra": 4, "image_num": 404, "OWT": 2, "trend2": "no trend", "label": "River mouth 1845"}, "geometry": {"type": "Point", "coordinates": [103.24114422287903, -0.11295590254760839]}}, {"id": "1790", "type": "Feature", "properties": {"ID": 1846, "width_mean": 190.0, "slope": 0.000103, "uparea": 2870.64635608, "trend": "no trend", "ave_flux": 0.0295325, "continent": "Asia", "ord_stra": 5, "image_num": 348, "OWT": 2, "trend2": "no trend", "label": "River mouth 1846"}, "geometry": {"type": "Point", "coordinates": [103.13764250298767, -0.6870611622943623]}}, {"id": "1791", "type": "Feature", "properties": {"ID": 1847, "width_mean": 271.0, "slope": 0.000167, "uparea": 3152.19411402, "trend": "no trend", "ave_flux": 0.0212731, "continent": "Asia", "ord_stra": 5, "image_num": 271, "OWT": 2, "trend2": "no trend", "label": "River mouth 1847"}, "geometry": {"type": "Point", "coordinates": [103.28980367972994, -0.8324269440748807]}}, {"id": "1792", "type": "Feature", "properties": {"ID": 1848, "width_mean": 271.0, "slope": 0.001209, "uparea": 5524.25505952, "trend": "increasing", "ave_flux": 0.0682477, "continent": "Asia", "ord_stra": 4, "image_num": 385, "OWT": 2, "trend2": "increasing", "label": "River mouth 1848"}, "geometry": {"type": "Point", "coordinates": [105.08211429147016, -2.4351288366300268]}}, {"id": "1793", "type": "Feature", "properties": {"ID": 1849, "width_mean": 432.0, "slope": 0.0, "uparea": 585.342616430644, "trend": "no trend", "ave_flux": 0.00173872, "continent": "Asia", "ord_stra": 4, "image_num": 302, "OWT": 3, "trend2": "no trend", "label": "River mouth 1849"}, "geometry": {"type": "Point", "coordinates": [103.81806594426494, -1.042562608908169]}}, {"id": "1794", "type": "Feature", "properties": {"ID": 1850, "width_mean": 498.0, "slope": 3.5e-05, "uparea": 773.2233703829698, "trend": "increasing", "ave_flux": 0.00232909, "continent": "Asia", "ord_stra": 4, "image_num": 387, "OWT": 3, "trend2": "increasing", "label": "River mouth 1850"}, "geometry": {"type": "Point", "coordinates": [104.872682332419, -2.4291804374714823]}}, {"id": "1795", "type": "Feature", "properties": {"ID": 1851, "width_mean": 498.0, "slope": 0.002873, "uparea": 17197.2985102, "trend": "increasing", "ave_flux": 0.176306, "continent": "Asia", "ord_stra": 6, "image_num": 303, "OWT": 3, "trend2": "increasing", "label": "River mouth 1851"}, "geometry": {"type": "Point", "coordinates": [103.35034151367023, -0.3600918518822701]}}, {"id": "1796", "type": "Feature", "properties": {"ID": 1852, "width_mean": 498.0, "slope": 0.006843, "uparea": 42485.5605725, "trend": "increasing", "ave_flux": 0.320306, "continent": "Asia", "ord_stra": 7, "image_num": 275, "OWT": 3, "trend2": "increasing", "label": "River mouth 1852"}, "geometry": {"type": "Point", "coordinates": [104.19967192636176, -1.0834191461005587]}}, {"id": "1797", "type": "Feature", "properties": {"ID": 1853, "width_mean": 747.0, "slope": 0.00335, "uparea": 51284.4387737, "trend": "no trend", "ave_flux": 0.306216, "continent": "Asia", "ord_stra": 7, "image_num": 372, "OWT": 3, "trend2": "no trend", "label": "River mouth 1853"}, "geometry": {"type": "Point", "coordinates": [105.02553002993552, -2.4405752317291234]}}, {"id": "1798", "type": "Feature", "properties": {"ID": 1854, "width_mean": 1237.0, "slope": -3e-06, "uparea": 283.5079038678675, "trend": "no trend", "ave_flux": 0.00122754, "continent": "Asia", "ord_stra": 4, "image_num": 282, "OWT": 2, "trend2": "decreasing", "label": "River mouth 1854"}, "geometry": {"type": "Point", "coordinates": [103.33003690947658, -0.24787236929050283]}}, {"id": "1799", "type": "Feature", "properties": {"ID": 1855, "width_mean": 1996.0, "slope": 0.000306, "uparea": 12370.2654978, "trend": "no trend", "ave_flux": 0.0491456, "continent": "Asia", "ord_stra": 4, "image_num": 406, "OWT": 3, "trend2": "no trend", "label": "River mouth 1855"}, "geometry": {"type": "Point", "coordinates": [104.68695971872738, -2.352546913727497]}}, {"id": "1800", "type": "Feature", "properties": {"ID": 1856, "width_mean": 228.0, "slope": 0.00134, "uparea": 13054.8124992, "trend": "increasing", "ave_flux": 0.064736, "continent": "Asia", "ord_stra": 5, "image_num": 355, "OWT": 3, "trend2": "increasing", "label": "River mouth 1856"}, "geometry": {"type": "Point", "coordinates": [112.56751584221057, -3.4166801585749176]}}, {"id": "1801", "type": "Feature", "properties": {"ID": 1857, "width_mean": 271.0, "slope": 0.003527, "uparea": 18535.6625217, "trend": "increasing", "ave_flux": 0.204801, "continent": "Asia", "ord_stra": 6, "image_num": 684, "OWT": 2, "trend2": "increasing", "label": "River mouth 1857"}, "geometry": {"type": "Point", "coordinates": [113.29810462203685, -3.167123393437755]}}, {"id": "1802", "type": "Feature", "properties": {"ID": 1858, "width_mean": 319.0, "slope": -0.000118, "uparea": 6609.10198449, "trend": "no trend", "ave_flux": 0.0456339, "continent": "Asia", "ord_stra": 5, "image_num": 409, "OWT": 2, "trend2": "no trend", "label": "River mouth 1858"}, "geometry": {"type": "Point", "coordinates": [110.78052570516283, -2.9217296566464337]}}, {"id": "1803", "type": "Feature", "properties": {"ID": 1859, "width_mean": 319.0, "slope": 0.00067, "uparea": 11318.7646951, "trend": "no trend", "ave_flux": 0.0749587, "continent": "Asia", "ord_stra": 6, "image_num": 374, "OWT": 2, "trend2": "no trend", "label": "River mouth 1859"}, "geometry": {"type": "Point", "coordinates": [109.9418873150198, -1.840567223562761]}}, {"id": "1804", "type": "Feature", "properties": {"ID": 1860, "width_mean": 432.0, "slope": 0.001833, "uparea": 13448.6162663, "trend": "increasing", "ave_flux": 0.0789677, "continent": "Asia", "ord_stra": 6, "image_num": 425, "OWT": 2, "trend2": "increasing", "label": "River mouth 1860"}, "geometry": {"type": "Point", "coordinates": [111.47179043314429, -2.843809127335245]}}, {"id": "1805", "type": "Feature", "properties": {"ID": 1861, "width_mean": 432.0, "slope": -0.001101, "uparea": 2134.74119336, "trend": "decreasing", "ave_flux": 0.024834, "continent": "Asia", "ord_stra": 5, "image_num": 410, "OWT": 2, "trend2": "decreasing", "label": "River mouth 1861"}, "geometry": {"type": "Point", "coordinates": [109.802681025986, -0.86693909307531]}}, {"id": "1806", "type": "Feature", "properties": {"ID": 1862, "width_mean": 432.0, "slope": 0.01873, "uparea": 83445.3162818, "trend": "no trend", "ave_flux": 1.25714, "continent": "Asia", "ord_stra": 8, "image_num": 805, "OWT": 2, "trend2": "no trend", "label": "River mouth 1862"}, "geometry": {"type": "Point", "coordinates": [109.22436006869616, -0.24456651497163615]}}, {"id": "1807", "type": "Feature", "properties": {"ID": 1863, "width_mean": 850.0, "slope": 0.000878, "uparea": 13189.2457243, "trend": "no trend", "ave_flux": 0.133482, "continent": "Asia", "ord_stra": 6, "image_num": 432, "OWT": 2, "trend2": "no trend", "label": "River mouth 1863"}, "geometry": {"type": "Point", "coordinates": [113.0164173626385, -2.9134793093642077]}}, {"id": "1808", "type": "Feature", "properties": {"ID": 1864, "width_mean": 850.0, "slope": 0.000293, "uparea": 1826.66296064, "trend": "increasing", "ave_flux": 0.0145641, "continent": "Asia", "ord_stra": 4, "image_num": 741, "OWT": 2, "trend2": "increasing", "label": "River mouth 1864"}, "geometry": {"type": "Point", "coordinates": [110.22950116298769, -2.5456116004806475]}}, {"id": "1809", "type": "Feature", "properties": {"ID": 1865, "width_mean": 2244.0, "slope": 7.1e-05, "uparea": 2013.43593827, "trend": "no trend", "ave_flux": 0.016274, "continent": "Asia", "ord_stra": 5, "image_num": 418, "OWT": 2, "trend2": "no trend", "label": "River mouth 1865"}, "geometry": {"type": "Point", "coordinates": [110.01701235211675, -1.1006546520249518]}}, {"id": "1810", "type": "Feature", "properties": {"ID": 1866, "width_mean": 4466.0, "slope": -4.5e-05, "uparea": 2318.54974313, "trend": "no trend", "ave_flux": 0.0165141, "continent": "Asia", "ord_stra": 5, "image_num": 477, "OWT": 2, "trend2": "no trend", "label": "River mouth 1866"}, "geometry": {"type": "Point", "coordinates": [109.53767000037027, -0.7357150001970467]}}, {"id": "1811", "type": "Feature", "properties": {"ID": 1867, "width_mean": 72.0, "slope": 9.3e-05, "uparea": 387.6141000671228, "trend": "increasing", "ave_flux": 0.00559519, "continent": "Asia", "ord_stra": 4, "image_num": 279, "OWT": 2, "trend2": "increasing", "label": "River mouth 1867"}, "geometry": {"type": "Point", "coordinates": [119.06567246546437, -2.5297832394713247]}}, {"id": "1812", "type": "Feature", "properties": {"ID": 1868, "width_mean": 72.0, "slope": 6.7e-05, "uparea": 462.8437012701599, "trend": "increasing", "ave_flux": 0.00237874, "continent": "Asia", "ord_stra": 4, "image_num": 242, "OWT": 3, "trend2": "increasing", "label": "River mouth 1868"}, "geometry": {"type": "Point", "coordinates": [115.24353000020938, -3.8859200002078182]}}, {"id": "1813", "type": "Feature", "properties": {"ID": 1869, "width_mean": 72.0, "slope": 0.000932, "uparea": 2798.87679384, "trend": "increasing", "ave_flux": 0.0340616, "continent": "Asia", "ord_stra": 4, "image_num": 554, "OWT": 2, "trend2": "increasing", "label": "River mouth 1869"}, "geometry": {"type": "Point", "coordinates": [119.86789646617686, -0.9045677822154714]}}, {"id": "1814", "type": "Feature", "properties": {"ID": 1870, "width_mean": 72.0, "slope": -0.000125, "uparea": 1037.47977316, "trend": "no trend", "ave_flux": 0.0180386, "continent": "Asia", "ord_stra": 4, "image_num": 313, "OWT": 2, "trend2": "decreasing", "label": "River mouth 1870"}, "geometry": {"type": "Point", "coordinates": [119.1684664779597, -2.19839733539174]}}, {"id": "1815", "type": "Feature", "properties": {"ID": 1871, "width_mean": 72.0, "slope": 0.000366, "uparea": 3432.01543753, "trend": "increasing", "ave_flux": 0.0286213, "continent": "Asia", "ord_stra": 5, "image_num": 396, "OWT": 2, "trend2": "increasing", "label": "River mouth 1871"}, "geometry": {"type": "Point", "coordinates": [116.47936208763807, -1.6265270744058997]}}, {"id": "1816", "type": "Feature", "properties": {"ID": 1873, "width_mean": 72.0, "slope": 8.8e-05, "uparea": 1999.02563122, "trend": "no trend", "ave_flux": 0.0333642, "continent": "Asia", "ord_stra": 5, "image_num": 293, "OWT": 2, "trend2": "no trend", "label": "River mouth 1873"}, "geometry": {"type": "Point", "coordinates": [119.24866000035877, -2.0831500001723384]}}, {"id": "1817", "type": "Feature", "properties": {"ID": 1874, "width_mean": 97.0, "slope": 8.7e-05, "uparea": 1471.5892891, "trend": "no trend", "ave_flux": 0.00875117, "continent": "Asia", "ord_stra": 4, "image_num": 300, "OWT": 3, "trend2": "increasing", "label": "River mouth 1874"}, "geometry": {"type": "Point", "coordinates": [116.24974604309006, -2.6286099717985705]}}, {"id": "1818", "type": "Feature", "properties": {"ID": 1876, "width_mean": 97.0, "slope": 3.7e-05, "uparea": 447.00020030964885, "trend": "no trend", "ave_flux": 0.00383143, "continent": "Asia", "ord_stra": 4, "image_num": 260, "OWT": 3, "trend2": "no trend", "label": "River mouth 1876"}, "geometry": {"type": "Point", "coordinates": [115.46101000011151, -3.7883999996602142]}}, {"id": "1819", "type": "Feature", "properties": {"ID": 1877, "width_mean": 97.0, "slope": 0.000202, "uparea": 4222.06705554, "trend": "no trend", "ave_flux": 0.0222967, "continent": "Asia", "ord_stra": 5, "image_num": 268, "OWT": 3, "trend2": "increasing", "label": "River mouth 1877"}, "geometry": {"type": "Point", "coordinates": [116.34353157645207, -1.8654509495871465]}}, {"id": "1820", "type": "Feature", "properties": {"ID": 1878, "width_mean": 97.0, "slope": 0.001491, "uparea": 6302.96629532, "trend": "increasing", "ave_flux": 0.0680635, "continent": "Asia", "ord_stra": 6, "image_num": 317, "OWT": 2, "trend2": "increasing", "label": "River mouth 1878"}, "geometry": {"type": "Point", "coordinates": [119.54256466149718, -1.4212302637418972]}}, {"id": "1821", "type": "Feature", "properties": {"ID": 1879, "width_mean": 190.0, "slope": 0.000768, "uparea": 5504.14888297, "trend": "no trend", "ave_flux": 0.104909, "continent": "Asia", "ord_stra": 5, "image_num": 326, "OWT": 3, "trend2": "no trend", "label": "River mouth 1879"}, "geometry": {"type": "Point", "coordinates": [119.16386839422177, -2.3047055542248076]}}, {"id": "1822", "type": "Feature", "properties": {"ID": 1880, "width_mean": 228.0, "slope": 0.000833, "uparea": 6301.99780248, "trend": "no trend", "ave_flux": 0.104839, "continent": "Asia", "ord_stra": 5, "image_num": 289, "OWT": 3, "trend2": "no trend", "label": "River mouth 1880"}, "geometry": {"type": "Point", "coordinates": [119.52177068637175, -3.717252517805065]}}, {"id": "1823", "type": "Feature", "properties": {"ID": 1881, "width_mean": 319.0, "slope": 1.3e-05, "uparea": 216.00900907172047, "trend": "no trend", "ave_flux": 0.000622355, "continent": "Asia", "ord_stra": 4, "image_num": 521, "OWT": 3, "trend2": "increasing", "label": "River mouth 1881"}, "geometry": {"type": "Point", "coordinates": [116.37927630990018, -2.2352045213486185]}}, {"id": "1824", "type": "Feature", "properties": {"ID": 1882, "width_mean": 498.0, "slope": 0.000147, "uparea": 865.7319651608515, "trend": "increasing", "ave_flux": 0.0071968, "continent": "Asia", "ord_stra": 4, "image_num": 369, "OWT": 3, "trend2": "increasing", "label": "River mouth 1882"}, "geometry": {"type": "Point", "coordinates": [116.3266740341779, -2.132133225912443]}}, {"id": "1825", "type": "Feature", "properties": {"ID": 1883, "width_mean": 572.0, "slope": 0.001089, "uparea": 15139.3550208, "trend": "increasing", "ave_flux": 0.181453, "continent": "Asia", "ord_stra": 6, "image_num": 444, "OWT": 2, "trend2": "increasing", "label": "River mouth 1883"}, "geometry": {"type": "Point", "coordinates": [114.10668557209964, -3.252820479498716]}}, {"id": "1826", "type": "Feature", "properties": {"ID": 1884, "width_mean": 655.0, "slope": 0.005011, "uparea": 75535.3770036, "trend": "no trend", "ave_flux": 0.653821, "continent": "Asia", "ord_stra": 4, "image_num": 306, "OWT": 3, "trend2": "no trend", "label": "River mouth 1884"}, "geometry": {"type": "Point", "coordinates": [117.34605535613564, -0.5838468836205188]}}, {"id": "1827", "type": "Feature", "properties": {"ID": 1885, "width_mean": 1237.0, "slope": 0.001835, "uparea": 60281.953891, "trend": "no trend", "ave_flux": 0.695389, "continent": "Asia", "ord_stra": 4, "image_num": 450, "OWT": 2, "trend2": "no trend", "label": "River mouth 1885"}, "geometry": {"type": "Point", "coordinates": [114.26183980975142, -3.3483355925009053]}}, {"id": "1828", "type": "Feature", "properties": {"ID": 1886, "width_mean": 2244.0, "slope": 0.000588, "uparea": 13132.458936, "trend": "no trend", "ave_flux": 0.0673795, "continent": "Asia", "ord_stra": 4, "image_num": 517, "OWT": 3, "trend2": "no trend", "label": "River mouth 1886"}, "geometry": {"type": "Point", "coordinates": [114.51169964019101, -3.4428795867455273]}}, {"id": "1829", "type": "Feature", "properties": {"ID": 1887, "width_mean": 50.0, "slope": 0.0004, "uparea": 2664.01811091, "trend": "increasing", "ave_flux": 0.0174221, "continent": "Asia", "ord_stra": 5, "image_num": 292, "OWT": 2, "trend2": "increasing", "label": "River mouth 1887"}, "geometry": {"type": "Point", "coordinates": [120.75841368059196, -1.4206762703850804]}}, {"id": "1830", "type": "Feature", "properties": {"ID": 1888, "width_mean": 50.0, "slope": 4e-06, "uparea": 1238.72651186, "trend": "no trend", "ave_flux": 0.00722906, "continent": "Asia", "ord_stra": 5, "image_num": 255, "OWT": 2, "trend2": "no trend", "label": "River mouth 1888"}, "geometry": {"type": "Point", "coordinates": [120.9105257446883, -2.5647321861170256]}}, {"id": "1831", "type": "Feature", "properties": {"ID": 1889, "width_mean": 50.0, "slope": 0.000104, "uparea": 1827.80455135, "trend": "no trend", "ave_flux": 0.0178689, "continent": "Asia", "ord_stra": 5, "image_num": 241, "OWT": 3, "trend2": "no trend", "label": "River mouth 1889"}, "geometry": {"type": "Point", "coordinates": [121.50508037147871, -2.0531455247514026]}}, {"id": "1832", "type": "Feature", "properties": {"ID": 1890, "width_mean": 72.0, "slope": -0.000196, "uparea": 1607.72238812, "trend": "no trend", "ave_flux": 0.0176893, "continent": "Asia", "ord_stra": 5, "image_num": 257, "OWT": 2, "trend2": "decreasing", "label": "River mouth 1890"}, "geometry": {"type": "Point", "coordinates": [120.23201999992307, -2.808039999946004]}}, {"id": "1833", "type": "Feature", "properties": {"ID": 1892, "width_mean": 72.0, "slope": 0.000614, "uparea": 3038.84220476, "trend": "no trend", "ave_flux": 0.0462341, "continent": "Asia", "ord_stra": 5, "image_num": 579, "OWT": 2, "trend2": "increasing", "label": "River mouth 1892"}, "geometry": {"type": "Point", "coordinates": [121.43781734555739, -1.0297466041356067]}}, {"id": "1834", "type": "Feature", "properties": {"ID": 1893, "width_mean": 97.0, "slope": 0.00018, "uparea": 1216.89584277, "trend": "no trend", "ave_flux": 0.0117581, "continent": "Asia", "ord_stra": 5, "image_num": 237, "OWT": 2, "trend2": "no trend", "label": "River mouth 1893"}, "geometry": {"type": "Point", "coordinates": [120.51417288857559, -2.750013276969427]}}, {"id": "1835", "type": "Feature", "properties": {"ID": 1894, "width_mean": 228.0, "slope": 0.000757, "uparea": 5781.46371384, "trend": "increasing", "ave_flux": 0.0270908, "continent": "Asia", "ord_stra": 6, "image_num": 308, "OWT": 2, "trend2": "increasing", "label": "River mouth 1894"}, "geometry": {"type": "Point", "coordinates": [122.21857150815643, -3.5284824715009764]}}, {"id": "1836", "type": "Feature", "properties": {"ID": 1896, "width_mean": 50.0, "slope": 0.000321, "uparea": 1127.69078734, "trend": "increasing", "ave_flux": 0.0170087, "continent": "Asia", "ord_stra": 4, "image_num": 465, "OWT": 2, "trend2": "increasing", "label": "River mouth 1896"}, "geometry": {"type": "Point", "coordinates": [130.68960000033985, -3.4957999997700995]}}, {"id": "1837", "type": "Feature", "properties": {"ID": 1897, "width_mean": 124.0, "slope": 0.000108, "uparea": 678.5998524123563, "trend": "increasing", "ave_flux": 0.00405611, "continent": "Asia", "ord_stra": 4, "image_num": 365, "OWT": 2, "trend2": "increasing", "label": "River mouth 1897"}, "geometry": {"type": "Point", "coordinates": [129.01601999992317, -3.245060000318688]}}, {"id": "1838", "type": "Feature", "properties": {"ID": 1898, "width_mean": 190.0, "slope": 7.5e-05, "uparea": 5870.24164344, "trend": "no trend", "ave_flux": 0.0713371, "continent": "Asia", "ord_stra": 5, "image_num": 305, "OWT": 3, "trend2": "no trend", "label": "River mouth 1898"}, "geometry": {"type": "Point", "coordinates": [131.57629757175977, -1.3103346720618387]}}, {"id": "1839", "type": "Feature", "properties": {"ID": 1899, "width_mean": 50.0, "slope": 0.000129, "uparea": 768.431808163519, "trend": "increasing", "ave_flux": 0.00644351, "continent": "Asia", "ord_stra": 4, "image_num": 305, "OWT": 2, "trend2": "increasing", "label": "River mouth 1899"}, "geometry": {"type": "Point", "coordinates": [136.33013020938068, -2.4231644927644362]}}, {"id": "1840", "type": "Feature", "properties": {"ID": 1900, "width_mean": 50.0, "slope": 0.000133, "uparea": 1588.52894719, "trend": "no trend", "ave_flux": 0.0109183, "continent": "Asia", "ord_stra": 4, "image_num": 357, "OWT": 2, "trend2": "no trend", "label": "River mouth 1900"}, "geometry": {"type": "Point", "coordinates": [134.53403000018443, -2.9192600000488937]}}, {"id": "1841", "type": "Feature", "properties": {"ID": 1901, "width_mean": 50.0, "slope": 0.00091, "uparea": 1807.59841624, "trend": "increasing", "ave_flux": 0.0422306, "continent": "Asia", "ord_stra": 5, "image_num": 279, "OWT": 2, "trend2": "increasing", "label": "River mouth 1901"}, "geometry": {"type": "Point", "coordinates": [133.70516272013953, -2.0337608138838528]}}, {"id": "1842", "type": "Feature", "properties": {"ID": 1902, "width_mean": 50.0, "slope": 0.000365, "uparea": 736.5347599301274, "trend": "increasing", "ave_flux": 0.0126384, "continent": "Asia", "ord_stra": 4, "image_num": 415, "OWT": 2, "trend2": "increasing", "label": "River mouth 1902"}, "geometry": {"type": "Point", "coordinates": [135.43397000011544, -3.4281600002837536]}}, {"id": "1843", "type": "Feature", "properties": {"ID": 1903, "width_mean": 72.0, "slope": 0.000186, "uparea": 676.6512811843095, "trend": "increasing", "ave_flux": 0.00734694, "continent": "Asia", "ord_stra": 4, "image_num": 327, "OWT": 2, "trend2": "increasing", "label": "River mouth 1903"}, "geometry": {"type": "Point", "coordinates": [136.8398199999931, -2.213079999742149]}}, {"id": "1844", "type": "Feature", "properties": {"ID": 1904, "width_mean": 72.0, "slope": 0.000378, "uparea": 752.4959222361409, "trend": "increasing", "ave_flux": 0.0113673, "continent": "Asia", "ord_stra": 4, "image_num": 313, "OWT": 2, "trend2": "increasing", "label": "River mouth 1904"}, "geometry": {"type": "Point", "coordinates": [133.53519609379916, -0.7864216039748156]}}, {"id": "1845", "type": "Feature", "properties": {"ID": 1905, "width_mean": 72.0, "slope": 0.00035, "uparea": 1024.5834605, "trend": "increasing", "ave_flux": 0.0256244, "continent": "Asia", "ord_stra": 4, "image_num": 576, "OWT": 2, "trend2": "increasing", "label": "River mouth 1905"}, "geometry": {"type": "Point", "coordinates": [132.37555000013242, -0.4431699996956695]}}, {"id": "1846", "type": "Feature", "properties": {"ID": 1906, "width_mean": 72.0, "slope": 0.000253, "uparea": 1017.07108469, "trend": "increasing", "ave_flux": 0.0131927, "continent": "Asia", "ord_stra": 5, "image_num": 599, "OWT": 2, "trend2": "increasing", "label": "River mouth 1906"}, "geometry": {"type": "Point", "coordinates": [136.51197293903812, -2.3139626567804132]}}, {"id": "1847", "type": "Feature", "properties": {"ID": 1907, "width_mean": 72.0, "slope": 0.000443, "uparea": 3872.33021406, "trend": "no trend", "ave_flux": 0.0637367, "continent": "Asia", "ord_stra": 5, "image_num": 339, "OWT": 2, "trend2": "no trend", "label": "River mouth 1907"}, "geometry": {"type": "Point", "coordinates": [132.90144734750083, -2.2548018748162573]}}, {"id": "1848", "type": "Feature", "properties": {"ID": 1908, "width_mean": 97.0, "slope": 7.8e-05, "uparea": 1660.45473785, "trend": "no trend", "ave_flux": 0.0527165, "continent": "Asia", "ord_stra": 5, "image_num": 524, "OWT": 2, "trend2": "no trend", "label": "River mouth 1908"}, "geometry": {"type": "Point", "coordinates": [135.3426255036976, -3.473666118944716]}}, {"id": "1849", "type": "Feature", "properties": {"ID": 1910, "width_mean": 97.0, "slope": 0.001823, "uparea": 5483.34519926, "trend": "increasing", "ave_flux": 0.0947978, "continent": "Asia", "ord_stra": 5, "image_num": 367, "OWT": 2, "trend2": "increasing", "label": "River mouth 1910"}, "geometry": {"type": "Point", "coordinates": [132.68118999971875, -2.243189999718652]}}, {"id": "1850", "type": "Feature", "properties": {"ID": 1912, "width_mean": 155.0, "slope": 0.001517, "uparea": 1524.43639522, "trend": "increasing", "ave_flux": 0.0445272, "continent": "Asia", "ord_stra": 5, "image_num": 421, "OWT": 2, "trend2": "increasing", "label": "River mouth 1912"}, "geometry": {"type": "Point", "coordinates": [133.67923028714264, -0.7884694032429547]}}, {"id": "1851", "type": "Feature", "properties": {"ID": 1913, "width_mean": 155.0, "slope": 0.00264, "uparea": 4262.4720619, "trend": "increasing", "ave_flux": 0.11453, "continent": "Asia", "ord_stra": 5, "image_num": 366, "OWT": 2, "trend2": "increasing", "label": "River mouth 1913"}, "geometry": {"type": "Point", "coordinates": [135.9457547879444, -2.8674671952100628]}}, {"id": "1852", "type": "Feature", "properties": {"ID": 1914, "width_mean": 155.0, "slope": 0.002557, "uparea": 5557.07515739, "trend": "increasing", "ave_flux": 0.0823977, "continent": "Asia", "ord_stra": 6, "image_num": 378, "OWT": 2, "trend2": "increasing", "label": "River mouth 1914"}, "geometry": {"type": "Point", "coordinates": [136.09103347428524, -2.721781837924913]}}, {"id": "1853", "type": "Feature", "properties": {"ID": 1915, "width_mean": 190.0, "slope": 3e-05, "uparea": 597.2423442843348, "trend": "no trend", "ave_flux": 0.00714577, "continent": "Asia", "ord_stra": 4, "image_num": 392, "OWT": 2, "trend2": "no trend", "label": "River mouth 1915"}, "geometry": {"type": "Point", "coordinates": [132.21292884762525, -1.9696419794469502]}}, {"id": "1854", "type": "Feature", "properties": {"ID": 1916, "width_mean": 190.0, "slope": 0.001289, "uparea": 6229.15815974, "trend": "no trend", "ave_flux": 0.103092, "continent": "Asia", "ord_stra": 6, "image_num": 351, "OWT": 3, "trend2": "no trend", "label": "River mouth 1916"}, "geometry": {"type": "Point", "coordinates": [132.95849454246394, -2.2587343106730304]}}, {"id": "1855", "type": "Feature", "properties": {"ID": 1917, "width_mean": 271.0, "slope": 0.000455, "uparea": 2308.34073307, "trend": "increasing", "ave_flux": 0.0246389, "continent": "Asia", "ord_stra": 4, "image_num": 271, "OWT": 3, "trend2": "increasing", "label": "River mouth 1917"}, "geometry": {"type": "Point", "coordinates": [133.87683851107755, -2.4560037642355983]}}, {"id": "1856", "type": "Feature", "properties": {"ID": 1918, "width_mean": 271.0, "slope": 0.000117, "uparea": 1719.39395886, "trend": "no trend", "ave_flux": 0.00907566, "continent": "Asia", "ord_stra": 4, "image_num": 213, "OWT": 2, "trend2": "increasing", "label": "River mouth 1918"}, "geometry": {"type": "Point", "coordinates": [137.3262410760129, -1.8239293661964784]}}, {"id": "1857", "type": "Feature", "properties": {"ID": 1919, "width_mean": 319.0, "slope": 0.00086, "uparea": 2361.96878016, "trend": "increasing", "ave_flux": 0.0241091, "continent": "Asia", "ord_stra": 5, "image_num": 234, "OWT": 2, "trend2": "increasing", "label": "River mouth 1919"}, "geometry": {"type": "Point", "coordinates": [137.319640000086, -1.9520600001688422]}}, {"id": "1858", "type": "Feature", "properties": {"ID": 1920, "width_mean": 572.0, "slope": 0.033472, "uparea": 78096.4465874, "trend": "increasing", "ave_flux": 1.75121, "continent": "Asia", "ord_stra": 8, "image_num": 237, "OWT": 3, "trend2": "increasing", "label": "River mouth 1920"}, "geometry": {"type": "Point", "coordinates": [137.8842889588924, -1.574273002138488]}}, {"id": "1859", "type": "Feature", "properties": {"ID": 1921, "width_mean": 4466.0, "slope": 0.000185, "uparea": 1244.63855812, "trend": "increasing", "ave_flux": 0.00769243, "continent": "Asia", "ord_stra": 4, "image_num": 477, "OWT": 1, "trend2": "increasing", "label": "River mouth 1921"}, "geometry": {"type": "Point", "coordinates": [133.56334386933574, -3.4447189567302363]}}, {"id": "1860", "type": "Feature", "properties": {"ID": 1922, "width_mean": 72.0, "slope": 4.8e-05, "uparea": 257.84854460173483, "trend": "increasing", "ave_flux": 0.00234011, "continent": "Asia", "ord_stra": 4, "image_num": 277, "OWT": 2, "trend2": "increasing", "label": "River mouth 1922"}, "geometry": {"type": "Point", "coordinates": [139.7670321536712, -2.463645335965388]}}, {"id": "1861", "type": "Feature", "properties": {"ID": 1923, "width_mean": 72.0, "slope": 6.9e-05, "uparea": 1015.95102318, "trend": "no trend", "ave_flux": 0.0101035, "continent": "Asia", "ord_stra": 4, "image_num": 251, "OWT": 2, "trend2": "no trend", "label": "River mouth 1923"}, "geometry": {"type": "Point", "coordinates": [139.98864481074114, -2.419333025845337]}}, {"id": "1862", "type": "Feature", "properties": {"ID": 1924, "width_mean": 72.0, "slope": 0.000602, "uparea": 1791.61494631, "trend": "increasing", "ave_flux": 0.0369816, "continent": "Asia", "ord_stra": 4, "image_num": 525, "OWT": 2, "trend2": "increasing", "label": "River mouth 1924"}, "geometry": {"type": "Point", "coordinates": [139.60330999965686, -2.3699499996926647]}}, {"id": "1863", "type": "Feature", "properties": {"ID": 1925, "width_mean": 72.0, "slope": 0.000727, "uparea": 1163.69099579, "trend": "increasing", "ave_flux": 0.0232771, "continent": "Asia", "ord_stra": 5, "image_num": 313, "OWT": 2, "trend2": "increasing", "label": "River mouth 1925"}, "geometry": {"type": "Point", "coordinates": [139.34291611513325, -2.217316322369783]}}, {"id": "1864", "type": "Feature", "properties": {"ID": 1926, "width_mean": 72.0, "slope": 0.00045, "uparea": 3074.96668207, "trend": "increasing", "ave_flux": 0.0186787, "continent": "Asia", "ord_stra": 5, "image_num": 264, "OWT": 2, "trend2": "increasing", "label": "River mouth 1926"}, "geometry": {"type": "Point", "coordinates": [140.86001000036129, -2.685890000323184]}}, {"id": "1865", "type": "Feature", "properties": {"ID": 1927, "width_mean": 97.0, "slope": 0.000171, "uparea": 1117.15838391, "trend": "no trend", "ave_flux": 0.016482, "continent": "Asia", "ord_stra": 4, "image_num": 215, "OWT": 2, "trend2": "no trend", "label": "River mouth 1927"}, "geometry": {"type": "Point", "coordinates": [141.97075978157963, -3.0277341900653343]}}, {"id": "1866", "type": "Feature", "properties": {"ID": 1928, "width_mean": 97.0, "slope": 0.000905, "uparea": 2245.86408258, "trend": "increasing", "ave_flux": 0.0393941, "continent": "Asia", "ord_stra": 5, "image_num": 399, "OWT": 2, "trend2": "increasing", "label": "River mouth 1928"}, "geometry": {"type": "Point", "coordinates": [138.16859207086407, -1.7540661532322628]}}, {"id": "1867", "type": "Feature", "properties": {"ID": 1929, "width_mean": 124.0, "slope": 0.000368, "uparea": 1718.18038866, "trend": "increasing", "ave_flux": 0.021975, "continent": "Asia", "ord_stra": 5, "image_num": 312, "OWT": 2, "trend2": "increasing", "label": "River mouth 1929"}, "geometry": {"type": "Point", "coordinates": [138.92937999998708, -2.0314100000713893]}}, {"id": "1868", "type": "Feature", "properties": {"ID": 1930, "width_mean": 124.0, "slope": 0.000545, "uparea": 1694.46402585, "trend": "increasing", "ave_flux": 0.0272614, "continent": "Asia", "ord_stra": 5, "image_num": 213, "OWT": 2, "trend2": "increasing", "label": "River mouth 1930"}, "geometry": {"type": "Point", "coordinates": [141.43277000023534, -2.8045600004436437]}}, {"id": "1869", "type": "Feature", "properties": {"ID": 1931, "width_mean": 498.0, "slope": 0.02369, "uparea": 79795.0072521, "trend": "increasing", "ave_flux": 1.03011, "continent": "Asia", "ord_stra": 8, "image_num": 200, "OWT": 3, "trend2": "increasing", "label": "River mouth 1931"}, "geometry": {"type": "Point", "coordinates": [144.44350447270565, -3.895478686019736]}}, {"id": "1870", "type": "Feature", "properties": {"ID": 1932, "width_mean": 50.0, "slope": 0.000295, "uparea": 3427.78746685, "trend": "no trend", "ave_flux": 0.0198556, "continent": "South America", "ord_stra": 4, "image_num": 402, "OWT": 2, "trend2": "increasing", "label": "River mouth 1932"}, "geometry": {"type": "Point", "coordinates": [-79.72806048864737, -6.811531894816478]}}, {"id": "1871", "type": "Feature", "properties": {"ID": 1933, "width_mean": 72.0, "slope": 0.000252, "uparea": 4001.97484595, "trend": "increasing", "ave_flux": 0.0163747, "continent": "South America", "ord_stra": 4, "image_num": 401, "OWT": 4, "trend2": "increasing", "label": "River mouth 1933"}, "geometry": {"type": "Point", "coordinates": [-79.20876000007388, -7.8421200003376725]}}, {"id": "1872", "type": "Feature", "properties": {"ID": 1934, "width_mean": 124.0, "slope": 0.000847, "uparea": 3803.34488482, "trend": "increasing", "ave_flux": 0.0433995, "continent": "South America", "ord_stra": 4, "image_num": 673, "OWT": 4, "trend2": "increasing", "label": "River mouth 1934"}, "geometry": {"type": "Point", "coordinates": [-79.48181254982855, -7.324877283239603]}}, {"id": "1873", "type": "Feature", "properties": {"ID": 1935, "width_mean": 155.0, "slope": 0.000167, "uparea": 17478.4959296, "trend": "no trend", "ave_flux": 0.0478653, "continent": "South America", "ord_stra": 5, "image_num": 375, "OWT": 3, "trend2": "no trend", "label": "River mouth 1935"}, "geometry": {"type": "Point", "coordinates": [-81.08574804492149, -4.875345996852861]}}, {"id": "1874", "type": "Feature", "properties": {"ID": 1937, "width_mean": 72.0, "slope": -3.3e-05, "uparea": 13768.8132189, "trend": "decreasing", "ave_flux": 0.00118613, "continent": "South America", "ord_stra": 5, "image_num": 727, "OWT": 3, "trend2": "decreasing", "label": "River mouth 1937"}, "geometry": {"type": "Point", "coordinates": [-37.187712344075464, -5.013772310770806]}}, {"id": "1875", "type": "Feature", "properties": {"ID": 1938, "width_mean": 155.0, "slope": -0.000262, "uparea": 72700.1703014, "trend": "decreasing", "ave_flux": 0.0075966, "continent": "South America", "ord_stra": 7, "image_num": 512, "OWT": 1, "trend2": "decreasing", "label": "River mouth 1938"}, "geometry": {"type": "Point", "coordinates": [-37.788275667394096, -4.470552141952295]}}, {"id": "1876", "type": "Feature", "properties": {"ID": 1939, "width_mean": 498.0, "slope": 8e-06, "uparea": 40263.6115485, "trend": "no trend", "ave_flux": 0.00171943, "continent": "South America", "ord_stra": 6, "image_num": 496, "OWT": 2, "trend2": "no trend", "label": "River mouth 1939"}, "geometry": {"type": "Point", "coordinates": [-36.71058824501504, -5.2132206358547375]}}, {"id": "1877", "type": "Feature", "properties": {"ID": 1940, "width_mean": 124.0, "slope": 0.0, "uparea": 3012.52427537, "trend": "no trend", "ave_flux": 0.000417448, "continent": "South America", "ord_stra": 5, "image_num": 449, "OWT": 2, "trend2": "decreasing", "label": "River mouth 1940"}, "geometry": {"type": "Point", "coordinates": [-35.03751699191863, -6.804244891311213]}}, {"id": "1878", "type": "Feature", "properties": {"ID": 1941, "width_mean": 271.0, "slope": 0.0, "uparea": 17911.2596388, "trend": "no trend", "ave_flux": 0.000308719, "continent": "South America", "ord_stra": 6, "image_num": 493, "OWT": 2, "trend2": "no trend", "label": "River mouth 1941"}, "geometry": {"type": "Point", "coordinates": [-35.053256393891026, -7.136134232394752]}}, {"id": "1879", "type": "Feature", "properties": {"ID": 1942, "width_mean": 50.0, "slope": -0.000188, "uparea": 3530.71058805, "trend": "no trend", "ave_flux": 0.0260674, "continent": "Africa", "ord_stra": 4, "image_num": 130, "OWT": 4, "trend2": "decreasing", "label": "River mouth 1942"}, "geometry": {"type": "Point", "coordinates": [11.999981077915002, -4.97515214584998]}}, {"id": "1880", "type": "Feature", "properties": {"ID": 1943, "width_mean": 372.0, "slope": 0.000839, "uparea": 58796.0516347, "trend": "no trend", "ave_flux": 0.205162, "continent": "Africa", "ord_stra": 7, "image_num": 138, "OWT": 2, "trend2": "no trend", "label": "River mouth 1943"}, "geometry": {"type": "Point", "coordinates": [11.743597217534125, -4.4305502650429665]}}, {"id": "1881", "type": "Feature", "properties": {"ID": 1944, "width_mean": 50.0, "slope": 0.001289, "uparea": 12457.468876, "trend": "increasing", "ave_flux": 0.040889, "continent": "Africa", "ord_stra": 5, "image_num": 352, "OWT": 2, "trend2": "increasing", "label": "River mouth 1944"}, "geometry": {"type": "Point", "coordinates": [13.21958180766799, -7.787011388663473]}}, {"id": "1882", "type": "Feature", "properties": {"ID": 1945, "width_mean": 124.0, "slope": 0.001917, "uparea": 14743.3489986, "trend": "increasing", "ave_flux": 0.0757894, "continent": "Africa", "ord_stra": 6, "image_num": 380, "OWT": 2, "trend2": "increasing", "label": "River mouth 1945"}, "geometry": {"type": "Point", "coordinates": [13.644679999982088, -6.969070000280226]}}, {"id": "1883", "type": "Feature", "properties": {"ID": 1946, "width_mean": 4466.0, "slope": -0.122149, "uparea": 3674244.72262, "trend": "decreasing", "ave_flux": 5.04848, "continent": "Africa", "ord_stra": 9, "image_num": 171, "OWT": 3, "trend2": "decreasing", "label": "River mouth 1946"}, "geometry": {"type": "Point", "coordinates": [13.315024099751952, -5.864584246251584]}}, {"id": "1884", "type": "Feature", "properties": {"ID": 1947, "width_mean": 50.0, "slope": 0.000419, "uparea": 17065.6639707, "trend": "increasing", "ave_flux": 0.0221043, "continent": "Africa", "ord_stra": 5, "image_num": 422, "OWT": 2, "trend2": "increasing", "label": "River mouth 1947"}, "geometry": {"type": "Point", "coordinates": [38.84388962247676, -6.442868868722069]}}, {"id": "1885", "type": "Feature", "properties": {"ID": 1948, "width_mean": 72.0, "slope": 0.000319, "uparea": 41220.6536933, "trend": "increasing", "ave_flux": 0.0172886, "continent": "Africa", "ord_stra": 6, "image_num": 367, "OWT": 2, "trend2": "increasing", "label": "River mouth 1948"}, "geometry": {"type": "Point", "coordinates": [38.80377000018541, -6.1599500003921435]}}, {"id": "1886", "type": "Feature", "properties": {"ID": 1949, "width_mean": 271.0, "slope": 0.000294, "uparea": 40787.0494306, "trend": "increasing", "ave_flux": 0.0127383, "continent": "Africa", "ord_stra": 5, "image_num": 374, "OWT": 3, "trend2": "increasing", "label": "River mouth 1949"}, "geometry": {"type": "Point", "coordinates": [38.925483470075534, -5.40746494625637]}}, {"id": "1887", "type": "Feature", "properties": {"ID": 1950, "width_mean": 50.0, "slope": 2.9e-05, "uparea": 1116.28789007, "trend": "no trend", "ave_flux": 0.00865734, "continent": "Asia", "ord_stra": 4, "image_num": 746, "OWT": 2, "trend2": "no trend", "label": "River mouth 1950"}, "geometry": {"type": "Point", "coordinates": [107.83484000006604, -6.282699999805118]}}, {"id": "1888", "type": "Feature", "properties": {"ID": 1951, "width_mean": 50.0, "slope": 0.001063, "uparea": 6141.96426432, "trend": "no trend", "ave_flux": 0.0754059, "continent": "Asia", "ord_stra": 6, "image_num": 391, "OWT": 2, "trend2": "increasing", "label": "River mouth 1951"}, "geometry": {"type": "Point", "coordinates": [107.04977000038525, -5.986400000159847]}}, {"id": "1889", "type": "Feature", "properties": {"ID": 1953, "width_mean": 50.0, "slope": 0.000127, "uparea": 702.1310214109503, "trend": "increasing", "ave_flux": 0.00738074, "continent": "Asia", "ord_stra": 4, "image_num": 400, "OWT": 2, "trend2": "increasing", "label": "River mouth 1953"}, "geometry": {"type": "Point", "coordinates": [102.9268300002044, -4.468430000044407]}}, {"id": "1890", "type": "Feature", "properties": {"ID": 1954, "width_mean": 50.0, "slope": 0.000113, "uparea": 894.0138955760585, "trend": "no trend", "ave_flux": 0.0178702, "continent": "Asia", "ord_stra": 4, "image_num": 423, "OWT": 3, "trend2": "no trend", "label": "River mouth 1954"}, "geometry": {"type": "Point", "coordinates": [106.6687544290715, -7.405919803992051]}}, {"id": "1891", "type": "Feature", "properties": {"ID": 1956, "width_mean": 72.0, "slope": 0.000227, "uparea": 1407.99644432, "trend": "no trend", "ave_flux": 0.02563, "continent": "Asia", "ord_stra": 4, "image_num": 424, "OWT": 2, "trend2": "increasing", "label": "River mouth 1956"}, "geometry": {"type": "Point", "coordinates": [104.52064422592989, -5.5041964936915075]}}, {"id": "1892", "type": "Feature", "properties": {"ID": 1957, "width_mean": 72.0, "slope": 8.9e-05, "uparea": 501.04751184673495, "trend": "no trend", "ave_flux": 0.0141499, "continent": "Asia", "ord_stra": 4, "image_num": 396, "OWT": 2, "trend2": "no trend", "label": "River mouth 1957"}, "geometry": {"type": "Point", "coordinates": [102.77913000044924, -4.293069999980446]}}, {"id": "1893", "type": "Feature", "properties": {"ID": 1958, "width_mean": 72.0, "slope": 0.000156, "uparea": 515.0414305357141, "trend": "increasing", "ave_flux": 0.00699409, "continent": "Asia", "ord_stra": 4, "image_num": 336, "OWT": 2, "trend2": "increasing", "label": "River mouth 1958"}, "geometry": {"type": "Point", "coordinates": [105.87546474292417, -6.811785945770936]}}, {"id": "1894", "type": "Feature", "properties": {"ID": 1959, "width_mean": 72.0, "slope": 9.9e-05, "uparea": 469.3391587375911, "trend": "no trend", "ave_flux": 0.0089658, "continent": "Asia", "ord_stra": 4, "image_num": 423, "OWT": 2, "trend2": "increasing", "label": "River mouth 1959"}, "geometry": {"type": "Point", "coordinates": [102.53652999955989, -4.129770000285248]}}, {"id": "1895", "type": "Feature", "properties": {"ID": 1960, "width_mean": 72.0, "slope": 0.00065, "uparea": 1341.39475489, "trend": "increasing", "ave_flux": 0.0270857, "continent": "Asia", "ord_stra": 5, "image_num": 409, "OWT": 3, "trend2": "increasing", "label": "River mouth 1960"}, "geometry": {"type": "Point", "coordinates": [106.63178919779465, -6.038097448373772]}}, {"id": "1896", "type": "Feature", "properties": {"ID": 1961, "width_mean": 72.0, "slope": 5.1e-05, "uparea": 485.036511808513, "trend": "no trend", "ave_flux": 0.0128932, "continent": "Asia", "ord_stra": 4, "image_num": 407, "OWT": 4, "trend2": "no trend", "label": "River mouth 1961"}, "geometry": {"type": "Point", "coordinates": [103.14685000032733, -4.564230000414113]}}, {"id": "1897", "type": "Feature", "properties": {"ID": 1962, "width_mean": 72.0, "slope": -0.000104, "uparea": 1336.31930688, "trend": "no trend", "ave_flux": 0.0191263, "continent": "Asia", "ord_stra": 5, "image_num": 437, "OWT": 3, "trend2": "decreasing", "label": "River mouth 1962"}, "geometry": {"type": "Point", "coordinates": [106.79089383516487, -7.411712619385315]}}, {"id": "1898", "type": "Feature", "properties": {"ID": 1963, "width_mean": 72.0, "slope": -3.9e-05, "uparea": 1383.86660971, "trend": "no trend", "ave_flux": 0.0128002, "continent": "Asia", "ord_stra": 5, "image_num": 490, "OWT": 2, "trend2": "no trend", "label": "River mouth 1963"}, "geometry": {"type": "Point", "coordinates": [106.58507946069241, -7.019611827374047]}}, {"id": "1899", "type": "Feature", "properties": {"ID": 1964, "width_mean": 72.0, "slope": 0.00032, "uparea": 1920.88261293, "trend": "increasing", "ave_flux": 0.0264219, "continent": "Asia", "ord_stra": 5, "image_num": 774, "OWT": 3, "trend2": "increasing", "label": "River mouth 1964"}, "geometry": {"type": "Point", "coordinates": [106.33076966536765, -6.027303177087152]}}, {"id": "1900", "type": "Feature", "properties": {"ID": 1965, "width_mean": 498.0, "slope": 0.000385, "uparea": 8403.68310368, "trend": "no trend", "ave_flux": 0.0333409, "continent": "Asia", "ord_stra": 6, "image_num": 389, "OWT": 3, "trend2": "no trend", "label": "River mouth 1965"}, "geometry": {"type": "Point", "coordinates": [105.79653679985962, -4.348818383390897]}}, {"id": "1901", "type": "Feature", "properties": {"ID": 1966, "width_mean": 498.0, "slope": -0.0009, "uparea": 6432.47642838, "trend": "decreasing", "ave_flux": 0.0265707, "continent": "Asia", "ord_stra": 5, "image_num": 385, "OWT": 1, "trend2": "decreasing", "label": "River mouth 1966"}, "geometry": {"type": "Point", "coordinates": [105.82035617595739, -4.151172253833034]}}, {"id": "1902", "type": "Feature", "properties": {"ID": 1967, "width_mean": 572.0, "slope": 9.6e-05, "uparea": 7119.99373099, "trend": "no trend", "ave_flux": 0.0234794, "continent": "Asia", "ord_stra": 5, "image_num": 337, "OWT": 1, "trend2": "no trend", "label": "River mouth 1967"}, "geometry": {"type": "Point", "coordinates": [105.87372071053233, -4.682144978481573]}}, {"id": "1903", "type": "Feature", "properties": {"ID": 1968, "width_mean": 72.0, "slope": 0.000221, "uparea": 1095.75461586, "trend": "increasing", "ave_flux": 0.010899, "continent": "Asia", "ord_stra": 4, "image_num": 327, "OWT": 2, "trend2": "increasing", "label": "River mouth 1968"}, "geometry": {"type": "Point", "coordinates": [111.1482999999451, -6.72009999971516]}}, {"id": "1904", "type": "Feature", "properties": {"ID": 1970, "width_mean": 72.0, "slope": 0.00026, "uparea": 1134.48470248, "trend": "increasing", "ave_flux": 0.0155715, "continent": "Asia", "ord_stra": 5, "image_num": 336, "OWT": 2, "trend2": "increasing", "label": "River mouth 1970"}, "geometry": {"type": "Point", "coordinates": [108.15582000019293, -7.761919999908002]}}, {"id": "1905", "type": "Feature", "properties": {"ID": 1971, "width_mean": 97.0, "slope": 7.5e-05, "uparea": 773.3189106209943, "trend": "no trend", "ave_flux": 0.00700903, "continent": "Asia", "ord_stra": 4, "image_num": 389, "OWT": 2, "trend2": "increasing", "label": "River mouth 1971"}, "geometry": {"type": "Point", "coordinates": [109.51007951059071, -6.840449853260821]}}, {"id": "1906", "type": "Feature", "properties": {"ID": 1972, "width_mean": 97.0, "slope": 0.000368, "uparea": 2784.21323384, "trend": "increasing", "ave_flux": 0.0293235, "continent": "Asia", "ord_stra": 5, "image_num": 355, "OWT": 2, "trend2": "increasing", "label": "River mouth 1972"}, "geometry": {"type": "Point", "coordinates": [108.77905523059493, -7.65569447090787]}}, {"id": "1907", "type": "Feature", "properties": {"ID": 1973, "width_mean": 97.0, "slope": 0.0005, "uparea": 2314.36283026, "trend": "increasing", "ave_flux": 0.0288207, "continent": "Asia", "ord_stra": 5, "image_num": 449, "OWT": 2, "trend2": "increasing", "label": "River mouth 1973"}, "geometry": {"type": "Point", "coordinates": [110.23906756766118, -7.945363826418653]}}, {"id": "1908", "type": "Feature", "properties": {"ID": 1975, "width_mean": 155.0, "slope": 0.00038, "uparea": 10704.5086576, "trend": "no trend", "ave_flux": 0.0544088, "continent": "Asia", "ord_stra": 5, "image_num": 339, "OWT": 3, "trend2": "increasing", "label": "River mouth 1975"}, "geometry": {"type": "Point", "coordinates": [112.8429061692373, -7.5476608889018415]}}, {"id": "1909", "type": "Feature", "properties": {"ID": 1976, "width_mean": 271.0, "slope": 0.000175, "uparea": 3577.22669069, "trend": "no trend", "ave_flux": 0.0510749, "continent": "Asia", "ord_stra": 6, "image_num": 569, "OWT": 3, "trend2": "no trend", "label": "River mouth 1976"}, "geometry": {"type": "Point", "coordinates": [109.12445262612596, -7.665302755185591]}}, {"id": "1910", "type": "Feature", "properties": {"ID": 1977, "width_mean": 72.0, "slope": 3.1e-05, "uparea": 548.1861922082801, "trend": "increasing", "ave_flux": 0.00192997, "continent": "Asia", "ord_stra": 4, "image_num": 383, "OWT": 2, "trend2": "increasing", "label": "River mouth 1977"}, "geometry": {"type": "Point", "coordinates": [119.5294638583529, -5.01147533935106]}}, {"id": "1911", "type": "Feature", "properties": {"ID": 1978, "width_mean": 97.0, "slope": 9.8e-05, "uparea": 1046.35389768, "trend": "increasing", "ave_flux": 0.004423, "continent": "Asia", "ord_stra": 4, "image_num": 313, "OWT": 2, "trend2": "increasing", "label": "River mouth 1978"}, "geometry": {"type": "Point", "coordinates": [114.01198934352936, -7.743605556693099]}}, {"id": "1912", "type": "Feature", "properties": {"ID": 1979, "width_mean": 155.0, "slope": 4.7e-05, "uparea": 715.920783338691, "trend": "no trend", "ave_flux": 0.00368283, "continent": "Asia", "ord_stra": 4, "image_num": 338, "OWT": 3, "trend2": "no trend", "label": "River mouth 1979"}, "geometry": {"type": "Point", "coordinates": [119.42279937000723, -5.194854880635571]}}, {"id": "1913", "type": "Feature", "properties": {"ID": 1980, "width_mean": 124.0, "slope": 0.00155, "uparea": 7285.25974201, "trend": "increasing", "ave_flux": 0.0624573, "continent": "Asia", "ord_stra": 6, "image_num": 270, "OWT": 3, "trend2": "increasing", "label": "River mouth 1980"}, "geometry": {"type": "Point", "coordinates": [120.34915999963437, -4.357040000195809]}}, {"id": "1914", "type": "Feature", "properties": {"ID": 1981, "width_mean": 72.0, "slope": 0.000327, "uparea": 755.2400780657637, "trend": "increasing", "ave_flux": 0.010369, "continent": "Asia", "ord_stra": 4, "image_num": 586, "OWT": 3, "trend2": "increasing", "label": "River mouth 1981"}, "geometry": {"type": "Point", "coordinates": [131.21749044079556, -7.578686683522845]}}, {"id": "1915", "type": "Feature", "properties": {"ID": 1982, "width_mean": 50.0, "slope": 0.000423, "uparea": 1070.71393506, "trend": "no trend", "ave_flux": 0.0334771, "continent": "Asia", "ord_stra": 4, "image_num": 324, "OWT": 2, "trend2": "no trend", "label": "River mouth 1982"}, "geometry": {"type": "Point", "coordinates": [135.19490999969685, -4.396160000183841]}}, {"id": "1916", "type": "Feature", "properties": {"ID": 1983, "width_mean": 72.0, "slope": 0.001565, "uparea": 979.93694578929, "trend": "increasing", "ave_flux": 0.0430281, "continent": "Asia", "ord_stra": 4, "image_num": 342, "OWT": 2, "trend2": "increasing", "label": "River mouth 1983"}, "geometry": {"type": "Point", "coordinates": [135.36332073433672, -4.381673023472181]}}, {"id": "1917", "type": "Feature", "properties": {"ID": 1984, "width_mean": 97.0, "slope": 0.00098, "uparea": 5045.38061536, "trend": "no trend", "ave_flux": 0.0843998, "continent": "Asia", "ord_stra": 6, "image_num": 352, "OWT": 2, "trend2": "no trend", "label": "River mouth 1984"}, "geometry": {"type": "Point", "coordinates": [134.78410000021495, -4.190019999823107]}}, {"id": "1918", "type": "Feature", "properties": {"ID": 1985, "width_mean": 155.0, "slope": 0.00128, "uparea": 2241.64097719, "trend": "no trend", "ave_flux": 0.0987615, "continent": "Asia", "ord_stra": 5, "image_num": 188, "OWT": 2, "trend2": "increasing", "label": "River mouth 1985"}, "geometry": {"type": "Point", "coordinates": [136.4512206138567, -4.681538833149833]}}, {"id": "1919", "type": "Feature", "properties": {"ID": 1986, "width_mean": 190.0, "slope": 0.000225, "uparea": 547.3926852599379, "trend": "no trend", "ave_flux": 0.0201193, "continent": "Asia", "ord_stra": 4, "image_num": 238, "OWT": 2, "trend2": "no trend", "label": "River mouth 1986"}, "geometry": {"type": "Point", "coordinates": [136.22228769843628, -4.602134547489574]}}, {"id": "1920", "type": "Feature", "properties": {"ID": 1987, "width_mean": 271.0, "slope": 0.002227, "uparea": 3117.0763608, "trend": "increasing", "ave_flux": 0.0862743, "continent": "Asia", "ord_stra": 6, "image_num": 589, "OWT": 3, "trend2": "increasing", "label": "River mouth 1987"}, "geometry": {"type": "Point", "coordinates": [136.0572200000031, -4.549700000354676]}}, {"id": "1921", "type": "Feature", "properties": {"ID": 1988, "width_mean": 372.0, "slope": 0.000403, "uparea": 1950.21019614, "trend": "no trend", "ave_flux": 0.0369573, "continent": "Asia", "ord_stra": 5, "image_num": 272, "OWT": 3, "trend2": "no trend", "label": "River mouth 1988"}, "geometry": {"type": "Point", "coordinates": [137.72563397335384, -5.12403221442214]}}, {"id": "1922", "type": "Feature", "properties": {"ID": 1989, "width_mean": 655.0, "slope": 0.001019, "uparea": 1541.19785235, "trend": "increasing", "ave_flux": 0.0523617, "continent": "Asia", "ord_stra": 4, "image_num": 444, "OWT": 3, "trend2": "increasing", "label": "River mouth 1989"}, "geometry": {"type": "Point", "coordinates": [137.42920609407787, -5.06575626044274]}}, {"id": "1923", "type": "Feature", "properties": {"ID": 1990, "width_mean": 655.0, "slope": 0.000181, "uparea": 443.75759056554983, "trend": "no trend", "ave_flux": 0.0168309, "continent": "Asia", "ord_stra": 4, "image_num": 195, "OWT": 2, "trend2": "no trend", "label": "River mouth 1990"}, "geometry": {"type": "Point", "coordinates": [137.13046588999856, -4.9029160075168114]}}, {"id": "1924", "type": "Feature", "properties": {"ID": 1991, "width_mean": 747.0, "slope": 0.001215, "uparea": 2348.7878472, "trend": "increasing", "ave_flux": 0.0605477, "continent": "Asia", "ord_stra": 4, "image_num": 292, "OWT": 3, "trend2": "increasing", "label": "River mouth 1991"}, "geometry": {"type": "Point", "coordinates": [137.82163925912369, -5.207775072034772]}}, {"id": "1925", "type": "Feature", "properties": {"ID": 1992, "width_mean": 850.0, "slope": 0.000936, "uparea": 3662.26541195, "trend": "increasing", "ave_flux": 0.0556326, "continent": "Asia", "ord_stra": 4, "image_num": 284, "OWT": 3, "trend2": "increasing", "label": "River mouth 1992"}, "geometry": {"type": "Point", "coordinates": [137.93622839793954, -5.300081049010784]}}, {"id": "1926", "type": "Feature", "properties": {"ID": 1993, "width_mean": 1397.0, "slope": 0.000671, "uparea": 2295.41198986, "trend": "increasing", "ave_flux": 0.05242, "continent": "Asia", "ord_stra": 4, "image_num": 167, "OWT": 3, "trend2": "increasing", "label": "River mouth 1993"}, "geometry": {"type": "Point", "coordinates": [136.7706953578652, -4.8357995492479535]}}, {"id": "1927", "type": "Feature", "properties": {"ID": 1994, "width_mean": 2829.0, "slope": 0.000703, "uparea": 2697.48379016, "trend": "increasing", "ave_flux": 0.0312897, "continent": "Asia", "ord_stra": 4, "image_num": 207, "OWT": 3, "trend2": "increasing", "label": "River mouth 1994"}, "geometry": {"type": "Point", "coordinates": [137.2322899999836, -4.969945000111608]}}, {"id": "1928", "type": "Feature", "properties": {"ID": 1995, "width_mean": 72.0, "slope": 0.000236, "uparea": 1046.09274745, "trend": "no trend", "ave_flux": 0.021584, "continent": "Asia", "ord_stra": 5, "image_num": 431, "OWT": 2, "trend2": "no trend", "label": "River mouth 1995"}, "geometry": {"type": "Point", "coordinates": [138.87939224738506, -6.7225406765660445]}}, {"id": "1929", "type": "Feature", "properties": {"ID": 1996, "width_mean": 97.0, "slope": 5.9e-05, "uparea": 1516.55748796, "trend": "no trend", "ave_flux": 0.0150147, "continent": "Asia", "ord_stra": 5, "image_num": 578, "OWT": 2, "trend2": "no trend", "label": "River mouth 1996"}, "geometry": {"type": "Point", "coordinates": [138.8718066192274, -6.463995616763297]}}, {"id": "1930", "type": "Feature", "properties": {"ID": 1997, "width_mean": 155.0, "slope": 0.0003, "uparea": 684.3651503232039, "trend": "increasing", "ave_flux": 0.010376, "continent": "Asia", "ord_stra": 5, "image_num": 275, "OWT": 2, "trend2": "increasing", "label": "River mouth 1997"}, "geometry": {"type": "Point", "coordinates": [138.12376260460042, -7.794470775260753]}}, {"id": "1931", "type": "Feature", "properties": {"ID": 1998, "width_mean": 850.0, "slope": 0.000389, "uparea": 1837.92721444, "trend": "increasing", "ave_flux": 0.0204096, "continent": "Asia", "ord_stra": 4, "image_num": 337, "OWT": 2, "trend2": "increasing", "label": "River mouth 1998"}, "geometry": {"type": "Point", "coordinates": [143.8043412928166, -7.955703595945572]}}, {"id": "1932", "type": "Feature", "properties": {"ID": 1999, "width_mean": 850.0, "slope": 0.016738, "uparea": 30079.6212834, "trend": "increasing", "ave_flux": 0.720196, "continent": "Asia", "ord_stra": 4, "image_num": 297, "OWT": 3, "trend2": "increasing", "label": "River mouth 1999"}, "geometry": {"type": "Point", "coordinates": [138.31245850902076, -5.672740860204837]}}, {"id": "1933", "type": "Feature", "properties": {"ID": 2000, "width_mean": 1575.0, "slope": 0.001595, "uparea": 4054.01353965, "trend": "increasing", "ave_flux": 0.0505943, "continent": "Asia", "ord_stra": 5, "image_num": 321, "OWT": 3, "trend2": "increasing", "label": "River mouth 2000"}, "geometry": {"type": "Point", "coordinates": [143.63916000003405, -7.359040000095888]}}, {"id": "1934", "type": "Feature", "properties": {"ID": 2001, "width_mean": 1575.0, "slope": 0.001972, "uparea": 8556.90979022, "trend": "no trend", "ave_flux": 0.132647, "continent": "Asia", "ord_stra": 4, "image_num": 315, "OWT": 3, "trend2": "increasing", "label": "River mouth 2001"}, "geometry": {"type": "Point", "coordinates": [138.13568401722173, -5.488679853840546]}}, {"id": "1935", "type": "Feature", "properties": {"ID": 2002, "width_mean": 1774.0, "slope": 0.000893, "uparea": 7202.35226796, "trend": "increasing", "ave_flux": 0.0826615, "continent": "Asia", "ord_stra": 4, "image_num": 376, "OWT": 2, "trend2": "increasing", "label": "River mouth 2002"}, "geometry": {"type": "Point", "coordinates": [139.04127455063698, -6.8965872454914985]}}, {"id": "1936", "type": "Feature", "properties": {"ID": 2003, "width_mean": 1996.0, "slope": 0.013505, "uparea": 18730.1766664, "trend": "increasing", "ave_flux": 0.630975, "continent": "Asia", "ord_stra": 4, "image_num": 389, "OWT": 2, "trend2": "increasing", "label": "River mouth 2003"}, "geometry": {"type": "Point", "coordinates": [143.40196738032716, -7.921361173524323]}}, {"id": "1937", "type": "Feature", "properties": {"ID": 2004, "width_mean": 2244.0, "slope": 0.001474, "uparea": 4472.79499644, "trend": "no trend", "ave_flux": 0.106871, "continent": "Asia", "ord_stra": 4, "image_num": 304, "OWT": 2, "trend2": "increasing", "label": "River mouth 2004"}, "geometry": {"type": "Point", "coordinates": [138.3015306395871, -5.849143656908206]}}, {"id": "1938", "type": "Feature", "properties": {"ID": 2005, "width_mean": 2829.0, "slope": 0.00844, "uparea": 28108.2828814, "trend": "no trend", "ave_flux": 0.853596, "continent": "Asia", "ord_stra": 4, "image_num": 380, "OWT": 3, "trend2": "increasing", "label": "River mouth 2005"}, "geometry": {"type": "Point", "coordinates": [139.03214727752072, -7.221667352008295]}}, {"id": "1939", "type": "Feature", "properties": {"ID": 2006, "width_mean": 5000.0, "slope": 0.000153, "uparea": 6549.69922148, "trend": "no trend", "ave_flux": 0.0206247, "continent": "Asia", "ord_stra": 4, "image_num": 431, "OWT": 1, "trend2": "no trend", "label": "River mouth 2006"}, "geometry": {"type": "Point", "coordinates": [138.883793628472, -7.408389093917013]}}, {"id": "1940", "type": "Feature", "properties": {"ID": 2007, "width_mean": 50.0, "slope": 0.001593, "uparea": 1295.18714031, "trend": "increasing", "ave_flux": 0.0466873, "continent": "Asia", "ord_stra": 5, "image_num": 335, "OWT": 2, "trend2": "increasing", "label": "River mouth 2007"}, "geometry": {"type": "Point", "coordinates": [147.03831643655062, -6.7022632904743755]}}, {"id": "1941", "type": "Feature", "properties": {"ID": 2008, "width_mean": 50.0, "slope": 0.000617, "uparea": 647.2495234072958, "trend": "increasing", "ave_flux": 0.0246533, "continent": "Asia", "ord_stra": 4, "image_num": 582, "OWT": 2, "trend2": "increasing", "label": "River mouth 2008"}, "geometry": {"type": "Point", "coordinates": [147.79997000011542, -7.972560000043927]}}, {"id": "1942", "type": "Feature", "properties": {"ID": 2009, "width_mean": 50.0, "slope": 0.000205, "uparea": 1105.47870347, "trend": "increasing", "ave_flux": 0.00560326, "continent": "Oceania", "ord_stra": 5, "image_num": 202, "OWT": 2, "trend2": "increasing", "label": "River mouth 2009"}, "geometry": {"type": "Point", "coordinates": [149.54024999983767, -5.552579999867078]}}, {"id": "1943", "type": "Feature", "properties": {"ID": 2010, "width_mean": 50.0, "slope": 0.002143, "uparea": 1649.78218036, "trend": "increasing", "ave_flux": 0.0683848, "continent": "Asia", "ord_stra": 5, "image_num": 353, "OWT": 2, "trend2": "increasing", "label": "River mouth 2010"}, "geometry": {"type": "Point", "coordinates": [147.59749000036334, -6.666569999805574]}}, {"id": "1944", "type": "Feature", "properties": {"ID": 2011, "width_mean": 72.0, "slope": 0.000147, "uparea": 701.7357985986299, "trend": "increasing", "ave_flux": 0.00557257, "continent": "Oceania", "ord_stra": 5, "image_num": 311, "OWT": 2, "trend2": "increasing", "label": "River mouth 2011"}, "geometry": {"type": "Point", "coordinates": [149.92200000009996, -5.494029999584768]}}, {"id": "1945", "type": "Feature", "properties": {"ID": 2012, "width_mean": 72.0, "slope": 0.000297, "uparea": 1730.03926927, "trend": "increasing", "ave_flux": 0.0155147, "continent": "Asia", "ord_stra": 5, "image_num": 276, "OWT": 2, "trend2": "increasing", "label": "River mouth 2012"}, "geometry": {"type": "Point", "coordinates": [145.6921256328375, -5.331824049653941]}}, {"id": "1946", "type": "Feature", "properties": {"ID": 2013, "width_mean": 72.0, "slope": 6.9e-05, "uparea": 617.8537437750382, "trend": "no trend", "ave_flux": 0.00404447, "continent": "Oceania", "ord_stra": 4, "image_num": 162, "OWT": 2, "trend2": "increasing", "label": "River mouth 2013"}, "geometry": {"type": "Point", "coordinates": [149.1805654818367, -6.069877826794237]}}, {"id": "1947", "type": "Feature", "properties": {"ID": 2014, "width_mean": 72.0, "slope": 0.000375, "uparea": 960.8870841743336, "trend": "increasing", "ave_flux": 0.00840489, "continent": "Oceania", "ord_stra": 5, "image_num": 205, "OWT": 2, "trend2": "increasing", "label": "River mouth 2014"}, "geometry": {"type": "Point", "coordinates": [149.25630170948315, -5.605701202963997]}}, {"id": "1948", "type": "Feature", "properties": {"ID": 2015, "width_mean": 97.0, "slope": 5.3e-05, "uparea": 461.16122739380035, "trend": "increasing", "ave_flux": 0.00252092, "continent": "Oceania", "ord_stra": 4, "image_num": 168, "OWT": 2, "trend2": "increasing", "label": "River mouth 2015"}, "geometry": {"type": "Point", "coordinates": [148.55500370947595, -5.794765966300855]}}, {"id": "1949", "type": "Feature", "properties": {"ID": 2016, "width_mean": 124.0, "slope": 0.002594, "uparea": 3749.9487182, "trend": "increasing", "ave_flux": 0.0709952, "continent": "Asia", "ord_stra": 5, "image_num": 679, "OWT": 3, "trend2": "increasing", "label": "River mouth 2016"}, "geometry": {"type": "Point", "coordinates": [147.66794672116043, -7.8311074286647315]}}, {"id": "1950", "type": "Feature", "properties": {"ID": 2017, "width_mean": 124.0, "slope": 0.000144, "uparea": 791.0136302396907, "trend": "increasing", "ave_flux": 0.00711006, "continent": "Oceania", "ord_stra": 4, "image_num": 192, "OWT": 2, "trend2": "increasing", "label": "River mouth 2017"}, "geometry": {"type": "Point", "coordinates": [149.98642199338354, -6.226829837511654]}}, {"id": "1951", "type": "Feature", "properties": {"ID": 2019, "width_mean": 228.0, "slope": 0.004844, "uparea": 16878.511593, "trend": "increasing", "ave_flux": 0.310159, "continent": "Asia", "ord_stra": 6, "image_num": 190, "OWT": 3, "trend2": "increasing", "label": "River mouth 2019"}, "geometry": {"type": "Point", "coordinates": [144.67284457039378, -4.092594580467503]}}, {"id": "1952", "type": "Feature", "properties": {"ID": 2020, "width_mean": 228.0, "slope": 0.008142, "uparea": 12424.8790936, "trend": "increasing", "ave_flux": 0.3396, "continent": "Asia", "ord_stra": 6, "image_num": 431, "OWT": 2, "trend2": "increasing", "label": "River mouth 2020"}, "geometry": {"type": "Point", "coordinates": [146.9055382212403, -6.700620025293251]}}, {"id": "1953", "type": "Feature", "properties": {"ID": 2021, "width_mean": 228.0, "slope": 0.010517, "uparea": 32414.1412233, "trend": "increasing", "ave_flux": 0.69858, "continent": "Asia", "ord_stra": 4, "image_num": 259, "OWT": 3, "trend2": "increasing", "label": "River mouth 2021"}, "geometry": {"type": "Point", "coordinates": [145.21203735877233, -7.721112585143949]}}, {"id": "1954", "type": "Feature", "properties": {"ID": 2022, "width_mean": 1094.0, "slope": 0.004575, "uparea": 16839.4696974, "trend": "increasing", "ave_flux": 0.208269, "continent": "Asia", "ord_stra": 4, "image_num": 290, "OWT": 3, "trend2": "increasing", "label": "River mouth 2022"}, "geometry": {"type": "Point", "coordinates": [144.2907222456692, -7.5089892818546495]}}, {"id": "1955", "type": "Feature", "properties": {"ID": 2023, "width_mean": 1094.0, "slope": 0.00035, "uparea": 1498.89164305, "trend": "increasing", "ave_flux": 0.0203417, "continent": "Asia", "ord_stra": 5, "image_num": 620, "OWT": 3, "trend2": "increasing", "label": "River mouth 2023"}, "geometry": {"type": "Point", "coordinates": [144.72577536031883, -7.448297087344555]}}, {"id": "1956", "type": "Feature", "properties": {"ID": 2024, "width_mean": 1774.0, "slope": 0.000588, "uparea": 1526.19073205, "trend": "increasing", "ave_flux": 0.0205356, "continent": "Asia", "ord_stra": 5, "image_num": 250, "OWT": 3, "trend2": "increasing", "label": "River mouth 2024"}, "geometry": {"type": "Point", "coordinates": [144.12946980421415, -7.644762188328205]}}, {"id": "1957", "type": "Feature", "properties": {"ID": 2025, "width_mean": 50.0, "slope": 0.000235, "uparea": 879.0964689749214, "trend": "increasing", "ave_flux": 0.0121441, "continent": "Oceania", "ord_stra": 5, "image_num": 127, "OWT": 2, "trend2": "increasing", "label": "River mouth 2025"}, "geometry": {"type": "Point", "coordinates": [152.30442999984473, -4.494909999896549]}}, {"id": "1958", "type": "Feature", "properties": {"ID": 2026, "width_mean": 50.0, "slope": 0.000389, "uparea": 1598.33806322, "trend": "increasing", "ave_flux": 0.0110895, "continent": "Oceania", "ord_stra": 5, "image_num": 239, "OWT": 2, "trend2": "increasing", "label": "River mouth 2026"}, "geometry": {"type": "Point", "coordinates": [150.64655906073017, -5.581372624762758]}}, {"id": "1959", "type": "Feature", "properties": {"ID": 2027, "width_mean": 72.0, "slope": 0.000308, "uparea": 810.7259618131602, "trend": "increasing", "ave_flux": 0.015228, "continent": "Oceania", "ord_stra": 4, "image_num": 137, "OWT": 2, "trend2": "increasing", "label": "River mouth 2027"}, "geometry": {"type": "Point", "coordinates": [151.69403723903892, -4.7136600478606425]}}, {"id": "1960", "type": "Feature", "properties": {"ID": 2028, "width_mean": 72.0, "slope": 1.8e-05, "uparea": 252.20786192612658, "trend": "increasing", "ave_flux": 0.00113453, "continent": "Oceania", "ord_stra": 5, "image_num": 109, "OWT": 2, "trend2": "increasing", "label": "River mouth 2028"}, "geometry": {"type": "Point", "coordinates": [151.68042642509604, -5.476115357984542]}}, {"id": "1961", "type": "Feature", "properties": {"ID": 2029, "width_mean": 72.0, "slope": 3.7e-05, "uparea": 527.2172909729643, "trend": "no trend", "ave_flux": 0.0159558, "continent": "Oceania", "ord_stra": 4, "image_num": 269, "OWT": 4, "trend2": "no trend", "label": "River mouth 2029"}, "geometry": {"type": "Point", "coordinates": [151.26877572924712, -5.836582274686841]}}, {"id": "1962", "type": "Feature", "properties": {"ID": 2030, "width_mean": 72.0, "slope": 0.000201, "uparea": 1040.81071784, "trend": "increasing", "ave_flux": 0.00549903, "continent": "Oceania", "ord_stra": 5, "image_num": 314, "OWT": 2, "trend2": "increasing", "label": "River mouth 2030"}, "geometry": {"type": "Point", "coordinates": [151.42764902043052, -4.984992851209857]}}, {"id": "1963", "type": "Feature", "properties": {"ID": 2031, "width_mean": 97.0, "slope": 0.000165, "uparea": 861.6732914852904, "trend": "increasing", "ave_flux": 0.00314175, "continent": "Oceania", "ord_stra": 5, "image_num": 194, "OWT": 2, "trend2": "increasing", "label": "River mouth 2031"}, "geometry": {"type": "Point", "coordinates": [150.77961192698666, -5.993550015740622]}}, {"id": "1964", "type": "Feature", "properties": {"ID": 2032, "width_mean": 190.0, "slope": -5e-06, "uparea": 444.847289697284, "trend": "no trend", "ave_flux": 0.00307797, "continent": "Oceania", "ord_stra": 4, "image_num": 39, "OWT": 2, "trend2": "decreasing", "label": "River mouth 2032"}, "geometry": {"type": "Point", "coordinates": [155.27976856378865, -6.387941764504395]}}, {"id": "1965", "type": "Feature", "properties": {"ID": 2033, "width_mean": 97.0, "slope": 0.00133, "uparea": 10989.8650951, "trend": "increasing", "ave_flux": 0.0746742, "continent": "South America", "ord_stra": 6, "image_num": 406, "OWT": 4, "trend2": "increasing", "label": "River mouth 2033"}, "geometry": {"type": "Point", "coordinates": [-78.5823083363753, -8.864583386358607]}}, {"id": "1966", "type": "Feature", "properties": {"ID": 2034, "width_mean": 124.0, "slope": 0.0002, "uparea": 4033.37090589, "trend": "no trend", "ave_flux": 0.0318953, "continent": "South America", "ord_stra": 4, "image_num": 294, "OWT": 4, "trend2": "no trend", "label": "River mouth 2034"}, "geometry": {"type": "Point", "coordinates": [-77.63965505130386, -10.669067556322162]}}, {"id": "1967", "type": "Feature", "properties": {"ID": 2035, "width_mean": 850.0, "slope": -0.002881, "uparea": 631523.006101, "trend": "no trend", "ave_flux": 0.429249, "continent": "South America", "ord_stra": 7, "image_num": 1054, "OWT": 1, "trend2": "no trend", "label": "River mouth 2035"}, "geometry": {"type": "Point", "coordinates": [-36.55999568301432, -10.333208886157877]}}, {"id": "1968", "type": "Feature", "properties": {"ID": 2036, "width_mean": 50.0, "slope": 0.0, "uparea": 7348.71633153, "trend": "no trend", "ave_flux": 0.000362057, "continent": "South America", "ord_stra": 4, "image_num": 514, "OWT": 2, "trend2": "no trend", "label": "River mouth 2036"}, "geometry": {"type": "Point", "coordinates": [-35.01311865647108, -8.029447040860228]}}, {"id": "1969", "type": "Feature", "properties": {"ID": 2037, "width_mean": 50.0, "slope": 0.0, "uparea": 1465.3731103, "trend": "no trend", "ave_flux": 0.000409276, "continent": "South America", "ord_stra": 4, "image_num": 491, "OWT": 3, "trend2": "no trend", "label": "River mouth 2037"}, "geometry": {"type": "Point", "coordinates": [-35.111104247591435, -8.58331428752188]}}, {"id": "1970", "type": "Feature", "properties": {"ID": 2038, "width_mean": 72.0, "slope": 1.4e-05, "uparea": 5481.12696955, "trend": "no trend", "ave_flux": 0.000742771, "continent": "South America", "ord_stra": 5, "image_num": 473, "OWT": 2, "trend2": "no trend", "label": "River mouth 2038"}, "geometry": {"type": "Point", "coordinates": [-35.314021338494065, -8.792331292132477]}}, {"id": "1971", "type": "Feature", "properties": {"ID": 2039, "width_mean": 97.0, "slope": 0.0, "uparea": 479.6271695812667, "trend": "no trend", "ave_flux": 0.000140609, "continent": "South America", "ord_stra": 4, "image_num": 513, "OWT": 2, "trend2": "no trend", "label": "River mouth 2039"}, "geometry": {"type": "Point", "coordinates": [-35.34109999996497, -9.124219999653235]}}, {"id": "1972", "type": "Feature", "properties": {"ID": 2040, "width_mean": 1774.0, "slope": 0.0, "uparea": 3262.61553658, "trend": "no trend", "ave_flux": 0.000267188, "continent": "South America", "ord_stra": 4, "image_num": 515, "OWT": 1, "trend2": "no trend", "label": "River mouth 2040"}, "geometry": {"type": "Point", "coordinates": [-35.908939019478474, -9.661978885094278]}}, {"id": "1973", "type": "Feature", "properties": {"ID": 2041, "width_mean": 50.0, "slope": 0.0005, "uparea": 19462.47696, "trend": "no trend", "ave_flux": 0.0419164, "continent": "Africa", "ord_stra": 6, "image_num": 232, "OWT": 2, "trend2": "no trend", "label": "River mouth 2041"}, "geometry": {"type": "Point", "coordinates": [13.57545999957938, -10.244950000142353]}}, {"id": "1974", "type": "Feature", "properties": {"ID": 2042, "width_mean": 50.0, "slope": 0.000762, "uparea": 11015.9968622, "trend": "increasing", "ave_flux": 0.0377173, "continent": "Africa", "ord_stra": 5, "image_num": 192, "OWT": 2, "trend2": "increasing", "label": "River mouth 2042"}, "geometry": {"type": "Point", "coordinates": [13.417793325376323, -8.51470104902302]}}, {"id": "1975", "type": "Feature", "properties": {"ID": 2043, "width_mean": 50.0, "slope": 0.000852, "uparea": 21059.9424223, "trend": "no trend", "ave_flux": 0.0523576, "continent": "Africa", "ord_stra": 6, "image_num": 324, "OWT": 2, "trend2": "no trend", "label": "River mouth 2043"}, "geometry": {"type": "Point", "coordinates": [13.897640000185902, -10.946370000375168]}}, {"id": "1976", "type": "Feature", "properties": {"ID": 2044, "width_mean": 155.0, "slope": 0.006112, "uparea": 147842.148977, "trend": "no trend", "ave_flux": 0.349537, "continent": "Africa", "ord_stra": 7, "image_num": 260, "OWT": 2, "trend2": "increasing", "label": "River mouth 2044"}, "geometry": {"type": "Point", "coordinates": [13.280978055214685, -9.17959535225269]}}, {"id": "1977", "type": "Feature", "properties": {"ID": 2045, "width_mean": 432.0, "slope": 0.000814, "uparea": 10586.8971443, "trend": "increasing", "ave_flux": 0.0239172, "continent": "Africa", "ord_stra": 5, "image_num": 187, "OWT": 4, "trend2": "increasing", "label": "River mouth 2045"}, "geometry": {"type": "Point", "coordinates": [13.447990000138418, -8.756009999661728]}}, {"id": "1978", "type": "Feature", "properties": {"ID": 2046, "width_mean": 72.0, "slope": 0.0004, "uparea": 22684.2032542, "trend": "increasing", "ave_flux": 0.0169949, "continent": "Africa", "ord_stra": 5, "image_num": 822, "OWT": 2, "trend2": "increasing", "label": "River mouth 2046"}, "geometry": {"type": "Point", "coordinates": [40.36564000038578, -11.695019999573276]}}, {"id": "1979", "type": "Feature", "properties": {"ID": 2047, "width_mean": 372.0, "slope": -0.00013, "uparea": 173480.009863, "trend": "no trend", "ave_flux": 0.19956, "continent": "Africa", "ord_stra": 8, "image_num": 320, "OWT": 2, "trend2": "no trend", "label": "River mouth 2047"}, "geometry": {"type": "Point", "coordinates": [39.21130539079028, -8.043435757560918]}}, {"id": "1980", "type": "Feature", "properties": {"ID": 2048, "width_mean": 850.0, "slope": 0.004318, "uparea": 154297.232373, "trend": "increasing", "ave_flux": 0.188114, "continent": "Africa", "ord_stra": 7, "image_num": 465, "OWT": 3, "trend2": "increasing", "label": "River mouth 2048"}, "geometry": {"type": "Point", "coordinates": [40.38483196896799, -10.525360214264367]}}, {"id": "1981", "type": "Feature", "properties": {"ID": 2049, "width_mean": 50.0, "slope": -3.9e-05, "uparea": 611.7352543312892, "trend": "no trend", "ave_flux": 0.00695077, "continent": "Asia", "ord_stra": 4, "image_num": 326, "OWT": 2, "trend2": "decreasing", "label": "River mouth 2049"}, "geometry": {"type": "Point", "coordinates": [111.11367930595789, -8.198065819462636]}}, {"id": "1982", "type": "Feature", "properties": {"ID": 2050, "width_mean": 124.0, "slope": 0.000505, "uparea": 1183.58909429, "trend": "increasing", "ave_flux": 0.0255646, "continent": "Asia", "ord_stra": 5, "image_num": 422, "OWT": 2, "trend2": "increasing", "label": "River mouth 2050"}, "geometry": {"type": "Point", "coordinates": [110.29753385502207, -8.006432962236627]}}, {"id": "1983", "type": "Feature", "properties": {"ID": 2051, "width_mean": 72.0, "slope": 0.000207, "uparea": 1310.33617824, "trend": "increasing", "ave_flux": 0.0113285, "continent": "Asia", "ord_stra": 4, "image_num": 633, "OWT": 2, "trend2": "increasing", "label": "River mouth 2051"}, "geometry": {"type": "Point", "coordinates": [117.21090091727167, -8.987755489887558]}}, {"id": "1984", "type": "Feature", "properties": {"ID": 2052, "width_mean": 50.0, "slope": 9.5e-05, "uparea": 815.7870679436935, "trend": "increasing", "ave_flux": 0.00485094, "continent": "Asia", "ord_stra": 4, "image_num": 1358, "OWT": 2, "trend2": "increasing", "label": "River mouth 2052"}, "geometry": {"type": "Point", "coordinates": [121.27411061519558, -8.525622739295834]}}, {"id": "1985", "type": "Feature", "properties": {"ID": 2053, "width_mean": 72.0, "slope": 0.000127, "uparea": 3232.67286872, "trend": "no trend", "ave_flux": 0.0232023, "continent": "Asia", "ord_stra": 4, "image_num": 652, "OWT": 2, "trend2": "no trend", "label": "River mouth 2053"}, "geometry": {"type": "Point", "coordinates": [124.95117999995705, -9.649390000148344]}}, {"id": "1986", "type": "Feature", "properties": {"ID": 2054, "width_mean": 72.0, "slope": 5.4e-05, "uparea": 693.3480393444702, "trend": "no trend", "ave_flux": 0.00420183, "continent": "Asia", "ord_stra": 5, "image_num": 704, "OWT": 2, "trend2": "increasing", "label": "River mouth 2054"}, "geometry": {"type": "Point", "coordinates": [120.12311176755446, -8.743269349178512]}}, {"id": "1987", "type": "Feature", "properties": {"ID": 2055, "width_mean": 72.0, "slope": 5.3e-05, "uparea": 653.5145730038962, "trend": "no trend", "ave_flux": 0.00470871, "continent": "Asia", "ord_stra": 4, "image_num": 694, "OWT": 3, "trend2": "increasing", "label": "River mouth 2055"}, "geometry": {"type": "Point", "coordinates": [120.48279966474938, -8.332315812398285]}}, {"id": "1988", "type": "Feature", "properties": {"ID": 2056, "width_mean": 72.0, "slope": 2.4e-05, "uparea": 1008.36990045, "trend": "no trend", "ave_flux": 0.00471394, "continent": "Asia", "ord_stra": 4, "image_num": 1333, "OWT": 4, "trend2": "no trend", "label": "River mouth 2056"}, "geometry": {"type": "Point", "coordinates": [125.95368984860559, -8.5481845088347]}}, {"id": "1989", "type": "Feature", "properties": {"ID": 2057, "width_mean": 72.0, "slope": 0.0002, "uparea": 1609.33693351, "trend": "increasing", "ave_flux": 0.0203903, "continent": "Asia", "ord_stra": 4, "image_num": 1091, "OWT": 2, "trend2": "increasing", "label": "River mouth 2057"}, "geometry": {"type": "Point", "coordinates": [124.19931658086918, -10.102887537473187]}}, {"id": "1990", "type": "Feature", "properties": {"ID": 2058, "width_mean": 190.0, "slope": 6.2e-05, "uparea": 2148.53423282, "trend": "no trend", "ave_flux": 0.0162444, "continent": "Asia", "ord_stra": 4, "image_num": 700, "OWT": 2, "trend2": "no trend", "label": "River mouth 2058"}, "geometry": {"type": "Point", "coordinates": [125.13956234135289, -8.747864082873186]}}, {"id": "1991", "type": "Feature", "properties": {"ID": 2059, "width_mean": 124.0, "slope": 4e-05, "uparea": 1807.44259634, "trend": "no trend", "ave_flux": 0.00243866, "continent": "Oceania", "ord_stra": 4, "image_num": 729, "OWT": 3, "trend2": "no trend", "label": "River mouth 2059"}, "geometry": {"type": "Point", "coordinates": [133.79010868773295, -11.905270804329014]}}, {"id": "1992", "type": "Feature", "properties": {"ID": 2060, "width_mean": 190.0, "slope": 4.4e-05, "uparea": 1750.48212484, "trend": "no trend", "ave_flux": 0.00612097, "continent": "Oceania", "ord_stra": 4, "image_num": 752, "OWT": 3, "trend2": "no trend", "label": "River mouth 2060"}, "geometry": {"type": "Point", "coordinates": [132.69994156575484, -11.882293437404947]}}, {"id": "1993", "type": "Feature", "properties": {"ID": 2061, "width_mean": 432.0, "slope": 0.000245, "uparea": 1083.83991484, "trend": "increasing", "ave_flux": 0.00983029, "continent": "Asia", "ord_stra": 4, "image_num": 329, "OWT": 3, "trend2": "increasing", "label": "River mouth 2061"}, "geometry": {"type": "Point", "coordinates": [137.85544981746534, -8.043673800171108]}}, {"id": "1994", "type": "Feature", "properties": {"ID": 2062, "width_mean": 50.0, "slope": 0.000126, "uparea": 3715.87702236, "trend": "no trend", "ave_flux": 0.0114411, "continent": "Asia", "ord_stra": 4, "image_num": 623, "OWT": 3, "trend2": "no trend", "label": "River mouth 2062"}, "geometry": {"type": "Point", "coordinates": [141.38922169182618, -9.10655836760731]}}, {"id": "1995", "type": "Feature", "properties": {"ID": 2063, "width_mean": 50.0, "slope": 0.000219, "uparea": 6330.15939554, "trend": "increasing", "ave_flux": 0.0109875, "continent": "Asia", "ord_stra": 6, "image_num": 310, "OWT": 3, "trend2": "increasing", "label": "River mouth 2063"}, "geometry": {"type": "Point", "coordinates": [141.02789544700386, -9.112317667418992]}}, {"id": "1996", "type": "Feature", "properties": {"ID": 2064, "width_mean": 72.0, "slope": 0.00024, "uparea": 1464.40590339, "trend": "increasing", "ave_flux": 0.00913334, "continent": "Asia", "ord_stra": 4, "image_num": 789, "OWT": 2, "trend2": "increasing", "label": "River mouth 2064"}, "geometry": {"type": "Point", "coordinates": [142.71040000025982, -9.235419999733153]}}, {"id": "1997", "type": "Feature", "properties": {"ID": 2065, "width_mean": 72.0, "slope": 0.000417, "uparea": 2705.20421175, "trend": "increasing", "ave_flux": 0.0247219, "continent": "Oceania", "ord_stra": 5, "image_num": 793, "OWT": 3, "trend2": "increasing", "label": "River mouth 2065"}, "geometry": {"type": "Point", "coordinates": [142.24867750966388, -10.962065117723709]}}, {"id": "1998", "type": "Feature", "properties": {"ID": 2066, "width_mean": 97.0, "slope": 6.7e-05, "uparea": 2116.44664847, "trend": "no trend", "ave_flux": 0.00522117, "continent": "Asia", "ord_stra": 4, "image_num": 284, "OWT": 3, "trend2": "no trend", "label": "River mouth 2066"}, "geometry": {"type": "Point", "coordinates": [143.22453120092268, -9.016718931891642]}}, {"id": "1999", "type": "Feature", "properties": {"ID": 2067, "width_mean": 97.0, "slope": 0.000195, "uparea": 4225.63777613, "trend": "no trend", "ave_flux": 0.0196195, "continent": "Asia", "ord_stra": 5, "image_num": 372, "OWT": 3, "trend2": "no trend", "label": "River mouth 2067"}, "geometry": {"type": "Point", "coordinates": [140.2953273163835, -8.333004906808398]}}, {"id": "2000", "type": "Feature", "properties": {"ID": 2068, "width_mean": 155.0, "slope": 0.000488, "uparea": 7627.84150401, "trend": "increasing", "ave_flux": 0.0301812, "continent": "Asia", "ord_stra": 6, "image_num": 379, "OWT": 3, "trend2": "increasing", "label": "River mouth 2068"}, "geometry": {"type": "Point", "coordinates": [140.41495941820375, -8.46050817818868]}}, {"id": "2001", "type": "Feature", "properties": {"ID": 2069, "width_mean": 572.0, "slope": 4e-05, "uparea": 1480.04379171, "trend": "no trend", "ave_flux": 0.00232117, "continent": "Asia", "ord_stra": 4, "image_num": 432, "OWT": 3, "trend2": "increasing", "label": "River mouth 2069"}, "geometry": {"type": "Point", "coordinates": [142.14421174147853, -8.907963575221247]}}, {"id": "2002", "type": "Feature", "properties": {"ID": 2070, "width_mean": 655.0, "slope": 9.1e-05, "uparea": 3141.29735183, "trend": "no trend", "ave_flux": 0.0123797, "continent": "Asia", "ord_stra": 5, "image_num": 390, "OWT": 3, "trend2": "no trend", "label": "River mouth 2070"}, "geometry": {"type": "Point", "coordinates": [139.22904462727678, -8.048951207361863]}}, {"id": "2003", "type": "Feature", "properties": {"ID": 2071, "width_mean": 1397.0, "slope": 5.7e-05, "uparea": 1554.23271884, "trend": "no trend", "ave_flux": 0.00751146, "continent": "Asia", "ord_stra": 4, "image_num": 311, "OWT": 1, "trend2": "no trend", "label": "River mouth 2071"}, "geometry": {"type": "Point", "coordinates": [138.61432454794658, -8.261214726870506]}}, {"id": "2004", "type": "Feature", "properties": {"ID": 2072, "width_mean": 1774.0, "slope": 0.000229, "uparea": 3016.94288419, "trend": "no trend", "ave_flux": 0.0232618, "continent": "Asia", "ord_stra": 4, "image_num": 740, "OWT": 3, "trend2": "no trend", "label": "River mouth 2072"}, "geometry": {"type": "Point", "coordinates": [140.01195736364485, -8.077444147012873]}}, {"id": "2005", "type": "Feature", "properties": {"ID": 2073, "width_mean": 3174.0, "slope": 0.020079, "uparea": 59953.255308, "trend": "increasing", "ave_flux": 1.28969, "continent": "Asia", "ord_stra": 8, "image_num": 444, "OWT": 3, "trend2": "increasing", "label": "River mouth 2073"}, "geometry": {"type": "Point", "coordinates": [142.13437687478591, -8.200818956092746]}}, {"id": "2006", "type": "Feature", "properties": {"ID": 2075, "width_mean": 50.0, "slope": 0.000404, "uparea": 1465.95028939, "trend": "increasing", "ave_flux": 0.0123994, "continent": "Asia", "ord_stra": 4, "image_num": 400, "OWT": 2, "trend2": "increasing", "label": "River mouth 2075"}, "geometry": {"type": "Point", "coordinates": [146.81542318238314, -9.036564358755458]}}, {"id": "2007", "type": "Feature", "properties": {"ID": 2076, "width_mean": 50.0, "slope": 0.000122, "uparea": 758.581552709122, "trend": "increasing", "ave_flux": 0.00447146, "continent": "Asia", "ord_stra": 4, "image_num": 477, "OWT": 2, "trend2": "increasing", "label": "River mouth 2076"}, "geometry": {"type": "Point", "coordinates": [148.572040000146, -10.158010000061381]}}, {"id": "2008", "type": "Feature", "properties": {"ID": 2077, "width_mean": 72.0, "slope": 7.2e-05, "uparea": 651.377882444905, "trend": "no trend", "ave_flux": 0.0148749, "continent": "Asia", "ord_stra": 4, "image_num": 334, "OWT": 2, "trend2": "no trend", "label": "River mouth 2077"}, "geometry": {"type": "Point", "coordinates": [146.3525201732889, -8.38270987750346]}}, {"id": "2009", "type": "Feature", "properties": {"ID": 2078, "width_mean": 72.0, "slope": 0.000157, "uparea": 951.7154360519933, "trend": "increasing", "ave_flux": 0.00565346, "continent": "Asia", "ord_stra": 5, "image_num": 541, "OWT": 2, "trend2": "increasing", "label": "River mouth 2078"}, "geometry": {"type": "Point", "coordinates": [149.2744265545321, -10.20935561932934]}}, {"id": "2010", "type": "Feature", "properties": {"ID": 2079, "width_mean": 72.0, "slope": 0.001252, "uparea": 5655.63570517, "trend": "increasing", "ave_flux": 0.0484685, "continent": "Asia", "ord_stra": 6, "image_num": 649, "OWT": 3, "trend2": "increasing", "label": "River mouth 2079"}, "geometry": {"type": "Point", "coordinates": [148.89023508362772, -9.122122749761736]}}, {"id": "2011", "type": "Feature", "properties": {"ID": 2080, "width_mean": 72.0, "slope": 0.001368, "uparea": 2923.23564738, "trend": "increasing", "ave_flux": 0.0543458, "continent": "Asia", "ord_stra": 5, "image_num": 435, "OWT": 2, "trend2": "increasing", "label": "River mouth 2080"}, "geometry": {"type": "Point", "coordinates": [147.78847255156867, -10.009444407798268]}}, {"id": "2012", "type": "Feature", "properties": {"ID": 2081, "width_mean": 72.0, "slope": 0.000386, "uparea": 1610.93832207, "trend": "increasing", "ave_flux": 0.0227666, "continent": "Asia", "ord_stra": 5, "image_num": 539, "OWT": 2, "trend2": "increasing", "label": "River mouth 2081"}, "geometry": {"type": "Point", "coordinates": [149.1109700002654, -10.192410000021425]}}, {"id": "2013", "type": "Feature", "properties": {"ID": 2082, "width_mean": 97.0, "slope": 0.001225, "uparea": 2695.8542251, "trend": "increasing", "ave_flux": 0.0468091, "continent": "Asia", "ord_stra": 5, "image_num": 349, "OWT": 2, "trend2": "increasing", "label": "River mouth 2082"}, "geometry": {"type": "Point", "coordinates": [146.52123999972628, -8.666229999914492]}}, {"id": "2014", "type": "Feature", "properties": {"ID": 2083, "width_mean": 97.0, "slope": 0.000364, "uparea": 1139.58511921, "trend": "increasing", "ave_flux": 0.0215953, "continent": "Asia", "ord_stra": 4, "image_num": 327, "OWT": 2, "trend2": "increasing", "label": "River mouth 2083"}, "geometry": {"type": "Point", "coordinates": [147.92728146172578, -8.026148925221944]}}, {"id": "2015", "type": "Feature", "properties": {"ID": 2084, "width_mean": 97.0, "slope": -1.3e-05, "uparea": 1644.29657039, "trend": "no trend", "ave_flux": 0.00915771, "continent": "Asia", "ord_stra": 4, "image_num": 507, "OWT": 3, "trend2": "no trend", "label": "River mouth 2084"}, "geometry": {"type": "Point", "coordinates": [148.14852152415028, -10.074550480177678]}}, {"id": "2016", "type": "Feature", "properties": {"ID": 2085, "width_mean": 124.0, "slope": 0.0005, "uparea": 3727.56485755, "trend": "increasing", "ave_flux": 0.0337142, "continent": "Asia", "ord_stra": 5, "image_num": 332, "OWT": 2, "trend2": "increasing", "label": "River mouth 2085"}, "geometry": {"type": "Point", "coordinates": [148.03030977362016, -8.091728244048731]}}, {"id": "2017", "type": "Feature", "properties": {"ID": 2086, "width_mean": 124.0, "slope": 0.0012, "uparea": 2561.40745554, "trend": "increasing", "ave_flux": 0.0347051, "continent": "Asia", "ord_stra": 5, "image_num": 385, "OWT": 2, "trend2": "increasing", "label": "River mouth 2086"}, "geometry": {"type": "Point", "coordinates": [148.1807825725624, -8.476133405471474]}}, {"id": "2018", "type": "Feature", "properties": {"ID": 2087, "width_mean": 124.0, "slope": 0.001608, "uparea": 3983.23868058, "trend": "increasing", "ave_flux": 0.0557611, "continent": "Asia", "ord_stra": 6, "image_num": 584, "OWT": 2, "trend2": "increasing", "label": "River mouth 2087"}, "geometry": {"type": "Point", "coordinates": [146.2894500000175, -8.071220000102869]}}, {"id": "2019", "type": "Feature", "properties": {"ID": 2088, "width_mean": 155.0, "slope": 0.001925, "uparea": 3983.23868058, "trend": "increasing", "ave_flux": 0.0700443, "continent": "Asia", "ord_stra": 6, "image_num": 733, "OWT": 2, "trend2": "increasing", "label": "River mouth 2088"}, "geometry": {"type": "Point", "coordinates": [146.22221999965336, -8.063640000385647]}}, {"id": "2020", "type": "Feature", "properties": {"ID": 2089, "width_mean": 155.0, "slope": 0.001587, "uparea": 3084.54922649, "trend": "increasing", "ave_flux": 0.0446859, "continent": "Asia", "ord_stra": 6, "image_num": 419, "OWT": 2, "trend2": "increasing", "label": "River mouth 2089"}, "geometry": {"type": "Point", "coordinates": [146.9482949433528, -9.147821345196343]}}, {"id": "2021", "type": "Feature", "properties": {"ID": 2090, "width_mean": 432.0, "slope": 0.000286, "uparea": 3084.54922649, "trend": "no trend", "ave_flux": 0.0389577, "continent": "Asia", "ord_stra": 6, "image_num": 436, "OWT": 3, "trend2": "no trend", "label": "River mouth 2090"}, "geometry": {"type": "Point", "coordinates": [146.9411960614777, -9.128343626175763]}}, {"id": "2022", "type": "Feature", "properties": {"ID": 2091, "width_mean": 50.0, "slope": -0.000238, "uparea": 4179.14350689, "trend": "decreasing", "ave_flux": 0.0125171, "continent": "South America", "ord_stra": 4, "image_num": 496, "OWT": 4, "trend2": "decreasing", "label": "River mouth 2091"}, "geometry": {"type": "Point", "coordinates": [-74.50176468624952, -15.632941060652756]}}, {"id": "2023", "type": "Feature", "properties": {"ID": 2092, "width_mean": 50.0, "slope": -0.000748, "uparea": 10795.4731934, "trend": "decreasing", "ave_flux": 0.0452791, "continent": "South America", "ord_stra": 5, "image_num": 678, "OWT": 4, "trend2": "decreasing", "label": "River mouth 2092"}, "geometry": {"type": "Point", "coordinates": [-75.40562997980466, -14.912461009964744]}}, {"id": "2024", "type": "Feature", "properties": {"ID": 2093, "width_mean": 50.0, "slope": -2.1e-05, "uparea": 4181.49521141, "trend": "no trend", "ave_flux": 0.0131756, "continent": "South America", "ord_stra": 5, "image_num": 458, "OWT": 4, "trend2": "no trend", "label": "River mouth 2093"}, "geometry": {"type": "Point", "coordinates": [-74.6312933781075, -15.561029527447287]}}, {"id": "2025", "type": "Feature", "properties": {"ID": 2094, "width_mean": 72.0, "slope": 0.0001, "uparea": 2990.70391234, "trend": "no trend", "ave_flux": 0.0173615, "continent": "South America", "ord_stra": 5, "image_num": 705, "OWT": 4, "trend2": "no trend", "label": "River mouth 2094"}, "geometry": {"type": "Point", "coordinates": [-76.07051023413342, -13.466935211332885]}}, {"id": "2026", "type": "Feature", "properties": {"ID": 2095, "width_mean": 72.0, "slope": 0.000139, "uparea": 3790.60813662, "trend": "no trend", "ave_flux": 0.0219544, "continent": "South America", "ord_stra": 4, "image_num": 958, "OWT": 4, "trend2": "increasing", "label": "River mouth 2095"}, "geometry": {"type": "Point", "coordinates": [-76.0551754233632, -13.707539335393356]}}, {"id": "2027", "type": "Feature", "properties": {"ID": 2096, "width_mean": 97.0, "slope": 0.00015, "uparea": 2559.87739787, "trend": "increasing", "ave_flux": 0.0183, "continent": "South America", "ord_stra": 4, "image_num": 377, "OWT": 4, "trend2": "increasing", "label": "River mouth 2096"}, "geometry": {"type": "Point", "coordinates": [-77.05913638008505, -12.032975049049814]}}, {"id": "2028", "type": "Feature", "properties": {"ID": 2097, "width_mean": 72.0, "slope": -0.000524, "uparea": 31105.497761, "trend": "decreasing", "ave_flux": 0.0143603, "continent": "South America", "ord_stra": 5, "image_num": 550, "OWT": 2, "trend2": "decreasing", "label": "River mouth 2097"}, "geometry": {"type": "Point", "coordinates": [-39.0718522844343, -15.675840095328082]}}, {"id": "2029", "type": "Feature", "properties": {"ID": 2098, "width_mean": 97.0, "slope": 0.0, "uparea": 4026.15506797, "trend": "no trend", "ave_flux": 0.00111429, "continent": "South America", "ord_stra": 4, "image_num": 1016, "OWT": 2, "trend2": "no trend", "label": "River mouth 2098"}, "geometry": {"type": "Point", "coordinates": [-39.13244569864012, -14.807518341691473]}}, {"id": "2030", "type": "Feature", "properties": {"ID": 2099, "width_mean": 124.0, "slope": 0.0, "uparea": 1720.99730281, "trend": "no trend", "ave_flux": 0.000302, "continent": "South America", "ord_stra": 4, "image_num": 598, "OWT": 3, "trend2": "decreasing", "label": "River mouth 2099"}, "geometry": {"type": "Point", "coordinates": [-39.04322000040264, -15.297080000141875]}}, {"id": "2031", "type": "Feature", "properties": {"ID": 2100, "width_mean": 228.0, "slope": 0.000107, "uparea": 54862.5409093, "trend": "no trend", "ave_flux": 0.0209653, "continent": "South America", "ord_stra": 6, "image_num": 1050, "OWT": 2, "trend2": "no trend", "label": "River mouth 2100"}, "geometry": {"type": "Point", "coordinates": [-39.10346489604555, -14.315445484133132]}}, {"id": "2032", "type": "Feature", "properties": {"ID": 2101, "width_mean": 228.0, "slope": -8.1e-05, "uparea": 53058.7687701, "trend": "decreasing", "ave_flux": 0.0050918, "continent": "South America", "ord_stra": 6, "image_num": 589, "OWT": 2, "trend2": "decreasing", "label": "River mouth 2101"}, "geometry": {"type": "Point", "coordinates": [-38.95560751056835, -12.6276501093998]}}, {"id": "2033", "type": "Feature", "properties": {"ID": 2102, "width_mean": 498.0, "slope": -0.001275, "uparea": 69343.1501889, "trend": "decreasing", "ave_flux": 0.0592943, "continent": "South America", "ord_stra": 6, "image_num": 549, "OWT": 3, "trend2": "decreasing", "label": "River mouth 2102"}, "geometry": {"type": "Point", "coordinates": [-38.926940336276814, -15.846931900457141]}}, {"id": "2034", "type": "Feature", "properties": {"ID": 2103, "width_mean": 50.0, "slope": 0.000553, "uparea": 14856.11642, "trend": "increasing", "ave_flux": 0.0258097, "continent": "Africa", "ord_stra": 5, "image_num": 310, "OWT": 2, "trend2": "increasing", "label": "River mouth 2103"}, "geometry": {"type": "Point", "coordinates": [13.119224718567105, -12.937342248860016]}}, {"id": "2035", "type": "Feature", "properties": {"ID": 2104, "width_mean": 72.0, "slope": 0.000808, "uparea": 15957.5430078, "trend": "increasing", "ave_flux": 0.0332579, "continent": "Africa", "ord_stra": 6, "image_num": 392, "OWT": 2, "trend2": "increasing", "label": "River mouth 2104"}, "geometry": {"type": "Point", "coordinates": [13.59689711954141, -12.457428251796262]}}, {"id": "2036", "type": "Feature", "properties": {"ID": 2105, "width_mean": 72.0, "slope": 2.8e-05, "uparea": 7018.10802075, "trend": "no trend", "ave_flux": 0.00444294, "continent": "Africa", "ord_stra": 4, "image_num": 720, "OWT": 2, "trend2": "no trend", "label": "River mouth 2105"}, "geometry": {"type": "Point", "coordinates": [40.08500541103441, -12.600315944416067]}}, {"id": "2037", "type": "Feature", "properties": {"ID": 2106, "width_mean": 190.0, "slope": 0.001435, "uparea": 60870.7608685, "trend": "increasing", "ave_flux": 0.0455666, "continent": "Africa", "ord_stra": 6, "image_num": 339, "OWT": 2, "trend2": "increasing", "label": "River mouth 2106"}, "geometry": {"type": "Point", "coordinates": [40.44889982236167, -13.480270577128747]}}, {"id": "2038", "type": "Feature", "properties": {"ID": 2107, "width_mean": 124.0, "slope": 0.000305, "uparea": 2866.95415441, "trend": "increasing", "ave_flux": 0.0101072, "continent": "Africa", "ord_stra": 5, "image_num": 849, "OWT": 2, "trend2": "increasing", "label": "River mouth 2107"}, "geometry": {"type": "Point", "coordinates": [47.145811615348634, -15.840447140784592]}}, {"id": "2039", "type": "Feature", "properties": {"ID": 2108, "width_mean": 228.0, "slope": 0.00271, "uparea": 27485.0782751, "trend": "increasing", "ave_flux": 0.0832971, "continent": "Africa", "ord_stra": 7, "image_num": 842, "OWT": 3, "trend2": "increasing", "label": "River mouth 2108"}, "geometry": {"type": "Point", "coordinates": [47.28887248258846, -15.411028703399289]}}, {"id": "2040", "type": "Feature", "properties": {"ID": 2109, "width_mean": 228.0, "slope": 0.000921, "uparea": 18425.1927918, "trend": "increasing", "ave_flux": 0.0384017, "continent": "Africa", "ord_stra": 6, "image_num": 374, "OWT": 3, "trend2": "increasing", "label": "River mouth 2109"}, "geometry": {"type": "Point", "coordinates": [45.88901671406181, -15.927239170537714]}}, {"id": "2041", "type": "Feature", "properties": {"ID": 2110, "width_mean": 50.0, "slope": 2.9e-05, "uparea": 688.6718636504213, "trend": "increasing", "ave_flux": 0.00117803, "continent": "Africa", "ord_stra": 4, "image_num": 439, "OWT": 2, "trend2": "increasing", "label": "River mouth 2110"}, "geometry": {"type": "Point", "coordinates": [49.50108118671169, -12.67398754331403]}}, {"id": "2042", "type": "Feature", "properties": {"ID": 2111, "width_mean": 50.0, "slope": 0.0002, "uparea": 1645.4699494, "trend": "increasing", "ave_flux": 0.00471509, "continent": "Africa", "ord_stra": 4, "image_num": 359, "OWT": 2, "trend2": "increasing", "label": "River mouth 2111"}, "geometry": {"type": "Point", "coordinates": [48.98521905681321, -12.926021697938642]}}, {"id": "2043", "type": "Feature", "properties": {"ID": 2112, "width_mean": 50.0, "slope": 0.000376, "uparea": 1392.78709873, "trend": "increasing", "ave_flux": 0.00980066, "continent": "Africa", "ord_stra": 5, "image_num": 350, "OWT": 2, "trend2": "increasing", "label": "River mouth 2112"}, "geometry": {"type": "Point", "coordinates": [48.84442699563239, -13.32681527784812]}}, {"id": "2044", "type": "Feature", "properties": {"ID": 2113, "width_mean": 72.0, "slope": 5.2e-05, "uparea": 595.0658258564033, "trend": "increasing", "ave_flux": 0.00229074, "continent": "Africa", "ord_stra": 4, "image_num": 290, "OWT": 2, "trend2": "increasing", "label": "River mouth 2113"}, "geometry": {"type": "Point", "coordinates": [49.80353107796125, -15.400952090929307]}}, {"id": "2045", "type": "Feature", "properties": {"ID": 2114, "width_mean": 72.0, "slope": 5e-05, "uparea": 497.82843986041087, "trend": "increasing", "ave_flux": 0.00154906, "continent": "Africa", "ord_stra": 4, "image_num": 437, "OWT": 2, "trend2": "increasing", "label": "River mouth 2114"}, "geometry": {"type": "Point", "coordinates": [50.395429999794715, -15.283109999826593]}}, {"id": "2046", "type": "Feature", "properties": {"ID": 2115, "width_mean": 72.0, "slope": 4.7e-05, "uparea": 1470.57308033, "trend": "increasing", "ave_flux": 0.0020574, "continent": "Africa", "ord_stra": 5, "image_num": 289, "OWT": 2, "trend2": "increasing", "label": "River mouth 2115"}, "geometry": {"type": "Point", "coordinates": [49.606400000060034, -15.70937000042511]}}, {"id": "2047", "type": "Feature", "properties": {"ID": 2116, "width_mean": 72.0, "slope": 6e-06, "uparea": 1245.24703621, "trend": "no trend", "ave_flux": 0.00386917, "continent": "Africa", "ord_stra": 4, "image_num": 109, "OWT": 2, "trend2": "no trend", "label": "River mouth 2116"}, "geometry": {"type": "Point", "coordinates": [49.86069172414069, -13.22512669803887]}}, {"id": "2048", "type": "Feature", "properties": {"ID": 2117, "width_mean": 72.0, "slope": 0.0001, "uparea": 1988.93499424, "trend": "increasing", "ave_flux": 0.00350989, "continent": "Africa", "ord_stra": 5, "image_num": 304, "OWT": 2, "trend2": "increasing", "label": "River mouth 2117"}, "geometry": {"type": "Point", "coordinates": [50.14899441883892, -14.418929735412274]}}, {"id": "2049", "type": "Feature", "properties": {"ID": 2118, "width_mean": 97.0, "slope": 0.000156, "uparea": 1853.82154483, "trend": "increasing", "ave_flux": 0.00559746, "continent": "Africa", "ord_stra": 4, "image_num": 228, "OWT": 2, "trend2": "increasing", "label": "River mouth 2118"}, "geometry": {"type": "Point", "coordinates": [49.9988475473954, -13.528683585081955]}}, {"id": "2050", "type": "Feature", "properties": {"ID": 2119, "width_mean": 97.0, "slope": 0.000122, "uparea": 2240.07033047, "trend": "increasing", "ave_flux": 0.00418583, "continent": "Africa", "ord_stra": 5, "image_num": 265, "OWT": 2, "trend2": "increasing", "label": "River mouth 2119"}, "geometry": {"type": "Point", "coordinates": [50.236749201901965, -14.868725730716724]}}, {"id": "2051", "type": "Feature", "properties": {"ID": 2120, "width_mean": 124.0, "slope": 0.000297, "uparea": 1869.28476504, "trend": "increasing", "ave_flux": 0.00540616, "continent": "Africa", "ord_stra": 5, "image_num": 408, "OWT": 3, "trend2": "increasing", "label": "River mouth 2120"}, "geometry": {"type": "Point", "coordinates": [48.054940988151614, -14.69705772170678]}}, {"id": "2052", "type": "Feature", "properties": {"ID": 2121, "width_mean": 124.0, "slope": 0.0002, "uparea": 5627.17855381, "trend": "no trend", "ave_flux": 0.0146477, "continent": "Africa", "ord_stra": 6, "image_num": 304, "OWT": 2, "trend2": "no trend", "label": "River mouth 2121"}, "geometry": {"type": "Point", "coordinates": [49.711903049054186, -15.415595483134078]}}, {"id": "2053", "type": "Feature", "properties": {"ID": 2122, "width_mean": 155.0, "slope": 0.000496, "uparea": 2807.53168175, "trend": "increasing", "ave_flux": 0.0125559, "continent": "Africa", "ord_stra": 4, "image_num": 394, "OWT": 2, "trend2": "increasing", "label": "River mouth 2122"}, "geometry": {"type": "Point", "coordinates": [48.36966826280279, -13.64037118097352]}}, {"id": "2054", "type": "Feature", "properties": {"ID": 2123, "width_mean": 155.0, "slope": 0.0005, "uparea": 3270.15447791, "trend": "increasing", "ave_flux": 0.0103387, "continent": "Africa", "ord_stra": 5, "image_num": 360, "OWT": 2, "trend2": "increasing", "label": "River mouth 2123"}, "geometry": {"type": "Point", "coordinates": [48.92237107202819, -13.045233836613058]}}, {"id": "2055", "type": "Feature", "properties": {"ID": 2124, "width_mean": 190.0, "slope": 0.000633, "uparea": 5327.05476414, "trend": "increasing", "ave_flux": 0.0193067, "continent": "Africa", "ord_stra": 5, "image_num": 397, "OWT": 3, "trend2": "increasing", "label": "River mouth 2124"}, "geometry": {"type": "Point", "coordinates": [48.02026999986066, -14.543320000017957]}}, {"id": "2056", "type": "Feature", "properties": {"ID": 2125, "width_mean": 372.0, "slope": 0.000275, "uparea": 4699.10246521, "trend": "increasing", "ave_flux": 0.0111636, "continent": "Africa", "ord_stra": 5, "image_num": 312, "OWT": 3, "trend2": "increasing", "label": "River mouth 2125"}, "geometry": {"type": "Point", "coordinates": [50.101929314910876, -14.159825721304097]}}, {"id": "2057", "type": "Feature", "properties": {"ID": 2126, "width_mean": 372.0, "slope": 6.9e-05, "uparea": 2936.63380776, "trend": "no trend", "ave_flux": 0.00367274, "continent": "Oceania", "ord_stra": 5, "image_num": 778, "OWT": 3, "trend2": "no trend", "label": "River mouth 2126"}, "geometry": {"type": "Point", "coordinates": [125.53965999990908, -15.196089999653736]}}, {"id": "2058", "type": "Feature", "properties": {"ID": 2128, "width_mean": 1397.0, "slope": 3.6e-05, "uparea": 2330.27882648, "trend": "increasing", "ave_flux": 0.0018454, "continent": "Oceania", "ord_stra": 4, "image_num": 770, "OWT": 1, "trend2": "increasing", "label": "River mouth 2128"}, "geometry": {"type": "Point", "coordinates": [125.6400799099525, -14.700366528026532]}}, {"id": "2059", "type": "Feature", "properties": {"ID": 2129, "width_mean": 1575.0, "slope": 1.7e-05, "uparea": 1869.15097742, "trend": "no trend", "ave_flux": 0.0011044, "continent": "Oceania", "ord_stra": 4, "image_num": 806, "OWT": 1, "trend2": "no trend", "label": "River mouth 2129"}, "geometry": {"type": "Point", "coordinates": [125.20169132342849, -15.54206274454997]}}, {"id": "2060", "type": "Feature", "properties": {"ID": 2130, "width_mean": 72.0, "slope": 0.000178, "uparea": 1948.96958249, "trend": "no trend", "ave_flux": 0.0138239, "continent": "Oceania", "ord_stra": 5, "image_num": 675, "OWT": 2, "trend2": "increasing", "label": "River mouth 2130"}, "geometry": {"type": "Point", "coordinates": [130.3899897464638, -12.89889875704171]}}, {"id": "2061", "type": "Feature", "properties": {"ID": 2131, "width_mean": 97.0, "slope": 0.000189, "uparea": 7357.24272682, "trend": "no trend", "ave_flux": 0.0189691, "continent": "Oceania", "ord_stra": 5, "image_num": 742, "OWT": 3, "trend2": "no trend", "label": "River mouth 2131"}, "geometry": {"type": "Point", "coordinates": [131.78095492119598, -12.304003141477088]}}, {"id": "2062", "type": "Feature", "properties": {"ID": 2132, "width_mean": 97.0, "slope": 5.5e-05, "uparea": 4238.03008303, "trend": "increasing", "ave_flux": 0.00193883, "continent": "Oceania", "ord_stra": 4, "image_num": 1481, "OWT": 1, "trend2": "increasing", "label": "River mouth 2132"}, "geometry": {"type": "Point", "coordinates": [127.73090512643824, -14.390506798020573]}}, {"id": "2063", "type": "Feature", "properties": {"ID": 2133, "width_mean": 124.0, "slope": 0.0, "uparea": 2526.75823449, "trend": "no trend", "ave_flux": 0.000307714, "continent": "Oceania", "ord_stra": 4, "image_num": 729, "OWT": 1, "trend2": "no trend", "label": "River mouth 2133"}, "geometry": {"type": "Point", "coordinates": [127.34092856582191, -14.020819642841364]}}, {"id": "2064", "type": "Feature", "properties": {"ID": 2134, "width_mean": 155.0, "slope": 6.7e-05, "uparea": 15443.1366906, "trend": "increasing", "ave_flux": 0.0034612, "continent": "Oceania", "ord_stra": 5, "image_num": 759, "OWT": 3, "trend2": "increasing", "label": "River mouth 2134"}, "geometry": {"type": "Point", "coordinates": [126.93090640387734, -14.060941347810077]}}, {"id": "2065", "type": "Feature", "properties": {"ID": 2136, "width_mean": 228.0, "slope": 0.00143, "uparea": 54001.4472917, "trend": "increasing", "ave_flux": 0.0818373, "continent": "Oceania", "ord_stra": 6, "image_num": 684, "OWT": 3, "trend2": "increasing", "label": "River mouth 2136"}, "geometry": {"type": "Point", "coordinates": [130.30792476227197, -13.38757386756897]}}, {"id": "2066", "type": "Feature", "properties": {"ID": 2137, "width_mean": 228.0, "slope": 0.000143, "uparea": 5511.14715802, "trend": "increasing", "ave_flux": 0.00788357, "continent": "Oceania", "ord_stra": 5, "image_num": 771, "OWT": 3, "trend2": "increasing", "label": "River mouth 2137"}, "geometry": {"type": "Point", "coordinates": [130.0800400004457, -14.792090000353198]}}, {"id": "2067", "type": "Feature", "properties": {"ID": 2138, "width_mean": 319.0, "slope": 0.0002, "uparea": 6757.20243495, "trend": "increasing", "ave_flux": 0.0126351, "continent": "Oceania", "ord_stra": 5, "image_num": 1425, "OWT": 1, "trend2": "increasing", "label": "River mouth 2138"}, "geometry": {"type": "Point", "coordinates": [131.27937632638844, -12.26051960727709]}}, {"id": "2068", "type": "Feature", "properties": {"ID": 2139, "width_mean": 498.0, "slope": 5.5e-05, "uparea": 3046.89422519, "trend": "no trend", "ave_flux": 0.00339603, "continent": "Oceania", "ord_stra": 4, "image_num": 773, "OWT": 3, "trend2": "increasing", "label": "River mouth 2139"}, "geometry": {"type": "Point", "coordinates": [127.94244762370454, -15.24891315239407]}}, {"id": "2069", "type": "Feature", "properties": {"ID": 2140, "width_mean": 572.0, "slope": -4.4e-05, "uparea": 8320.87249283, "trend": "no trend", "ave_flux": 0.00927154, "continent": "Oceania", "ord_stra": 5, "image_num": 768, "OWT": 2, "trend2": "no trend", "label": "River mouth 2140"}, "geometry": {"type": "Point", "coordinates": [126.62109367829339, -14.288548170079917]}}, {"id": "2070", "type": "Feature", "properties": {"ID": 2141, "width_mean": 572.0, "slope": 9.7e-05, "uparea": 51580.5786318, "trend": "no trend", "ave_flux": 0.0192074, "continent": "Oceania", "ord_stra": 6, "image_num": 765, "OWT": 2, "trend2": "no trend", "label": "River mouth 2141"}, "geometry": {"type": "Point", "coordinates": [128.29496571913887, -15.45517399279276]}}, {"id": "2071", "type": "Feature", "properties": {"ID": 2142, "width_mean": 747.0, "slope": 5.6e-05, "uparea": 4877.22579681, "trend": "increasing", "ave_flux": 0.00300757, "continent": "Oceania", "ord_stra": 4, "image_num": 1448, "OWT": 2, "trend2": "increasing", "label": "River mouth 2142"}, "geometry": {"type": "Point", "coordinates": [129.13120911302195, -15.295951931143332]}}, {"id": "2072", "type": "Feature", "properties": {"ID": 2143, "width_mean": 747.0, "slope": 2.6e-05, "uparea": 909.760000673846, "trend": "increasing", "ave_flux": 0.001504, "continent": "Oceania", "ord_stra": 4, "image_num": 1388, "OWT": 2, "trend2": "increasing", "label": "River mouth 2143"}, "geometry": {"type": "Point", "coordinates": [129.20790500499075, -15.265713340363853]}}, {"id": "2073", "type": "Feature", "properties": {"ID": 2144, "width_mean": 1575.0, "slope": 0.001175, "uparea": 190796.928934, "trend": "no trend", "ave_flux": 0.0886308, "continent": "Oceania", "ord_stra": 4, "image_num": 786, "OWT": 3, "trend2": "no trend", "label": "River mouth 2144"}, "geometry": {"type": "Point", "coordinates": [129.79993000006948, -15.214699999905008]}}, {"id": "2074", "type": "Feature", "properties": {"ID": 2145, "width_mean": 2520.0, "slope": 0.000614, "uparea": 23104.1183703, "trend": "no trend", "ave_flux": 0.0348008, "continent": "Oceania", "ord_stra": 4, "image_num": 787, "OWT": 2, "trend2": "increasing", "label": "River mouth 2145"}, "geometry": {"type": "Point", "coordinates": [127.92181107822509, -15.5669674099078]}}, {"id": "2075", "type": "Feature", "properties": {"ID": 2146, "width_mean": 97.0, "slope": 6e-06, "uparea": 396.99230153277773, "trend": "no trend", "ave_flux": 0.000599688, "continent": "Oceania", "ord_stra": 4, "image_num": 684, "OWT": 3, "trend2": "no trend", "label": "River mouth 2146"}, "geometry": {"type": "Point", "coordinates": [136.21727232190278, -12.560644062408224]}}, {"id": "2076", "type": "Feature", "properties": {"ID": 2147, "width_mean": 97.0, "slope": 6e-06, "uparea": 268.81885447007704, "trend": "increasing", "ave_flux": 0.000372686, "continent": "Oceania", "ord_stra": 4, "image_num": 717, "OWT": 3, "trend2": "increasing", "label": "River mouth 2147"}, "geometry": {"type": "Point", "coordinates": [135.6690146038913, -12.292385176696424]}}, {"id": "2077", "type": "Feature", "properties": {"ID": 2148, "width_mean": 124.0, "slope": 0.000129, "uparea": 10013.4093956, "trend": "no trend", "ave_flux": 0.0148831, "continent": "Oceania", "ord_stra": 5, "image_num": 738, "OWT": 1, "trend2": "no trend", "label": "River mouth 2148"}, "geometry": {"type": "Point", "coordinates": [135.0225799999671, -12.289979999777131]}}, {"id": "2078", "type": "Feature", "properties": {"ID": 2149, "width_mean": 155.0, "slope": 6.4e-05, "uparea": 2323.99847134, "trend": "no trend", "ave_flux": 0.00781869, "continent": "Oceania", "ord_stra": 5, "image_num": 752, "OWT": 3, "trend2": "no trend", "label": "River mouth 2149"}, "geometry": {"type": "Point", "coordinates": [132.0854899864382, -12.32800140016688]}}, {"id": "2079", "type": "Feature", "properties": {"ID": 2150, "width_mean": 155.0, "slope": 5.4e-05, "uparea": 3194.29095232, "trend": "increasing", "ave_flux": 0.00192483, "continent": "Oceania", "ord_stra": 4, "image_num": 1401, "OWT": 3, "trend2": "increasing", "label": "River mouth 2150"}, "geometry": {"type": "Point", "coordinates": [135.64242564583557, -14.250025175707664]}}, {"id": "2080", "type": "Feature", "properties": {"ID": 2151, "width_mean": 155.0, "slope": 8.3e-05, "uparea": 17676.9685866, "trend": "increasing", "ave_flux": 0.0025574, "continent": "Oceania", "ord_stra": 5, "image_num": 1339, "OWT": 1, "trend2": "increasing", "label": "River mouth 2151"}, "geometry": {"type": "Point", "coordinates": [136.59307603672076, -15.814465461924222]}}, {"id": "2081", "type": "Feature", "properties": {"ID": 2152, "width_mean": 228.0, "slope": 1.3e-05, "uparea": 3596.7122145, "trend": "increasing", "ave_flux": 0.000437414, "continent": "Oceania", "ord_stra": 4, "image_num": 1007, "OWT": 1, "trend2": "increasing", "label": "River mouth 2152"}, "geometry": {"type": "Point", "coordinates": [136.84510399770042, -15.94941042892459]}}, {"id": "2082", "type": "Feature", "properties": {"ID": 2153, "width_mean": 228.0, "slope": 2.1e-05, "uparea": 1210.47152961, "trend": "no trend", "ave_flux": 0.0033514, "continent": "Oceania", "ord_stra": 4, "image_num": 777, "OWT": 1, "trend2": "no trend", "label": "River mouth 2153"}, "geometry": {"type": "Point", "coordinates": [132.25717860235642, -12.290436592966724]}}, {"id": "2083", "type": "Feature", "properties": {"ID": 2154, "width_mean": 228.0, "slope": 3.8e-05, "uparea": 960.5865312209897, "trend": "increasing", "ave_flux": 0.0019138, "continent": "Oceania", "ord_stra": 4, "image_num": 699, "OWT": 1, "trend2": "increasing", "label": "River mouth 2154"}, "geometry": {"type": "Point", "coordinates": [136.37442991524176, -12.250375875306409]}}, {"id": "2084", "type": "Feature", "properties": {"ID": 2155, "width_mean": 228.0, "slope": 0.000331, "uparea": 70395.4000678, "trend": "no trend", "ave_flux": 0.0261308, "continent": "Oceania", "ord_stra": 6, "image_num": 966, "OWT": 3, "trend2": "no trend", "label": "River mouth 2155"}, "geometry": {"type": "Point", "coordinates": [135.13402000032283, -14.751990000138335]}}, {"id": "2085", "type": "Feature", "properties": {"ID": 2156, "width_mean": 319.0, "slope": 1.9e-05, "uparea": 643.0132027404853, "trend": "no trend", "ave_flux": 0.000907486, "continent": "Oceania", "ord_stra": 4, "image_num": 766, "OWT": 1, "trend2": "increasing", "label": "River mouth 2156"}, "geometry": {"type": "Point", "coordinates": [135.27106999998057, -12.352519999698188]}}, {"id": "2086", "type": "Feature", "properties": {"ID": 2157, "width_mean": 432.0, "slope": 7.9e-05, "uparea": 5599.65109976, "trend": "no trend", "ave_flux": 0.00508846, "continent": "Oceania", "ord_stra": 5, "image_num": 1016, "OWT": 1, "trend2": "no trend", "label": "River mouth 2157"}, "geometry": {"type": "Point", "coordinates": [134.59237006242898, -12.115400506975169]}}, {"id": "2087", "type": "Feature", "properties": {"ID": 2158, "width_mean": 572.0, "slope": 0.000119, "uparea": 7662.30902895, "trend": "no trend", "ave_flux": 0.0189419, "continent": "Oceania", "ord_stra": 5, "image_num": 1463, "OWT": 3, "trend2": "no trend", "label": "River mouth 2158"}, "geometry": {"type": "Point", "coordinates": [132.79400999986171, -12.19745999957928]}}, {"id": "2088", "type": "Feature", "properties": {"ID": 2159, "width_mean": 655.0, "slope": 6e-05, "uparea": 15207.7837023, "trend": "no trend", "ave_flux": 0.00308041, "continent": "Oceania", "ord_stra": 5, "image_num": 726, "OWT": 1, "trend2": "increasing", "label": "River mouth 2159"}, "geometry": {"type": "Point", "coordinates": [135.681807656201, -15.159594957162438]}}, {"id": "2089", "type": "Feature", "properties": {"ID": 2160, "width_mean": 655.0, "slope": 0.0, "uparea": 232.6853193123584, "trend": "no trend", "ave_flux": 0.000142893, "continent": "Oceania", "ord_stra": 4, "image_num": 694, "OWT": 3, "trend2": "no trend", "label": "River mouth 2160"}, "geometry": {"type": "Point", "coordinates": [134.88204999990762, -12.203959999854078]}}, {"id": "2090", "type": "Feature", "properties": {"ID": 2161, "width_mean": 965.0, "slope": 6.5e-05, "uparea": 10888.0596132, "trend": "no trend", "ave_flux": 0.020382, "continent": "Oceania", "ord_stra": 5, "image_num": 792, "OWT": 3, "trend2": "no trend", "label": "River mouth 2161"}, "geometry": {"type": "Point", "coordinates": [132.39216746253203, -12.411004683783727]}}, {"id": "2091", "type": "Feature", "properties": {"ID": 2162, "width_mean": 1774.0, "slope": 4.8e-05, "uparea": 7391.64614285, "trend": "no trend", "ave_flux": 0.00405149, "continent": "Oceania", "ord_stra": 4, "image_num": 763, "OWT": 1, "trend2": "no trend", "label": "River mouth 2162"}, "geometry": {"type": "Point", "coordinates": [134.18194267734862, -12.087470801117291]}}, {"id": "2092", "type": "Feature", "properties": {"ID": 2163, "width_mean": 72.0, "slope": 1.2e-05, "uparea": 1818.31239625, "trend": "no trend", "ave_flux": 0.00355749, "continent": "Oceania", "ord_stra": 4, "image_num": 622, "OWT": 3, "trend2": "no trend", "label": "River mouth 2163"}, "geometry": {"type": "Point", "coordinates": [143.22244237210117, -12.545014474753714]}}, {"id": "2093", "type": "Feature", "properties": {"ID": 2164, "width_mean": 72.0, "slope": 0.000582, "uparea": 59027.5885564, "trend": "increasing", "ave_flux": 0.0235204, "continent": "Oceania", "ord_stra": 6, "image_num": 731, "OWT": 3, "trend2": "increasing", "label": "River mouth 2164"}, "geometry": {"type": "Point", "coordinates": [141.84621152786357, -15.297486759299812]}}, {"id": "2094", "type": "Feature", "properties": {"ID": 2165, "width_mean": 124.0, "slope": 0.00029, "uparea": 10041.3049008, "trend": "no trend", "ave_flux": 0.0191867, "continent": "Oceania", "ord_stra": 5, "image_num": 1395, "OWT": 3, "trend2": "increasing", "label": "River mouth 2165"}, "geometry": {"type": "Point", "coordinates": [141.62574000030088, -14.220920000057902]}}, {"id": "2095", "type": "Feature", "properties": {"ID": 2167, "width_mean": 228.0, "slope": 2.4e-05, "uparea": 455.2758229417353, "trend": "increasing", "ave_flux": 0.00119466, "continent": "Oceania", "ord_stra": 4, "image_num": 1302, "OWT": 1, "trend2": "increasing", "label": "River mouth 2167"}, "geometry": {"type": "Point", "coordinates": [141.57527317384682, -15.350637699266073]}}, {"id": "2096", "type": "Feature", "properties": {"ID": 2168, "width_mean": 271.0, "slope": 8.7e-05, "uparea": 7218.65144476, "trend": "no trend", "ave_flux": 0.0164687, "continent": "Oceania", "ord_stra": 5, "image_num": 648, "OWT": 3, "trend2": "no trend", "label": "River mouth 2168"}, "geometry": {"type": "Point", "coordinates": [141.92690824826715, -12.164696653087134]}}, {"id": "2097", "type": "Feature", "properties": {"ID": 2169, "width_mean": 319.0, "slope": 0.000312, "uparea": 2884.48079758, "trend": "increasing", "ave_flux": 0.0146135, "continent": "Oceania", "ord_stra": 4, "image_num": 1206, "OWT": 3, "trend2": "increasing", "label": "River mouth 2169"}, "geometry": {"type": "Point", "coordinates": [142.16324839388122, -12.022793157111424]}}, {"id": "2098", "type": "Feature", "properties": {"ID": 2170, "width_mean": 319.0, "slope": 8.3e-05, "uparea": 11564.4081987, "trend": "no trend", "ave_flux": 0.0148811, "continent": "Oceania", "ord_stra": 6, "image_num": 824, "OWT": 3, "trend2": "no trend", "label": "River mouth 2170"}, "geometry": {"type": "Point", "coordinates": [141.70261501651356, -13.4691695800827]}}, {"id": "2099", "type": "Feature", "properties": {"ID": 2171, "width_mean": 1237.0, "slope": 0.000117, "uparea": 642.0563757775471, "trend": "increasing", "ave_flux": 0.00693343, "continent": "Oceania", "ord_stra": 4, "image_num": 760, "OWT": 3, "trend2": "increasing", "label": "River mouth 2171"}, "geometry": {"type": "Point", "coordinates": [141.73746653040274, -13.254067750917857]}}, {"id": "2100", "type": "Feature", "properties": {"ID": 2172, "width_mean": 72.0, "slope": 3e-05, "uparea": 1306.54894124, "trend": "increasing", "ave_flux": 0.00143309, "continent": "Oceania", "ord_stra": 5, "image_num": 698, "OWT": 1, "trend2": "increasing", "label": "River mouth 2172"}, "geometry": {"type": "Point", "coordinates": [144.1489770485272, -14.442752779183483]}}, {"id": "2101", "type": "Feature", "properties": {"ID": 2173, "width_mean": 97.0, "slope": 6e-06, "uparea": 513.4259903159232, "trend": "no trend", "ave_flux": 0.0005036, "continent": "Oceania", "ord_stra": 4, "image_num": 677, "OWT": 3, "trend2": "no trend", "label": "River mouth 2173"}, "geometry": {"type": "Point", "coordinates": [145.2246254194875, -15.523190333124603]}}, {"id": "2102", "type": "Feature", "properties": {"ID": 2174, "width_mean": 124.0, "slope": 0.000155, "uparea": 11503.6469352, "trend": "increasing", "ave_flux": 0.00633274, "continent": "Oceania", "ord_stra": 4, "image_num": 658, "OWT": 1, "trend2": "increasing", "label": "River mouth 2174"}, "geometry": {"type": "Point", "coordinates": [144.04920803268706, -14.49476063532438]}}, {"id": "2103", "type": "Feature", "properties": {"ID": 2175, "width_mean": 155.0, "slope": 9.5e-05, "uparea": 7986.09759991, "trend": "no trend", "ave_flux": 0.00583789, "continent": "Oceania", "ord_stra": 5, "image_num": 713, "OWT": 3, "trend2": "no trend", "label": "River mouth 2175"}, "geometry": {"type": "Point", "coordinates": [144.04109999966533, -14.62880000021977]}}, {"id": "2104", "type": "Feature", "properties": {"ID": 2176, "width_mean": 50.0, "slope": -0.000275, "uparea": 11088.1138375, "trend": "decreasing", "ave_flux": 0.0159256, "continent": "South America", "ord_stra": 5, "image_num": 579, "OWT": 4, "trend2": "decreasing", "label": "River mouth 2176"}, "geometry": {"type": "Point", "coordinates": [-72.31937999998695, -16.613879999762162]}}, {"id": "2105", "type": "Feature", "properties": {"ID": 2177, "width_mean": 72.0, "slope": 0.00017, "uparea": 14803.4020642, "trend": "no trend", "ave_flux": 0.0467377, "continent": "South America", "ord_stra": 5, "image_num": 639, "OWT": 4, "trend2": "no trend", "label": "River mouth 2177"}, "geometry": {"type": "Point", "coordinates": [-73.13904100791603, -16.301539349034243]}}, {"id": "2106", "type": "Feature", "properties": {"ID": 2178, "width_mean": 124.0, "slope": -0.0001, "uparea": 16961.4590096, "trend": "no trend", "ave_flux": 0.0341889, "continent": "South America", "ord_stra": 5, "image_num": 505, "OWT": 4, "trend2": "no trend", "label": "River mouth 2178"}, "geometry": {"type": "Point", "coordinates": [-72.729391406828, -16.581606014021254]}}, {"id": "2107", "type": "Feature", "properties": {"ID": 2179, "width_mean": 72.0, "slope": -0.000595, "uparea": 12743.9182188, "trend": "decreasing", "ave_flux": 0.0194663, "continent": "South America", "ord_stra": 5, "image_num": 534, "OWT": 4, "trend2": "decreasing", "label": "River mouth 2179"}, "geometry": {"type": "Point", "coordinates": [-71.73601817138301, -17.073368556184345]}}, {"id": "2108", "type": "Feature", "properties": {"ID": 2180, "width_mean": 50.0, "slope": 1.1e-05, "uparea": 4897.98643955, "trend": "no trend", "ave_flux": 0.00394857, "continent": "South America", "ord_stra": 4, "image_num": 551, "OWT": 3, "trend2": "no trend", "label": "River mouth 2180"}, "geometry": {"type": "Point", "coordinates": [-39.305681010495285, -17.52971094261704]}}, {"id": "2109", "type": "Feature", "properties": {"ID": 2181, "width_mean": 72.0, "slope": 0.0, "uparea": 3213.59043437, "trend": "no trend", "ave_flux": 0.000375171, "continent": "South America", "ord_stra": 5, "image_num": 532, "OWT": 3, "trend2": "no trend", "label": "River mouth 2181"}, "geometry": {"type": "Point", "coordinates": [-39.44940389067994, -17.855957323447903]}}, {"id": "2110", "type": "Feature", "properties": {"ID": 2182, "width_mean": 97.0, "slope": -4e-05, "uparea": 14950.837907, "trend": "no trend", "ave_flux": 0.0304703, "continent": "South America", "ord_stra": 5, "image_num": 639, "OWT": 3, "trend2": "no trend", "label": "River mouth 2182"}, "geometry": {"type": "Point", "coordinates": [-39.63628999978363, -18.09352999990955]}}, {"id": "2111", "type": "Feature", "properties": {"ID": 2183, "width_mean": 124.0, "slope": -0.000176, "uparea": 12202.5645305, "trend": "decreasing", "ave_flux": 0.00599397, "continent": "South America", "ord_stra": 5, "image_num": 841, "OWT": 3, "trend2": "decreasing", "label": "River mouth 2183"}, "geometry": {"type": "Point", "coordinates": [-39.82870359610527, -18.688572792642578]}}, {"id": "2112", "type": "Feature", "properties": {"ID": 2184, "width_mean": 965.0, "slope": -0.003251, "uparea": 82451.1322142, "trend": "decreasing", "ave_flux": 0.169684, "continent": "South America", "ord_stra": 7, "image_num": 582, "OWT": 3, "trend2": "decreasing", "label": "River mouth 2184"}, "geometry": {"type": "Point", "coordinates": [-39.84972995413262, -19.558767745231126]}}, {"id": "2113", "type": "Feature", "properties": {"ID": 2185, "width_mean": 97.0, "slope": 0.000945, "uparea": 106918.439246, "trend": "increasing", "ave_flux": 0.0462821, "continent": "Africa", "ord_stra": 7, "image_num": 256, "OWT": 2, "trend2": "increasing", "label": "River mouth 2185"}, "geometry": {"type": "Point", "coordinates": [12.180684226920029, -17.192875501342144]}}, {"id": "2114", "type": "Feature", "properties": {"ID": 2187, "width_mean": 72.0, "slope": -0.0001, "uparea": 589.933927940657, "trend": "decreasing", "ave_flux": 0.0006625, "continent": "Africa", "ord_stra": 4, "image_num": 212, "OWT": 3, "trend2": "decreasing", "label": "River mouth 2187"}, "geometry": {"type": "Point", "coordinates": [35.38315000037227, -19.375550000032433]}}, {"id": "2115", "type": "Feature", "properties": {"ID": 2188, "width_mean": 271.0, "slope": 0.00058, "uparea": 30879.5291253, "trend": "no trend", "ave_flux": 0.0329562, "continent": "Africa", "ord_stra": 4, "image_num": 477, "OWT": 3, "trend2": "no trend", "label": "River mouth 2188"}, "geometry": {"type": "Point", "coordinates": [34.688148639887615, -19.712633451661162]}}, {"id": "2116", "type": "Feature", "properties": {"ID": 2189, "width_mean": 72.0, "slope": 9.6e-05, "uparea": 14389.0482353, "trend": "no trend", "ave_flux": 0.00788331, "continent": "Africa", "ord_stra": 5, "image_num": 599, "OWT": 2, "trend2": "increasing", "label": "River mouth 2189"}, "geometry": {"type": "Point", "coordinates": [39.117586836874246, -16.81815334900219]}}, {"id": "2117", "type": "Feature", "properties": {"ID": 2190, "width_mean": 97.0, "slope": 0.0001, "uparea": 5754.45430385, "trend": "increasing", "ave_flux": 0.00312149, "continent": "Africa", "ord_stra": 4, "image_num": 219, "OWT": 2, "trend2": "increasing", "label": "River mouth 2190"}, "geometry": {"type": "Point", "coordinates": [38.85211815917405, -16.976385709949877]}}, {"id": "2118", "type": "Feature", "properties": {"ID": 2191, "width_mean": 124.0, "slope": 5.7e-05, "uparea": 5781.63332521, "trend": "increasing", "ave_flux": 0.00301551, "continent": "Africa", "ord_stra": 5, "image_num": 312, "OWT": 3, "trend2": "increasing", "label": "River mouth 2191"}, "geometry": {"type": "Point", "coordinates": [38.57496999986563, -17.04809999961526]}}, {"id": "2119", "type": "Feature", "properties": {"ID": 2192, "width_mean": 155.0, "slope": 1.6e-05, "uparea": 4074.35608524, "trend": "no trend", "ave_flux": 0.00144271, "continent": "Africa", "ord_stra": 6, "image_num": 337, "OWT": 3, "trend2": "no trend", "label": "River mouth 2192"}, "geometry": {"type": "Point", "coordinates": [37.74853618685097, -17.42109203237788]}}, {"id": "2120", "type": "Feature", "properties": {"ID": 2193, "width_mean": 155.0, "slope": 0.000135, "uparea": 5298.12694836, "trend": "increasing", "ave_flux": 0.00762097, "continent": "Africa", "ord_stra": 4, "image_num": 730, "OWT": 3, "trend2": "increasing", "label": "River mouth 2193"}, "geometry": {"type": "Point", "coordinates": [37.55063674054874, -17.540221979196517]}}, {"id": "2121", "type": "Feature", "properties": {"ID": 2194, "width_mean": 319.0, "slope": 0.001029, "uparea": 22816.7885828, "trend": "increasing", "ave_flux": 0.0273279, "continent": "Africa", "ord_stra": 6, "image_num": 641, "OWT": 3, "trend2": "increasing", "label": "River mouth 2194"}, "geometry": {"type": "Point", "coordinates": [37.35987878046224, -17.6312740245206]}}, {"id": "2122", "type": "Feature", "properties": {"ID": 2195, "width_mean": 965.0, "slope": 0.03275, "uparea": 1369348.62653, "trend": "increasing", "ave_flux": 1.05765, "continent": "Africa", "ord_stra": 8, "image_num": 466, "OWT": 3, "trend2": "increasing", "label": "River mouth 2195"}, "geometry": {"type": "Point", "coordinates": [36.10859558530385, -18.439913844129926]}}, {"id": "2123", "type": "Feature", "properties": {"ID": 2196, "width_mean": 50.0, "slope": 5e-05, "uparea": 1362.60393401, "trend": "increasing", "ave_flux": 0.00369531, "continent": "Africa", "ord_stra": 4, "image_num": 374, "OWT": 2, "trend2": "increasing", "label": "River mouth 2196"}, "geometry": {"type": "Point", "coordinates": [44.925291871289886, -16.263351339355783]}}, {"id": "2124", "type": "Feature", "properties": {"ID": 2197, "width_mean": 50.0, "slope": 2e-05, "uparea": 849.5690776345755, "trend": "no trend", "ave_flux": 0.00127516, "continent": "Africa", "ord_stra": 4, "image_num": 425, "OWT": 2, "trend2": "no trend", "label": "River mouth 2197"}, "geometry": {"type": "Point", "coordinates": [44.33116000043373, -16.958769999935498]}}, {"id": "2125", "type": "Feature", "properties": {"ID": 2198, "width_mean": 50.0, "slope": 3e-06, "uparea": 701.0349186747943, "trend": "no trend", "ave_flux": 0.001845, "continent": "Africa", "ord_stra": 4, "image_num": 468, "OWT": 2, "trend2": "no trend", "label": "River mouth 2198"}, "geometry": {"type": "Point", "coordinates": [44.08858928016305, -18.069172734294035]}}, {"id": "2126", "type": "Feature", "properties": {"ID": 2199, "width_mean": 72.0, "slope": 3.8e-05, "uparea": 1984.23743491, "trend": "no trend", "ave_flux": 0.00303394, "continent": "Africa", "ord_stra": 4, "image_num": 745, "OWT": 2, "trend2": "no trend", "label": "River mouth 2199"}, "geometry": {"type": "Point", "coordinates": [45.42454354749754, -16.148294080710723]}}, {"id": "2127", "type": "Feature", "properties": {"ID": 2200, "width_mean": 72.0, "slope": 4.2e-05, "uparea": 3784.88396491, "trend": "no trend", "ave_flux": 0.00415563, "continent": "Africa", "ord_stra": 5, "image_num": 393, "OWT": 2, "trend2": "no trend", "label": "River mouth 2200"}, "geometry": {"type": "Point", "coordinates": [44.19349694256747, -17.186071366378965]}}, {"id": "2128", "type": "Feature", "properties": {"ID": 2201, "width_mean": 72.0, "slope": 7e-06, "uparea": 1420.87926415, "trend": "no trend", "ave_flux": 0.0024266, "continent": "Africa", "ord_stra": 4, "image_num": 436, "OWT": 2, "trend2": "no trend", "label": "River mouth 2201"}, "geometry": {"type": "Point", "coordinates": [44.098775806920095, -18.227280193722663]}}, {"id": "2129", "type": "Feature", "properties": {"ID": 2202, "width_mean": 97.0, "slope": 5e-05, "uparea": 6129.51901329, "trend": "no trend", "ave_flux": 0.0182734, "continent": "Africa", "ord_stra": 4, "image_num": 459, "OWT": 2, "trend2": "no trend", "label": "River mouth 2202"}, "geometry": {"type": "Point", "coordinates": [44.49327118287015, -16.724772228216498]}}, {"id": "2130", "type": "Feature", "properties": {"ID": 2203, "width_mean": 124.0, "slope": 1.2e-05, "uparea": 1794.08555608, "trend": "no trend", "ave_flux": 0.00152843, "continent": "Africa", "ord_stra": 5, "image_num": 453, "OWT": 3, "trend2": "no trend", "label": "River mouth 2203"}, "geometry": {"type": "Point", "coordinates": [44.27617623387666, -18.77787729139417]}}, {"id": "2131", "type": "Feature", "properties": {"ID": 2204, "width_mean": 155.0, "slope": 8.1e-05, "uparea": 7511.01865342, "trend": "no trend", "ave_flux": 0.0143599, "continent": "Africa", "ord_stra": 5, "image_num": 227, "OWT": 2, "trend2": "no trend", "label": "River mouth 2204"}, "geometry": {"type": "Point", "coordinates": [44.04836622673126, -17.707942945974352]}}, {"id": "2132", "type": "Feature", "properties": {"ID": 2205, "width_mean": 271.0, "slope": 0.000219, "uparea": 12632.2168699, "trend": "no trend", "ave_flux": 0.0286001, "continent": "Africa", "ord_stra": 6, "image_num": 276, "OWT": 2, "trend2": "no trend", "label": "River mouth 2205"}, "geometry": {"type": "Point", "coordinates": [44.45794000043071, -19.183230000264246]}}, {"id": "2133", "type": "Feature", "properties": {"ID": 2206, "width_mean": 498.0, "slope": 0.00077, "uparea": 47268.0325318, "trend": "no trend", "ave_flux": 0.126423, "continent": "Africa", "ord_stra": 7, "image_num": 774, "OWT": 2, "trend2": "no trend", "label": "River mouth 2206"}, "geometry": {"type": "Point", "coordinates": [44.514947773876166, -19.69612872729385]}}, {"id": "2134", "type": "Feature", "properties": {"ID": 2207, "width_mean": 498.0, "slope": 0.001339, "uparea": 54259.1226838, "trend": "no trend", "ave_flux": 0.132087, "continent": "Africa", "ord_stra": 7, "image_num": 436, "OWT": 2, "trend2": "increasing", "label": "River mouth 2207"}, "geometry": {"type": "Point", "coordinates": [46.58501274011287, -16.066953688895037]}}, {"id": "2135", "type": "Feature", "properties": {"ID": 2208, "width_mean": 72.0, "slope": 2.2e-05, "uparea": 639.6432924533107, "trend": "increasing", "ave_flux": 0.00124469, "continent": "Africa", "ord_stra": 4, "image_num": 360, "OWT": 3, "trend2": "increasing", "label": "River mouth 2208"}, "geometry": {"type": "Point", "coordinates": [49.38450488705088, -18.065100195279893]}}, {"id": "2136", "type": "Feature", "properties": {"ID": 2209, "width_mean": 72.0, "slope": 7.5e-05, "uparea": 701.175667038179, "trend": "increasing", "ave_flux": 0.00325694, "continent": "Africa", "ord_stra": 4, "image_num": 389, "OWT": 2, "trend2": "increasing", "label": "River mouth 2209"}, "geometry": {"type": "Point", "coordinates": [48.84183074019828, -19.579802014380537]}}, {"id": "2137", "type": "Feature", "properties": {"ID": 2210, "width_mean": 72.0, "slope": 1.9e-05, "uparea": 1527.82693302, "trend": "no trend", "ave_flux": 0.0041294, "continent": "Africa", "ord_stra": 4, "image_num": 291, "OWT": 2, "trend2": "no trend", "label": "River mouth 2210"}, "geometry": {"type": "Point", "coordinates": [49.55230450471763, -16.919449193809264]}}, {"id": "2138", "type": "Feature", "properties": {"ID": 2211, "width_mean": 72.0, "slope": 3.3e-05, "uparea": 2266.76431567, "trend": "no trend", "ave_flux": 0.00437429, "continent": "Africa", "ord_stra": 5, "image_num": 318, "OWT": 2, "trend2": "no trend", "label": "River mouth 2211"}, "geometry": {"type": "Point", "coordinates": [49.70391950183413, -16.193680150032197]}}, {"id": "2139", "type": "Feature", "properties": {"ID": 2212, "width_mean": 97.0, "slope": 3.6e-05, "uparea": 1096.26323462, "trend": "increasing", "ave_flux": 0.00224517, "continent": "Africa", "ord_stra": 4, "image_num": 364, "OWT": 2, "trend2": "increasing", "label": "River mouth 2212"}, "geometry": {"type": "Point", "coordinates": [49.75083219050977, -16.611905178300322]}}, {"id": "2140", "type": "Feature", "properties": {"ID": 2213, "width_mean": 97.0, "slope": 0.000279, "uparea": 4739.5408074, "trend": "increasing", "ave_flux": 0.0111416, "continent": "Africa", "ord_stra": 6, "image_num": 376, "OWT": 3, "trend2": "increasing", "label": "River mouth 2213"}, "geometry": {"type": "Point", "coordinates": [49.051670931076586, -18.901550955294912]}}, {"id": "2141", "type": "Feature", "properties": {"ID": 2214, "width_mean": 124.0, "slope": 5.9e-05, "uparea": 1605.60554597, "trend": "increasing", "ave_flux": 0.00376034, "continent": "Africa", "ord_stra": 5, "image_num": 356, "OWT": 3, "trend2": "increasing", "label": "River mouth 2214"}, "geometry": {"type": "Point", "coordinates": [48.87727925232231, -19.437986098565766]}}, {"id": "2142", "type": "Feature", "properties": {"ID": 2215, "width_mean": 155.0, "slope": 0.000157, "uparea": 3921.76620605, "trend": "no trend", "ave_flux": 0.0085246, "continent": "Africa", "ord_stra": 5, "image_num": 305, "OWT": 2, "trend2": "increasing", "label": "River mouth 2215"}, "geometry": {"type": "Point", "coordinates": [49.65321292312343, -16.8489936861925]}}, {"id": "2143", "type": "Feature", "properties": {"ID": 2216, "width_mean": 190.0, "slope": 0.0, "uparea": 1938.48780156, "trend": "no trend", "ave_flux": 0.00224006, "continent": "Africa", "ord_stra": 5, "image_num": 321, "OWT": 3, "trend2": "no trend", "label": "River mouth 2216"}, "geometry": {"type": "Point", "coordinates": [49.41717018636934, -17.64760559609882]}}, {"id": "2144", "type": "Feature", "properties": {"ID": 2217, "width_mean": 228.0, "slope": 6.7e-05, "uparea": 2832.65810541, "trend": "no trend", "ave_flux": 0.00545566, "continent": "Africa", "ord_stra": 5, "image_num": 338, "OWT": 3, "trend2": "increasing", "label": "River mouth 2217"}, "geometry": {"type": "Point", "coordinates": [49.30737952209161, -18.237803478589186]}}, {"id": "2145", "type": "Feature", "properties": {"ID": 2218, "width_mean": 271.0, "slope": 0.000308, "uparea": 12522.7053527, "trend": "increasing", "ave_flux": 0.00943649, "continent": "Africa", "ord_stra": 6, "image_num": 304, "OWT": 3, "trend2": "increasing", "label": "River mouth 2218"}, "geometry": {"type": "Point", "coordinates": [49.42595452002034, -17.21954135659788]}}, {"id": "2146", "type": "Feature", "properties": {"ID": 2219, "width_mean": 432.0, "slope": 0.000738, "uparea": 17761.4282747, "trend": "increasing", "ave_flux": 0.0355899, "continent": "Africa", "ord_stra": 6, "image_num": 393, "OWT": 3, "trend2": "increasing", "label": "River mouth 2219"}, "geometry": {"type": "Point", "coordinates": [48.70900905933185, -19.961517038520945]}}, {"id": "2147", "type": "Feature", "properties": {"ID": 2220, "width_mean": 72.0, "slope": 3.5e-05, "uparea": 5358.99613833, "trend": "no trend", "ave_flux": 0.0031662, "continent": "Oceania", "ord_stra": 4, "image_num": 803, "OWT": 2, "trend2": "no trend", "label": "River mouth 2220"}, "geometry": {"type": "Point", "coordinates": [124.86208999965379, -16.524429999944516]}}, {"id": "2148", "type": "Feature", "properties": {"ID": 2221, "width_mean": 72.0, "slope": 1.4e-05, "uparea": 3001.2780353, "trend": "no trend", "ave_flux": 0.000704857, "continent": "Oceania", "ord_stra": 4, "image_num": 1329, "OWT": 2, "trend2": "increasing", "label": "River mouth 2221"}, "geometry": {"type": "Point", "coordinates": [123.94400516012422, -17.276828779081548]}}, {"id": "2149", "type": "Feature", "properties": {"ID": 2222, "width_mean": 97.0, "slope": 0.000227, "uparea": 95186.2050932, "trend": "no trend", "ave_flux": 0.0204936, "continent": "Oceania", "ord_stra": 7, "image_num": 732, "OWT": 3, "trend2": "no trend", "label": "River mouth 2222"}, "geometry": {"type": "Point", "coordinates": [123.57643702685924, -17.617014520656774]}}, {"id": "2150", "type": "Feature", "properties": {"ID": 2223, "width_mean": 1397.0, "slope": 2.4e-05, "uparea": 4125.03818821, "trend": "no trend", "ave_flux": 0.001797, "continent": "Oceania", "ord_stra": 5, "image_num": 764, "OWT": 3, "trend2": "increasing", "label": "River mouth 2223"}, "geometry": {"type": "Point", "coordinates": [124.91596569153393, -16.402834397210256]}}, {"id": "2151", "type": "Feature", "properties": {"ID": 2224, "width_mean": 124.0, "slope": 1.8e-05, "uparea": 7964.17654974, "trend": "increasing", "ave_flux": 0.000590457, "continent": "Oceania", "ord_stra": 5, "image_num": 789, "OWT": 1, "trend2": "increasing", "label": "River mouth 2224"}, "geometry": {"type": "Point", "coordinates": [137.7331119987346, -16.298845655543456]}}, {"id": "2152", "type": "Feature", "properties": {"ID": 2225, "width_mean": 190.0, "slope": 3.3e-05, "uparea": 5257.38807528, "trend": "increasing", "ave_flux": 0.000469176, "continent": "Oceania", "ord_stra": 4, "image_num": 774, "OWT": 1, "trend2": "increasing", "label": "River mouth 2225"}, "geometry": {"type": "Point", "coordinates": [137.24780177308776, -16.06774814550548]}}, {"id": "2153", "type": "Feature", "properties": {"ID": 2226, "width_mean": 97.0, "slope": 1.3e-05, "uparea": 521.6029893001835, "trend": "no trend", "ave_flux": 0.000908258, "continent": "Oceania", "ord_stra": 4, "image_num": 1248, "OWT": 3, "trend2": "no trend", "label": "River mouth 2226"}, "geometry": {"type": "Point", "coordinates": [141.1341600001839, -16.867749999662692]}}, {"id": "2154", "type": "Feature", "properties": {"ID": 2227, "width_mean": 155.0, "slope": 1.6e-05, "uparea": 916.0581645356917, "trend": "no trend", "ave_flux": 0.001169, "continent": "Oceania", "ord_stra": 4, "image_num": 1173, "OWT": 1, "trend2": "increasing", "label": "River mouth 2227"}, "geometry": {"type": "Point", "coordinates": [140.97922000020287, -17.191049999757638]}}, {"id": "2155", "type": "Feature", "properties": {"ID": 2228, "width_mean": 155.0, "slope": 0.000135, "uparea": 44027.3141511, "trend": "increasing", "ave_flux": 0.00785306, "continent": "Oceania", "ord_stra": 6, "image_num": 1119, "OWT": 1, "trend2": "increasing", "label": "River mouth 2228"}, "geometry": {"type": "Point", "coordinates": [139.55697999992708, -17.553509999886558]}}, {"id": "2156", "type": "Feature", "properties": {"ID": 2229, "width_mean": 155.0, "slope": 7e-06, "uparea": 1764.37483792, "trend": "no trend", "ave_flux": 0.000483781, "continent": "Oceania", "ord_stra": 4, "image_num": 758, "OWT": 3, "trend2": "increasing", "label": "River mouth 2229"}, "geometry": {"type": "Point", "coordinates": [140.61282651785007, -17.631103043859937]}}, {"id": "2157", "type": "Feature", "properties": {"ID": 2230, "width_mean": 190.0, "slope": 0.0005, "uparea": 40234.6920379, "trend": "increasing", "ave_flux": 0.0192263, "continent": "Oceania", "ord_stra": 4, "image_num": 1437, "OWT": 1, "trend2": "increasing", "label": "River mouth 2230"}, "geometry": {"type": "Point", "coordinates": [141.25619648648015, -16.59301338512729]}}, {"id": "2158", "type": "Feature", "properties": {"ID": 2231, "width_mean": 228.0, "slope": 0.000354, "uparea": 23569.8178839, "trend": "increasing", "ave_flux": 0.00886843, "continent": "Oceania", "ord_stra": 5, "image_num": 1396, "OWT": 1, "trend2": "increasing", "label": "River mouth 2231"}, "geometry": {"type": "Point", "coordinates": [141.36477000033528, -16.39424000007591]}}, {"id": "2159", "type": "Feature", "properties": {"ID": 2232, "width_mean": 372.0, "slope": 6.4e-05, "uparea": 98498.0457237, "trend": "no trend", "ave_flux": 0.0093402, "continent": "Oceania", "ord_stra": 7, "image_num": 760, "OWT": 1, "trend2": "no trend", "label": "River mouth 2232"}, "geometry": {"type": "Point", "coordinates": [140.7210899999036, -17.55463999983607]}}, {"id": "2160", "type": "Feature", "properties": {"ID": 2233, "width_mean": 372.0, "slope": 6e-06, "uparea": 32485.7317393, "trend": "no trend", "ave_flux": 0.00255659, "continent": "Oceania", "ord_stra": 5, "image_num": 759, "OWT": 1, "trend2": "no trend", "label": "River mouth 2233"}, "geometry": {"type": "Point", "coordinates": [139.79000288652423, -17.59635417812529]}}, {"id": "2161", "type": "Feature", "properties": {"ID": 2234, "width_mean": 498.0, "slope": 0.000153, "uparea": 54113.5816034, "trend": "increasing", "ave_flux": 0.00661186, "continent": "Oceania", "ord_stra": 5, "image_num": 1224, "OWT": 1, "trend2": "increasing", "label": "River mouth 2234"}, "geometry": {"type": "Point", "coordinates": [140.84125000038728, -17.529960000253766]}}, {"id": "2162", "type": "Feature", "properties": {"ID": 2235, "width_mean": 498.0, "slope": 0.0, "uparea": 3202.78272406, "trend": "no trend", "ave_flux": 0.0007395, "continent": "Oceania", "ord_stra": 5, "image_num": 704, "OWT": 1, "trend2": "no trend", "label": "River mouth 2235"}, "geometry": {"type": "Point", "coordinates": [139.71940455915214, -17.64518382010937]}}, {"id": "2163", "type": "Feature", "properties": {"ID": 2236, "width_mean": 72.0, "slope": 4e-06, "uparea": 969.8447312943207, "trend": "no trend", "ave_flux": 0.00101803, "continent": "Oceania", "ord_stra": 5, "image_num": 530, "OWT": 2, "trend2": "no trend", "label": "River mouth 2236"}, "geometry": {"type": "Point", "coordinates": [146.0114550567879, -17.49426088155668]}}, {"id": "2164", "type": "Feature", "properties": {"ID": 2237, "width_mean": 72.0, "slope": 4.3e-05, "uparea": 2016.14286325, "trend": "increasing", "ave_flux": 0.00161223, "continent": "Oceania", "ord_stra": 4, "image_num": 1173, "OWT": 2, "trend2": "increasing", "label": "River mouth 2237"}, "geometry": {"type": "Point", "coordinates": [145.7068722284777, -16.86279720356857]}}, {"id": "2165", "type": "Feature", "properties": {"ID": 2238, "width_mean": 97.0, "slope": 1.1e-05, "uparea": 1370.55971089, "trend": "no trend", "ave_flux": 0.00424549, "continent": "Oceania", "ord_stra": 4, "image_num": 590, "OWT": 1, "trend2": "no trend", "label": "River mouth 2238"}, "geometry": {"type": "Point", "coordinates": [145.93322957398433, -17.214272075418695]}}, {"id": "2166", "type": "Feature", "properties": {"ID": 2239, "width_mean": 97.0, "slope": 0.0002, "uparea": 8699.92023147, "trend": "increasing", "ave_flux": 0.00771589, "continent": "Oceania", "ord_stra": 5, "image_num": 608, "OWT": 3, "trend2": "increasing", "label": "River mouth 2239"}, "geometry": {"type": "Point", "coordinates": [146.27801999992312, -18.553890000123374]}}, {"id": "2167", "type": "Feature", "properties": {"ID": 2240, "width_mean": 124.0, "slope": 3.2e-05, "uparea": 1063.36975222, "trend": "increasing", "ave_flux": 0.000896321, "continent": "Oceania", "ord_stra": 4, "image_num": 956, "OWT": 3, "trend2": "increasing", "label": "River mouth 2240"}, "geometry": {"type": "Point", "coordinates": [148.20724490330312, -19.979794741615883]}}, {"id": "2168", "type": "Feature", "properties": {"ID": 2241, "width_mean": 155.0, "slope": 4.6e-05, "uparea": 1316.1275004, "trend": "increasing", "ave_flux": 0.00245769, "continent": "Oceania", "ord_stra": 4, "image_num": 586, "OWT": 3, "trend2": "increasing", "label": "River mouth 2241"}, "geometry": {"type": "Point", "coordinates": [145.41870781545555, -16.278203356857365]}}, {"id": "2169", "type": "Feature", "properties": {"ID": 2242, "width_mean": 155.0, "slope": 6.2e-05, "uparea": 1212.24675706, "trend": "no trend", "ave_flux": 0.00615174, "continent": "Oceania", "ord_stra": 4, "image_num": 608, "OWT": 3, "trend2": "no trend", "label": "River mouth 2242"}, "geometry": {"type": "Point", "coordinates": [146.0001687609855, -18.002923749658756]}}, {"id": "2170", "type": "Feature", "properties": {"ID": 2243, "width_mean": 271.0, "slope": 0.000488, "uparea": 129945.899877, "trend": "no trend", "ave_flux": 0.0236455, "continent": "Oceania", "ord_stra": 7, "image_num": 637, "OWT": 3, "trend2": "increasing", "label": "River mouth 2243"}, "geometry": {"type": "Point", "coordinates": [147.40696999996555, -19.63200000019981]}}, {"id": "2171", "type": "Feature", "properties": {"ID": 2244, "width_mean": 72.0, "slope": 0.000261, "uparea": 1481.71157789, "trend": "increasing", "ave_flux": 0.00839451, "continent": "Oceania", "ord_stra": 4, "image_num": 137, "OWT": 3, "trend2": "increasing", "label": "River mouth 2244"}, "geometry": {"type": "Point", "coordinates": [177.5295170412678, -18.127214445301547]}}, {"id": "2172", "type": "Feature", "properties": {"ID": 2245, "width_mean": 72.0, "slope": 2.5e-05, "uparea": 854.0392793122924, "trend": "increasing", "ave_flux": 0.0015815, "continent": "Oceania", "ord_stra": 4, "image_num": 135, "OWT": 3, "trend2": "increasing", "label": "River mouth 2245"}, "geometry": {"type": "Point", "coordinates": [177.6610409997674, -17.492117000024496]}}, {"id": "2173", "type": "Feature", "properties": {"ID": 2246, "width_mean": 72.0, "slope": 0.000119, "uparea": 1012.30118533, "trend": "increasing", "ave_flux": 0.00471746, "continent": "Oceania", "ord_stra": 4, "image_num": 82, "OWT": 2, "trend2": "increasing", "label": "River mouth 2246"}, "geometry": {"type": "Point", "coordinates": [178.1190511948548, -18.20014834909503]}}, {"id": "2174", "type": "Feature", "properties": {"ID": 2247, "width_mean": 124.0, "slope": -6.7e-05, "uparea": 488.4936539685024, "trend": "decreasing", "ave_flux": 0.0028745, "continent": "Oceania", "ord_stra": 4, "image_num": 114, "OWT": 3, "trend2": "decreasing", "label": "River mouth 2247"}, "geometry": {"type": "Point", "coordinates": [178.90048999971384, -16.571389999948508]}}, {"id": "2175", "type": "Feature", "properties": {"ID": 2248, "width_mean": 498.0, "slope": 0.00027, "uparea": 2966.52857779, "trend": "increasing", "ave_flux": 0.0116446, "continent": "Oceania", "ord_stra": 5, "image_num": 96, "OWT": 3, "trend2": "increasing", "label": "River mouth 2248"}, "geometry": {"type": "Point", "coordinates": [178.56052765756255, -18.0869583982588]}}, {"id": "2176", "type": "Feature", "properties": {"ID": 2249, "width_mean": 72.0, "slope": 0.0, "uparea": 1462.60203025, "trend": "no trend", "ave_flux": 0.00223429, "continent": "South America", "ord_stra": 4, "image_num": 578, "OWT": 2, "trend2": "no trend", "label": "River mouth 2249"}, "geometry": {"type": "Point", "coordinates": [-43.67413999976111, -22.85392000010785]}}, {"id": "2177", "type": "Feature", "properties": {"ID": 2250, "width_mean": 372.0, "slope": 1.2e-05, "uparea": 1666.41529846, "trend": "no trend", "ave_flux": 0.00369389, "continent": "South America", "ord_stra": 5, "image_num": 537, "OWT": 2, "trend2": "no trend", "label": "River mouth 2250"}, "geometry": {"type": "Point", "coordinates": [-42.05996999971569, -22.571810000131336]}}, {"id": "2178", "type": "Feature", "properties": {"ID": 2251, "width_mean": 850.0, "slope": -9e-06, "uparea": 309.3623270498636, "trend": "decreasing", "ave_flux": 0.000512171, "continent": "South America", "ord_stra": 4, "image_num": 567, "OWT": 1, "trend2": "decreasing", "label": "River mouth 2251"}, "geometry": {"type": "Point", "coordinates": [-45.504869999550806, -23.50658000006689]}}, {"id": "2179", "type": "Feature", "properties": {"ID": 2252, "width_mean": 50.0, "slope": 5e-05, "uparea": 1907.13244071, "trend": "no trend", "ave_flux": 0.00651143, "continent": "South America", "ord_stra": 4, "image_num": 1079, "OWT": 2, "trend2": "no trend", "label": "River mouth 2252"}, "geometry": {"type": "Point", "coordinates": [-40.36408783483526, -20.404215361029635]}}, {"id": "2180", "type": "Feature", "properties": {"ID": 2253, "width_mean": 50.0, "slope": -4.2e-05, "uparea": 1422.22462327, "trend": "no trend", "ave_flux": 0.00775143, "continent": "South America", "ord_stra": 4, "image_num": 601, "OWT": 2, "trend2": "decreasing", "label": "River mouth 2253"}, "geometry": {"type": "Point", "coordinates": [-41.866067762429594, -22.294918518062573]}}, {"id": "2181", "type": "Feature", "properties": {"ID": 2254, "width_mean": 72.0, "slope": -0.000234, "uparea": 4604.09904607, "trend": "decreasing", "ave_flux": 0.0102569, "continent": "South America", "ord_stra": 4, "image_num": 524, "OWT": 2, "trend2": "decreasing", "label": "River mouth 2254"}, "geometry": {"type": "Point", "coordinates": [-41.009400524095035, -21.251847188535447]}}, {"id": "2182", "type": "Feature", "properties": {"ID": 2255, "width_mean": 97.0, "slope": 0.000125, "uparea": 5205.47441971, "trend": "no trend", "ave_flux": 0.0162114, "continent": "South America", "ord_stra": 5, "image_num": 713, "OWT": 3, "trend2": "no trend", "label": "River mouth 2255"}, "geometry": {"type": "Point", "coordinates": [-40.867820893338845, -20.99202241754618]}}, {"id": "2183", "type": "Feature", "properties": {"ID": 2256, "width_mean": 655.0, "slope": -0.002782, "uparea": 55926.9370418, "trend": "decreasing", "ave_flux": 0.148975, "continent": "South America", "ord_stra": 6, "image_num": 595, "OWT": 3, "trend2": "decreasing", "label": "River mouth 2256"}, "geometry": {"type": "Point", "coordinates": [-41.09411896090839, -21.658654564830197]}}, {"id": "2184", "type": "Feature", "properties": {"ID": 2257, "width_mean": 155.0, "slope": 0.001178, "uparea": 101713.811017, "trend": "increasing", "ave_flux": 0.0311505, "continent": "Africa", "ord_stra": 7, "image_num": 858, "OWT": 3, "trend2": "increasing", "label": "River mouth 2257"}, "geometry": {"type": "Point", "coordinates": [35.00239590201552, -20.990900629119068]}}, {"id": "2185", "type": "Feature", "properties": {"ID": 2258, "width_mean": 50.0, "slope": 7e-06, "uparea": 586.4863236510475, "trend": "no trend", "ave_flux": 0.00225414, "continent": "Africa", "ord_stra": 4, "image_num": 440, "OWT": 2, "trend2": "no trend", "label": "River mouth 2258"}, "geometry": {"type": "Point", "coordinates": [44.093749999662805, -21.187430000194297]}}, {"id": "2186", "type": "Feature", "properties": {"ID": 2259, "width_mean": 72.0, "slope": 2e-05, "uparea": 691.0028327914188, "trend": "increasing", "ave_flux": 0.00116919, "continent": "Africa", "ord_stra": 4, "image_num": 358, "OWT": 2, "trend2": "increasing", "label": "River mouth 2259"}, "geometry": {"type": "Point", "coordinates": [47.69835442470426, -23.219353512426007]}}, {"id": "2187", "type": "Feature", "properties": {"ID": 2260, "width_mean": 72.0, "slope": 0.0, "uparea": 700.6235417376298, "trend": "no trend", "ave_flux": 0.000521114, "continent": "Africa", "ord_stra": 4, "image_num": 663, "OWT": 2, "trend2": "no trend", "label": "River mouth 2260"}, "geometry": {"type": "Point", "coordinates": [44.15385000037725, -21.036230000014427]}}, {"id": "2188", "type": "Feature", "properties": {"ID": 2261, "width_mean": 124.0, "slope": -3e-06, "uparea": 6884.69189539, "trend": "no trend", "ave_flux": 0.00584449, "continent": "Africa", "ord_stra": 5, "image_num": 778, "OWT": 2, "trend2": "no trend", "label": "River mouth 2261"}, "geometry": {"type": "Point", "coordinates": [43.71816829576382, -23.298494534147522]}}, {"id": "2189", "type": "Feature", "properties": {"ID": 2262, "width_mean": 124.0, "slope": 8e-05, "uparea": 5875.81800425, "trend": "no trend", "ave_flux": 0.00571009, "continent": "Africa", "ord_stra": 5, "image_num": 239, "OWT": 2, "trend2": "no trend", "label": "River mouth 2262"}, "geometry": {"type": "Point", "coordinates": [44.316013955343806, -20.339358969919523]}}, {"id": "2190", "type": "Feature", "properties": {"ID": 2263, "width_mean": 124.0, "slope": 5e-06, "uparea": 956.3170772662993, "trend": "no trend", "ave_flux": 0.00191394, "continent": "Africa", "ord_stra": 4, "image_num": 311, "OWT": 3, "trend2": "no trend", "label": "River mouth 2263"}, "geometry": {"type": "Point", "coordinates": [47.580739999751245, -23.587969999615723]}}, {"id": "2191", "type": "Feature", "properties": {"ID": 2264, "width_mean": 155.0, "slope": 1.4e-05, "uparea": 4211.25703351, "trend": "no trend", "ave_flux": 0.00384543, "continent": "Africa", "ord_stra": 4, "image_num": 95, "OWT": 2, "trend2": "no trend", "label": "River mouth 2264"}, "geometry": {"type": "Point", "coordinates": [44.2127834360299, -20.493135824531898]}}, {"id": "2192", "type": "Feature", "properties": {"ID": 2265, "width_mean": 228.0, "slope": 0.0001, "uparea": 4236.08144911, "trend": "no trend", "ave_flux": 0.0083082, "continent": "Africa", "ord_stra": 5, "image_num": 370, "OWT": 3, "trend2": "increasing", "label": "River mouth 2265"}, "geometry": {"type": "Point", "coordinates": [47.88906244879716, -22.406035433768928]}}, {"id": "2193", "type": "Feature", "properties": {"ID": 2266, "width_mean": 228.0, "slope": 7e-06, "uparea": 1341.46719966, "trend": "no trend", "ave_flux": 0.00210894, "continent": "Africa", "ord_stra": 4, "image_num": 384, "OWT": 3, "trend2": "no trend", "label": "River mouth 2266"}, "geometry": {"type": "Point", "coordinates": [47.542599999990045, -23.80320999964175]}}, {"id": "2194", "type": "Feature", "properties": {"ID": 2267, "width_mean": 228.0, "slope": 2.6e-05, "uparea": 4051.55588512, "trend": "no trend", "ave_flux": 0.00511583, "continent": "Africa", "ord_stra": 5, "image_num": 339, "OWT": 1, "trend2": "no trend", "label": "River mouth 2267"}, "geometry": {"type": "Point", "coordinates": [47.83647283863314, -22.78961246794098]}}, {"id": "2195", "type": "Feature", "properties": {"ID": 2268, "width_mean": 271.0, "slope": 0.0, "uparea": 32136.5881433, "trend": "no trend", "ave_flux": 0.0316806, "continent": "Africa", "ord_stra": 6, "image_num": 720, "OWT": 3, "trend2": "no trend", "label": "River mouth 2268"}, "geometry": {"type": "Point", "coordinates": [43.817859999639325, -23.557500000124833]}}, {"id": "2196", "type": "Feature", "properties": {"ID": 2269, "width_mean": 372.0, "slope": 0.000726, "uparea": 16531.5794565, "trend": "increasing", "ave_flux": 0.0270279, "continent": "Africa", "ord_stra": 6, "image_num": 361, "OWT": 3, "trend2": "increasing", "label": "River mouth 2269"}, "geometry": {"type": "Point", "coordinates": [47.62623970465752, -23.350270348427262]}}, {"id": "2197", "type": "Feature", "properties": {"ID": 2270, "width_mean": 655.0, "slope": 0.00038, "uparea": 54713.3196092, "trend": "no trend", "ave_flux": 0.0768182, "continent": "Africa", "ord_stra": 6, "image_num": 176, "OWT": 3, "trend2": "no trend", "label": "River mouth 2270"}, "geometry": {"type": "Point", "coordinates": [43.51778999970878, -21.450020000222764]}}, {"id": "2198", "type": "Feature", "properties": {"ID": 2271, "width_mean": 72.0, "slope": 7.1e-05, "uparea": 1132.93738038, "trend": "increasing", "ave_flux": 0.00201186, "continent": "Africa", "ord_stra": 4, "image_num": 352, "OWT": 3, "trend2": "increasing", "label": "River mouth 2271"}, "geometry": {"type": "Point", "coordinates": [48.60174717636956, -20.266787002002616]}}, {"id": "2199", "type": "Feature", "properties": {"ID": 2272, "width_mean": 72.0, "slope": 0.000172, "uparea": 2072.55733865, "trend": "increasing", "ave_flux": 0.00493829, "continent": "Africa", "ord_stra": 5, "image_num": 364, "OWT": 2, "trend2": "increasing", "label": "River mouth 2272"}, "geometry": {"type": "Point", "coordinates": [48.50861579834687, -20.6176618401635]}}, {"id": "2200", "type": "Feature", "properties": {"ID": 2273, "width_mean": 155.0, "slope": 5e-05, "uparea": 1863.0565981, "trend": "no trend", "ave_flux": 0.0032548, "continent": "Africa", "ord_stra": 5, "image_num": 366, "OWT": 3, "trend2": "increasing", "label": "River mouth 2273"}, "geometry": {"type": "Point", "coordinates": [48.42239703113182, -20.83135861602244]}}, {"id": "2201", "type": "Feature", "properties": {"ID": 2274, "width_mean": 190.0, "slope": 5.7e-05, "uparea": 2521.06264193, "trend": "no trend", "ave_flux": 0.00575391, "continent": "Africa", "ord_stra": 4, "image_num": 358, "OWT": 3, "trend2": "no trend", "label": "River mouth 2274"}, "geometry": {"type": "Point", "coordinates": [48.11795036092894, -21.78430560669486]}}, {"id": "2202", "type": "Feature", "properties": {"ID": 2275, "width_mean": 319.0, "slope": 0.000121, "uparea": 6791.05488784, "trend": "no trend", "ave_flux": 0.0180762, "continent": "Africa", "ord_stra": 5, "image_num": 350, "OWT": 3, "trend2": "no trend", "label": "River mouth 2275"}, "geometry": {"type": "Point", "coordinates": [48.29815527570252, -21.251171223613632]}}, {"id": "2203", "type": "Feature", "properties": {"ID": 2276, "width_mean": 97.0, "slope": 1.8e-05, "uparea": 47665.6339998, "trend": "no trend", "ave_flux": 0.00100416, "continent": "Oceania", "ord_stra": 6, "image_num": 809, "OWT": 2, "trend2": "increasing", "label": "River mouth 2276"}, "geometry": {"type": "Point", "coordinates": [116.09312999984968, -21.19500999991152]}}, {"id": "2204", "type": "Feature", "properties": {"ID": 2277, "width_mean": 97.0, "slope": 0.0, "uparea": 3470.94444782, "trend": "no trend", "ave_flux": 0.000158889, "continent": "Oceania", "ord_stra": 5, "image_num": 920, "OWT": 3, "trend2": "no trend", "label": "River mouth 2277"}, "geometry": {"type": "Point", "coordinates": [118.46896000010395, -20.370989999988467]}}, {"id": "2205", "type": "Feature", "properties": {"ID": 2278, "width_mean": 97.0, "slope": 0.0, "uparea": 8432.64455854, "trend": "no trend", "ave_flux": 0.000237931, "continent": "Oceania", "ord_stra": 5, "image_num": 782, "OWT": 2, "trend2": "no trend", "label": "River mouth 2278"}, "geometry": {"type": "Point", "coordinates": [118.13310292690207, -20.427426684342613]}}, {"id": "2206", "type": "Feature", "properties": {"ID": 2279, "width_mean": 124.0, "slope": 0.0001, "uparea": 57542.8390199, "trend": "increasing", "ave_flux": 0.00358589, "continent": "Oceania", "ord_stra": 6, "image_num": 807, "OWT": 3, "trend2": "increasing", "label": "River mouth 2279"}, "geometry": {"type": "Point", "coordinates": [119.20551698364183, -20.043513015066512]}}, {"id": "2207", "type": "Feature", "properties": {"ID": 2280, "width_mean": 155.0, "slope": 3.7e-05, "uparea": 1398.40226702, "trend": "no trend", "ave_flux": 0.00181963, "continent": "Oceania", "ord_stra": 4, "image_num": 865, "OWT": 1, "trend2": "increasing", "label": "River mouth 2280"}, "geometry": {"type": "Point", "coordinates": [149.15595871274544, -21.14352059269722]}}, {"id": "2208", "type": "Feature", "properties": {"ID": 2281, "width_mean": 72.0, "slope": 0.0, "uparea": 876.5459784150485, "trend": "no trend", "ave_flux": 0.000336696, "continent": "Oceania", "ord_stra": 4, "image_num": 645, "OWT": 3, "trend2": "no trend", "label": "River mouth 2281"}, "geometry": {"type": "Point", "coordinates": [150.07226482908152, -22.67005198520374]}}, {"id": "2209", "type": "Feature", "properties": {"ID": 2282, "width_mean": 228.0, "slope": 0.0, "uparea": 1675.27642819, "trend": "no trend", "ave_flux": 0.000290296, "continent": "Oceania", "ord_stra": 4, "image_num": 733, "OWT": 1, "trend2": "no trend", "label": "River mouth 2282"}, "geometry": {"type": "Point", "coordinates": [151.20071780694605, -23.851885500162517]}}, {"id": "2210", "type": "Feature", "properties": {"ID": 2283, "width_mean": 271.0, "slope": 0.0, "uparea": 2311.30397981, "trend": "no trend", "ave_flux": 0.000500806, "continent": "Oceania", "ord_stra": 4, "image_num": 687, "OWT": 3, "trend2": "no trend", "label": "River mouth 2283"}, "geometry": {"type": "Point", "coordinates": [151.33135031528911, -23.976994848177483]}}, {"id": "2211", "type": "Feature", "properties": {"ID": 2284, "width_mean": 498.0, "slope": 0.0, "uparea": 1473.10319467, "trend": "no trend", "ave_flux": 0.000312875, "continent": "Oceania", "ord_stra": 4, "image_num": 735, "OWT": 1, "trend2": "no trend", "label": "River mouth 2284"}, "geometry": {"type": "Point", "coordinates": [150.79646253298085, -23.58475283265317]}}, {"id": "2212", "type": "Feature", "properties": {"ID": 2285, "width_mean": 1237.0, "slope": 0.0005, "uparea": 140456.175957, "trend": "no trend", "ave_flux": 0.0274418, "continent": "Oceania", "ord_stra": 4, "image_num": 736, "OWT": 1, "trend2": "increasing", "label": "River mouth 2285"}, "geometry": {"type": "Point", "coordinates": [150.8137817886396, -23.513887879828953]}}, {"id": "2213", "type": "Feature", "properties": {"ID": 2286, "width_mean": 124.0, "slope": 3e-06, "uparea": 446.81719519616854, "trend": "no trend", "ave_flux": 0.00143607, "continent": "Oceania", "ord_stra": 4, "image_num": 59, "OWT": 3, "trend2": "no trend", "label": "River mouth 2286"}, "geometry": {"type": "Point", "coordinates": [164.3388199996433, -20.32684999962771]}}, {"id": "2214", "type": "Feature", "properties": {"ID": 2287, "width_mean": 97.0, "slope": 0.000167, "uparea": 2009.43811006, "trend": "increasing", "ave_flux": 0.00858414, "continent": "South America", "ord_stra": 5, "image_num": 410, "OWT": 2, "trend2": "increasing", "label": "River mouth 2287"}, "geometry": {"type": "Point", "coordinates": [-48.74432308864449, -26.55308413749062]}}, {"id": "2215", "type": "Feature", "properties": {"ID": 2288, "width_mean": 124.0, "slope": 0.000333, "uparea": 13154.3269213, "trend": "no trend", "ave_flux": 0.0433714, "continent": "South America", "ord_stra": 6, "image_num": 435, "OWT": 3, "trend2": "no trend", "label": "River mouth 2288"}, "geometry": {"type": "Point", "coordinates": [-48.72014773044275, -26.856761704531507]}}, {"id": "2216", "type": "Feature", "properties": {"ID": 2289, "width_mean": 50.0, "slope": 5e-06, "uparea": 287.7382015391676, "trend": "no trend", "ave_flux": 0.00092, "continent": "South America", "ord_stra": 4, "image_num": 769, "OWT": 1, "trend2": "no trend", "label": "River mouth 2289"}, "geometry": {"type": "Point", "coordinates": [-47.45802318225639, -24.56519542089037]}}, {"id": "2217", "type": "Feature", "properties": {"ID": 2290, "width_mean": 72.0, "slope": 0.0, "uparea": 413.6897184218106, "trend": "no trend", "ave_flux": 0.00133106, "continent": "South America", "ord_stra": 4, "image_num": 511, "OWT": 2, "trend2": "no trend", "label": "River mouth 2290"}, "geometry": {"type": "Point", "coordinates": [-46.770910000196295, -24.065110000226298]}}, {"id": "2218", "type": "Feature", "properties": {"ID": 2291, "width_mean": 97.0, "slope": 4e-06, "uparea": 430.00328052477334, "trend": "no trend", "ave_flux": 0.000648469, "continent": "South America", "ord_stra": 4, "image_num": 434, "OWT": 2, "trend2": "no trend", "label": "River mouth 2291"}, "geometry": {"type": "Point", "coordinates": [-47.13908779489017, -24.428829618711614]}}, {"id": "2219", "type": "Feature", "properties": {"ID": 2292, "width_mean": 190.0, "slope": 0.001222, "uparea": 21262.2237771, "trend": "no trend", "ave_flux": 0.0835029, "continent": "South America", "ord_stra": 6, "image_num": 830, "OWT": 3, "trend2": "increasing", "label": "River mouth 2292"}, "geometry": {"type": "Point", "coordinates": [-47.67380000036968, -24.657410000071422]}}, {"id": "2220", "type": "Feature", "properties": {"ID": 2293, "width_mean": 124.0, "slope": 0.001, "uparea": 402912.019233, "trend": "increasing", "ave_flux": 0.0355036, "continent": "Africa", "ord_stra": 7, "image_num": 466, "OWT": 3, "trend2": "increasing", "label": "River mouth 2293"}, "geometry": {"type": "Point", "coordinates": [33.58091165662266, -25.07855332663178]}}, {"id": "2221", "type": "Feature", "properties": {"ID": 2294, "width_mean": 155.0, "slope": 7e-05, "uparea": 44311.8465417, "trend": "no trend", "ave_flux": 0.0103836, "continent": "Africa", "ord_stra": 6, "image_num": 464, "OWT": 3, "trend2": "no trend", "label": "River mouth 2294"}, "geometry": {"type": "Point", "coordinates": [32.70675955130878, -25.691173971875507]}}, {"id": "2222", "type": "Feature", "properties": {"ID": 2295, "width_mean": 228.0, "slope": -0.000626, "uparea": 30089.0957221, "trend": "decreasing", "ave_flux": 0.0224757, "continent": "Africa", "ord_stra": 6, "image_num": 405, "OWT": 3, "trend2": "decreasing", "label": "River mouth 2295"}, "geometry": {"type": "Point", "coordinates": [32.69857286011237, -26.333278150608166]}}, {"id": "2223", "type": "Feature", "properties": {"ID": 2296, "width_mean": 72.0, "slope": 0.0, "uparea": 506.6532699971602, "trend": "no trend", "ave_flux": 0.000167704, "continent": "Africa", "ord_stra": 4, "image_num": 419, "OWT": 2, "trend2": "no trend", "label": "River mouth 2296"}, "geometry": {"type": "Point", "coordinates": [46.8686785853216, -24.974626533663738]}}, {"id": "2224", "type": "Feature", "properties": {"ID": 2297, "width_mean": 72.0, "slope": 1.8e-05, "uparea": 8159.51845944, "trend": "no trend", "ave_flux": 0.00201083, "continent": "Africa", "ord_stra": 4, "image_num": 448, "OWT": 2, "trend2": "no trend", "label": "River mouth 2297"}, "geometry": {"type": "Point", "coordinates": [44.5011741535545, -25.234379827658987]}}, {"id": "2225", "type": "Feature", "properties": {"ID": 2298, "width_mean": 124.0, "slope": -3.3e-05, "uparea": 12207.9900874, "trend": "no trend", "ave_flux": 0.00819994, "continent": "Africa", "ord_stra": 5, "image_num": 872, "OWT": 3, "trend2": "decreasing", "label": "River mouth 2298"}, "geometry": {"type": "Point", "coordinates": [46.40207828694698, -25.10868877373875]}}, {"id": "2226", "type": "Feature", "properties": {"ID": 2299, "width_mean": 155.0, "slope": -2.5e-05, "uparea": 2223.0227727, "trend": "no trend", "ave_flux": 0.00247178, "continent": "Africa", "ord_stra": 5, "image_num": 384, "OWT": 3, "trend2": "decreasing", "label": "River mouth 2299"}, "geometry": {"type": "Point", "coordinates": [47.316091160495716, -24.26737609827952]}}, {"id": "2227", "type": "Feature", "properties": {"ID": 2300, "width_mean": 432.0, "slope": 8e-06, "uparea": 987.8121268051317, "trend": "no trend", "ave_flux": 0.0013092, "continent": "Africa", "ord_stra": 4, "image_num": 375, "OWT": 3, "trend2": "no trend", "label": "River mouth 2300"}, "geometry": {"type": "Point", "coordinates": [47.42998315902476, -24.02842600804319]}}, {"id": "2228", "type": "Feature", "properties": {"ID": 2301, "width_mean": 228.0, "slope": 2e-05, "uparea": 77293.5438616, "trend": "no trend", "ave_flux": 0.0022356, "continent": "Oceania", "ord_stra": 6, "image_num": 754, "OWT": 1, "trend2": "no trend", "label": "River mouth 2301"}, "geometry": {"type": "Point", "coordinates": [114.20597000041528, -27.650560000143855]}}, {"id": "2229", "type": "Feature", "properties": {"ID": 2302, "width_mean": 50.0, "slope": 5e-05, "uparea": 2611.30449304, "trend": "no trend", "ave_flux": 0.00268049, "continent": "Oceania", "ord_stra": 4, "image_num": 694, "OWT": 2, "trend2": "increasing", "label": "River mouth 2302"}, "geometry": {"type": "Point", "coordinates": [153.14190999994662, -27.708589999828575]}}, {"id": "2230", "type": "Feature", "properties": {"ID": 2303, "width_mean": 155.0, "slope": -1e-05, "uparea": 33043.4711467, "trend": "no trend", "ave_flux": 0.00263363, "continent": "Oceania", "ord_stra": 6, "image_num": 711, "OWT": 1, "trend2": "no trend", "label": "River mouth 2303"}, "geometry": {"type": "Point", "coordinates": [152.36387048696471, -24.79923722563469]}}, {"id": "2231", "type": "Feature", "properties": {"ID": 2304, "width_mean": 228.0, "slope": 3e-06, "uparea": 2460.50128153, "trend": "no trend", "ave_flux": 0.00046, "continent": "Oceania", "ord_stra": 4, "image_num": 707, "OWT": 1, "trend2": "no trend", "label": "River mouth 2304"}, "geometry": {"type": "Point", "coordinates": [152.1846800002819, -24.72153999957129]}}, {"id": "2232", "type": "Feature", "properties": {"ID": 2305, "width_mean": 228.0, "slope": -6e-06, "uparea": 12958.1281013, "trend": "no trend", "ave_flux": 0.00185263, "continent": "Oceania", "ord_stra": 5, "image_num": 625, "OWT": 1, "trend2": "no trend", "label": "River mouth 2305"}, "geometry": {"type": "Point", "coordinates": [153.0565800003668, -27.470040000445636]}}, {"id": "2233", "type": "Feature", "properties": {"ID": 2306, "width_mean": 271.0, "slope": 0.0, "uparea": 354.0260347009572, "trend": "no trend", "ave_flux": 0.000171217, "continent": "Oceania", "ord_stra": 4, "image_num": 667, "OWT": 1, "trend2": "no trend", "label": "River mouth 2306"}, "geometry": {"type": "Point", "coordinates": [153.01660576309416, -27.289632962805236]}}, {"id": "2234", "type": "Feature", "properties": {"ID": 2307, "width_mean": 271.0, "slope": 0.0, "uparea": 2382.50915777, "trend": "no trend", "ave_flux": 0.000499257, "continent": "Oceania", "ord_stra": 4, "image_num": 734, "OWT": 1, "trend2": "no trend", "label": "River mouth 2307"}, "geometry": {"type": "Point", "coordinates": [152.03136999992557, -24.524479999752145]}}, {"id": "2235", "type": "Feature", "properties": {"ID": 2308, "width_mean": 319.0, "slope": 6e-06, "uparea": 1412.72923914, "trend": "no trend", "ave_flux": 0.000328034, "continent": "Oceania", "ord_stra": 5, "image_num": 641, "OWT": 1, "trend2": "increasing", "label": "River mouth 2308"}, "geometry": {"type": "Point", "coordinates": [152.54601628334902, -25.1972424113935]}}, {"id": "2236", "type": "Feature", "properties": {"ID": 2309, "width_mean": 655.0, "slope": 5.6e-05, "uparea": 7540.54599458, "trend": "no trend", "ave_flux": 0.00294457, "continent": "Oceania", "ord_stra": 5, "image_num": 1366, "OWT": 3, "trend2": "increasing", "label": "River mouth 2309"}, "geometry": {"type": "Point", "coordinates": [152.78360785306242, -25.505859025453724]}}, {"id": "2237", "type": "Feature", "properties": {"ID": 2310, "width_mean": 124.0, "slope": 0.000112, "uparea": 6655.50140867, "trend": "no trend", "ave_flux": 0.00914289, "continent": "South America", "ord_stra": 5, "image_num": 633, "OWT": 4, "trend2": "no trend", "label": "River mouth 2310"}, "geometry": {"type": "Point", "coordinates": [-71.11252893650435, -29.957193550407034]}}, {"id": "2238", "type": "Feature", "properties": {"ID": 2311, "width_mean": 228.0, "slope": -0.000272, "uparea": 9425.55012423, "trend": "decreasing", "ave_flux": 0.0100923, "continent": "South America", "ord_stra": 5, "image_num": 573, "OWT": 4, "trend2": "decreasing", "label": "River mouth 2311"}, "geometry": {"type": "Point", "coordinates": [-71.47851000003641, -30.653620000362707]}}, {"id": "2239", "type": "Feature", "properties": {"ID": 2312, "width_mean": 97.0, "slope": 2.5e-05, "uparea": 16139.3069647, "trend": "no trend", "ave_flux": 0.0271433, "continent": "South America", "ord_stra": 6, "image_num": 583, "OWT": 2, "trend2": "no trend", "label": "River mouth 2312"}, "geometry": {"type": "Point", "coordinates": [-51.81740920560546, -31.155134229988825]}}, {"id": "2240", "type": "Feature", "properties": {"ID": 2313, "width_mean": 155.0, "slope": 6e-05, "uparea": 2712.69534606, "trend": "no trend", "ave_flux": 0.00569369, "continent": "South America", "ord_stra": 6, "image_num": 434, "OWT": 1, "trend2": "no trend", "label": "River mouth 2313"}, "geometry": {"type": "Point", "coordinates": [-49.414983180570566, -28.917327027810195]}}, {"id": "2241", "type": "Feature", "properties": {"ID": 2314, "width_mean": 228.0, "slope": 0.0008, "uparea": 56060.3007917, "trend": "no trend", "ave_flux": 0.109831, "continent": "South America", "ord_stra": 7, "image_num": 1140, "OWT": 3, "trend2": "no trend", "label": "River mouth 2314"}, "geometry": {"type": "Point", "coordinates": [-52.35509541694236, -31.799067391533868]}}, {"id": "2242", "type": "Feature", "properties": {"ID": 2315, "width_mean": 1094.0, "slope": -0.010902, "uparea": 71667.2357957, "trend": "decreasing", "ave_flux": 0.231075, "continent": "South America", "ord_stra": 7, "image_num": 632, "OWT": 3, "trend2": "decreasing", "label": "River mouth 2315"}, "geometry": {"type": "Point", "coordinates": [-51.47983000015432, -29.932840000365672]}}, {"id": "2243", "type": "Feature", "properties": {"ID": 2316, "width_mean": 124.0, "slope": 0.00025, "uparea": 888555.761417, "trend": "no trend", "ave_flux": 0.0656715, "continent": "Africa", "ord_stra": 9, "image_num": 695, "OWT": 3, "trend2": "no trend", "label": "River mouth 2316"}, "geometry": {"type": "Point", "coordinates": [16.635100595675976, -28.493496721557353]}}, {"id": "2244", "type": "Feature", "properties": {"ID": 2317, "width_mean": 50.0, "slope": -3.3e-05, "uparea": 2471.49387172, "trend": "decreasing", "ave_flux": 0.00137817, "continent": "Africa", "ord_stra": 4, "image_num": 667, "OWT": 2, "trend2": "decreasing", "label": "River mouth 2317"}, "geometry": {"type": "Point", "coordinates": [29.074162501405198, -31.88189369969265]}}, {"id": "2245", "type": "Feature", "properties": {"ID": 2318, "width_mean": 124.0, "slope": -0.000385, "uparea": 19839.984526, "trend": "decreasing", "ave_flux": 0.0259395, "continent": "Africa", "ord_stra": 6, "image_num": 683, "OWT": 2, "trend2": "decreasing", "label": "River mouth 2318"}, "geometry": {"type": "Point", "coordinates": [29.464739999551398, -31.558269999860556]}}, {"id": "2246", "type": "Feature", "properties": {"ID": 2319, "width_mean": 50.0, "slope": -0.000199, "uparea": 9283.42565578, "trend": "decreasing", "ave_flux": 0.007769, "continent": "Africa", "ord_stra": 5, "image_num": 314, "OWT": 2, "trend2": "decreasing", "label": "River mouth 2319"}, "geometry": {"type": "Point", "coordinates": [32.29870418411079, -28.455191372859748]}}, {"id": "2247", "type": "Feature", "properties": {"ID": 2320, "width_mean": 72.0, "slope": -9e-05, "uparea": 2529.69104299, "trend": "decreasing", "ave_flux": 0.00191094, "continent": "Africa", "ord_stra": 4, "image_num": 652, "OWT": 2, "trend2": "decreasing", "label": "River mouth 2320"}, "geometry": {"type": "Point", "coordinates": [31.267500000025052, -29.37850999963672]}}, {"id": "2248", "type": "Feature", "properties": {"ID": 2321, "width_mean": 72.0, "slope": -2.3e-05, "uparea": 3647.05161857, "trend": "decreasing", "ave_flux": 0.000922903, "continent": "Africa", "ord_stra": 4, "image_num": 306, "OWT": 3, "trend2": "decreasing", "label": "River mouth 2321"}, "geometry": {"type": "Point", "coordinates": [32.01859399954279, -28.809222000258004]}}, {"id": "2249", "type": "Feature", "properties": {"ID": 2322, "width_mean": 72.0, "slope": 0.0, "uparea": 4185.36185383, "trend": "no trend", "ave_flux": 0.00726603, "continent": "Africa", "ord_stra": 4, "image_num": 388, "OWT": 2, "trend2": "no trend", "label": "River mouth 2322"}, "geometry": {"type": "Point", "coordinates": [30.681906043876424, -30.14792477179009]}}, {"id": "2250", "type": "Feature", "properties": {"ID": 2323, "width_mean": 97.0, "slope": -1.1e-05, "uparea": 5871.42256345, "trend": "no trend", "ave_flux": 0.0100111, "continent": "Africa", "ord_stra": 5, "image_num": 379, "OWT": 2, "trend2": "no trend", "label": "River mouth 2323"}, "geometry": {"type": "Point", "coordinates": [30.366249999937622, -30.66543999955627]}}, {"id": "2251", "type": "Feature", "properties": {"ID": 2324, "width_mean": 155.0, "slope": 9.6e-05, "uparea": 28919.6637025, "trend": "no trend", "ave_flux": 0.040931, "continent": "Africa", "ord_stra": 6, "image_num": 679, "OWT": 2, "trend2": "no trend", "label": "River mouth 2324"}, "geometry": {"type": "Point", "coordinates": [31.44271357168777, -29.19273990527322]}}, {"id": "2252", "type": "Feature", "properties": {"ID": 2325, "width_mean": 190.0, "slope": -7e-06, "uparea": 9062.91388487, "trend": "no trend", "ave_flux": 0.0010704, "continent": "Africa", "ord_stra": 5, "image_num": 312, "OWT": 3, "trend2": "decreasing", "label": "River mouth 2325"}, "geometry": {"type": "Point", "coordinates": [32.41828000042176, -28.27723000036417]}}, {"id": "2253", "type": "Feature", "properties": {"ID": 2326, "width_mean": 97.0, "slope": 0.0, "uparea": 485.2496801858802, "trend": "no trend", "ave_flux": 0.000484, "continent": "Oceania", "ord_stra": 4, "image_num": 636, "OWT": 2, "trend2": "no trend", "label": "River mouth 2326"}, "geometry": {"type": "Point", "coordinates": [152.90843426158543, -30.668779021552876]}}, {"id": "2254", "type": "Feature", "properties": {"ID": 2327, "width_mean": 97.0, "slope": -1.4e-05, "uparea": 10624.0021797, "trend": "no trend", "ave_flux": 0.00492711, "continent": "Oceania", "ord_stra": 5, "image_num": 1019, "OWT": 3, "trend2": "no trend", "label": "River mouth 2327"}, "geometry": {"type": "Point", "coordinates": [152.9853637058594, -30.961232031838456]}}, {"id": "2255", "type": "Feature", "properties": {"ID": 2328, "width_mean": 124.0, "slope": 0.0, "uparea": 984.19656871054, "trend": "no trend", "ave_flux": 0.000369688, "continent": "Oceania", "ord_stra": 5, "image_num": 920, "OWT": 1, "trend2": "no trend", "label": "River mouth 2328"}, "geometry": {"type": "Point", "coordinates": [152.8237285158525, -31.40775391800845]}}, {"id": "2256", "type": "Feature", "properties": {"ID": 2329, "width_mean": 190.0, "slope": 0.0, "uparea": 685.2716604486642, "trend": "no trend", "ave_flux": 0.000534375, "continent": "Oceania", "ord_stra": 4, "image_num": 704, "OWT": 1, "trend2": "no trend", "label": "River mouth 2329"}, "geometry": {"type": "Point", "coordinates": [153.53391241057878, -28.24183083181512]}}, {"id": "2257", "type": "Feature", "properties": {"ID": 2330, "width_mean": 271.0, "slope": -1.1e-05, "uparea": 7518.34267989, "trend": "no trend", "ave_flux": 0.0038686, "continent": "Oceania", "ord_stra": 5, "image_num": 773, "OWT": 1, "trend2": "no trend", "label": "River mouth 2330"}, "geometry": {"type": "Point", "coordinates": [152.55944993092768, -31.939306262336885]}}, {"id": "2258", "type": "Feature", "properties": {"ID": 2331, "width_mean": 319.0, "slope": 1.8e-05, "uparea": 6487.81070327, "trend": "no trend", "ave_flux": 0.00242857, "continent": "Oceania", "ord_stra": 5, "image_num": 911, "OWT": 1, "trend2": "no trend", "label": "River mouth 2331"}, "geometry": {"type": "Point", "coordinates": [153.5465053789616, -28.872198275556435]}}, {"id": "2259", "type": "Feature", "properties": {"ID": 2332, "width_mean": 498.0, "slope": 5.3e-05, "uparea": 20537.0743349, "trend": "no trend", "ave_flux": 0.00749991, "continent": "Oceania", "ord_stra": 6, "image_num": 939, "OWT": 1, "trend2": "no trend", "label": "River mouth 2332"}, "geometry": {"type": "Point", "coordinates": [153.24332745199752, -29.43013500346822]}}, {"id": "2260", "type": "Feature", "properties": {"ID": 2333, "width_mean": 190.0, "slope": 0.000284, "uparea": 5701.79486907, "trend": "no trend", "ave_flux": 0.0167158, "continent": "South America", "ord_stra": 5, "image_num": 988, "OWT": 3, "trend2": "no trend", "label": "River mouth 2333"}, "geometry": {"type": "Point", "coordinates": [-72.06979909372319, -35.040084001229154]}}, {"id": "2261", "type": "Feature", "properties": {"ID": 2334, "width_mean": 228.0, "slope": 0.001759, "uparea": 20861.2081515, "trend": "increasing", "ave_flux": 0.0550057, "continent": "South America", "ord_stra": 6, "image_num": 980, "OWT": 1, "trend2": "increasing", "label": "River mouth 2334"}, "geometry": {"type": "Point", "coordinates": [-72.31578421225967, -35.37555832855013]}}, {"id": "2262", "type": "Feature", "properties": {"ID": 2335, "width_mean": 124.0, "slope": -8.7e-05, "uparea": 6382.25070817, "trend": "no trend", "ave_flux": 0.0122099, "continent": "South America", "ord_stra": 4, "image_num": 1002, "OWT": 2, "trend2": "no trend", "label": "River mouth 2335"}, "geometry": {"type": "Point", "coordinates": [-71.39486344716282, -32.919336869653485]}}, {"id": "2263", "type": "Feature", "properties": {"ID": 2336, "width_mean": 155.0, "slope": 0.000314, "uparea": 12383.4670941, "trend": "no trend", "ave_flux": 0.0441374, "continent": "South America", "ord_stra": 6, "image_num": 1097, "OWT": 2, "trend2": "no trend", "label": "River mouth 2336"}, "geometry": {"type": "Point", "coordinates": [-71.55580000026976, -33.708960000403636]}}, {"id": "2264", "type": "Feature", "properties": {"ID": 2337, "width_mean": 319.0, "slope": 0.000524, "uparea": 13356.8400587, "trend": "no trend", "ave_flux": 0.0328541, "continent": "South America", "ord_stra": 6, "image_num": 1088, "OWT": 3, "trend2": "no trend", "label": "River mouth 2337"}, "geometry": {"type": "Point", "coordinates": [-71.72231400861509, -33.95632518227765]}}, {"id": "2265", "type": "Feature", "properties": {"ID": 2338, "width_mean": 124.0, "slope": 4e-06, "uparea": 1684.68959152, "trend": "no trend", "ave_flux": 0.00150146, "continent": "South America", "ord_stra": 4, "image_num": 573, "OWT": 2, "trend2": "no trend", "label": "River mouth 2338"}, "geometry": {"type": "Point", "coordinates": [-57.316880000111894, -34.37164999974766]}}, {"id": "2266", "type": "Feature", "properties": {"ID": 2339, "width_mean": 124.0, "slope": 2.3e-05, "uparea": 6375.83643439, "trend": "no trend", "ave_flux": 0.0102171, "continent": "South America", "ord_stra": 5, "image_num": 606, "OWT": 2, "trend2": "no trend", "label": "River mouth 2339"}, "geometry": {"type": "Point", "coordinates": [-58.49595148047845, -32.98599971353424]}}, {"id": "2267", "type": "Feature", "properties": {"ID": 2340, "width_mean": 124.0, "slope": 0.000492, "uparea": 185494.381082, "trend": "no trend", "ave_flux": 0.0464126, "continent": "South America", "ord_stra": 4, "image_num": 604, "OWT": 2, "trend2": "increasing", "label": "River mouth 2340"}, "geometry": {"type": "Point", "coordinates": [-57.565465502040986, -35.96115095675599]}}, {"id": "2268", "type": "Feature", "properties": {"ID": 2341, "width_mean": 155.0, "slope": -5e-06, "uparea": 1105.63339051, "trend": "no trend", "ave_flux": 0.000771486, "continent": "South America", "ord_stra": 4, "image_num": 572, "OWT": 2, "trend2": "decreasing", "label": "River mouth 2341"}, "geometry": {"type": "Point", "coordinates": [-55.423695224931095, -34.74997551417716]}}, {"id": "2269", "type": "Feature", "properties": {"ID": 2342, "width_mean": 155.0, "slope": 0.0, "uparea": 1493.22917643, "trend": "no trend", "ave_flux": 0.00166, "continent": "South America", "ord_stra": 4, "image_num": 1099, "OWT": 2, "trend2": "no trend", "label": "River mouth 2342"}, "geometry": {"type": "Point", "coordinates": [-57.94403417335175, -34.24293450234562]}}, {"id": "2270", "type": "Feature", "properties": {"ID": 2343, "width_mean": 271.0, "slope": 0.000207, "uparea": 12898.3747588, "trend": "no trend", "ave_flux": 0.0160686, "continent": "South America", "ord_stra": 5, "image_num": 1143, "OWT": 3, "trend2": "no trend", "label": "River mouth 2343"}, "geometry": {"type": "Point", "coordinates": [-56.387103520922416, -34.70325874286725]}}, {"id": "2271", "type": "Feature", "properties": {"ID": 2344, "width_mean": 432.0, "slope": -0.002847, "uparea": 70277.2679757, "trend": "decreasing", "ave_flux": 0.0895992, "continent": "South America", "ord_stra": 6, "image_num": 634, "OWT": 3, "trend2": "decreasing", "label": "River mouth 2344"}, "geometry": {"type": "Point", "coordinates": [-58.24591916388477, -33.32281616066631]}}, {"id": "2272", "type": "Feature", "properties": {"ID": 2345, "width_mean": 498.0, "slope": -0.000126, "uparea": 5654.70538623, "trend": "decreasing", "ave_flux": 0.00409637, "continent": "South America", "ord_stra": 4, "image_num": 600, "OWT": 3, "trend2": "decreasing", "label": "River mouth 2345"}, "geometry": {"type": "Point", "coordinates": [-58.6427646100581, -34.26765473983772]}}, {"id": "2273", "type": "Feature", "properties": {"ID": 2346, "width_mean": 655.0, "slope": 0.04892, "uparea": 2584448.94833, "trend": "no trend", "ave_flux": 5.35227, "continent": "South America", "ord_stra": 9, "image_num": 1307, "OWT": 3, "trend2": "increasing", "label": "River mouth 2346"}, "geometry": {"type": "Point", "coordinates": [-59.19671952085256, -33.73440086843474]}}, {"id": "2274", "type": "Feature", "properties": {"ID": 2347, "width_mean": 1774.0, "slope": -0.031818, "uparea": 264787.768525, "trend": "decreasing", "ave_flux": 0.668755, "continent": "South America", "ord_stra": 7, "image_num": 698, "OWT": 3, "trend2": "decreasing", "label": "River mouth 2347"}, "geometry": {"type": "Point", "coordinates": [-58.17355826689463, -32.624217264143454]}}, {"id": "2275", "type": "Feature", "properties": {"ID": 2348, "width_mean": 72.0, "slope": 1.5e-05, "uparea": 1372.65077716, "trend": "no trend", "ave_flux": 0.00114, "continent": "South America", "ord_stra": 4, "image_num": 509, "OWT": 3, "trend2": "no trend", "label": "River mouth 2348"}, "geometry": {"type": "Point", "coordinates": [-53.84762999972469, -34.357580000216785]}}, {"id": "2276", "type": "Feature", "properties": {"ID": 2351, "width_mean": 97.0, "slope": -9.1e-05, "uparea": 7021.201501, "trend": "decreasing", "ave_flux": 0.0022119, "continent": "Africa", "ord_stra": 5, "image_num": 772, "OWT": 3, "trend2": "decreasing", "label": "River mouth 2351"}, "geometry": {"type": "Point", "coordinates": [18.209069999780695, -32.81943000029423]}}, {"id": "2277", "type": "Feature", "properties": {"ID": 2352, "width_mean": 124.0, "slope": -1.1e-05, "uparea": 44750.2972932, "trend": "decreasing", "ave_flux": 0.000463107, "continent": "Africa", "ord_stra": 6, "image_num": 340, "OWT": 3, "trend2": "decreasing", "label": "River mouth 2352"}, "geometry": {"type": "Point", "coordinates": [21.83568679591231, -34.31936509990187]}}, {"id": "2278", "type": "Feature", "properties": {"ID": 2354, "width_mean": 271.0, "slope": -0.0001, "uparea": 11709.1810514, "trend": "decreasing", "ave_flux": 0.00284357, "continent": "Africa", "ord_stra": 5, "image_num": 684, "OWT": 3, "trend2": "decreasing", "label": "River mouth 2354"}, "geometry": {"type": "Point", "coordinates": [20.76732729266476, -34.3951417870283]}}, {"id": "2279", "type": "Feature", "properties": {"ID": 2355, "width_mean": 50.0, "slope": 3.3e-05, "uparea": 30028.2263869, "trend": "no trend", "ave_flux": 0.0028584, "continent": "Africa", "ord_stra": 5, "image_num": 717, "OWT": 3, "trend2": "no trend", "label": "River mouth 2355"}, "geometry": {"type": "Point", "coordinates": [27.069371566213913, -33.44556681613269]}}, {"id": "2280", "type": "Feature", "properties": {"ID": 2356, "width_mean": 72.0, "slope": -0.000305, "uparea": 18939.1484742, "trend": "decreasing", "ave_flux": 0.00831566, "continent": "Africa", "ord_stra": 6, "image_num": 387, "OWT": 2, "trend2": "decreasing", "label": "River mouth 2356"}, "geometry": {"type": "Point", "coordinates": [28.211319171971798, -32.57480553465455]}}, {"id": "2281", "type": "Feature", "properties": {"ID": 2359, "width_mean": 97.0, "slope": -0.000147, "uparea": 6049.20143515, "trend": "decreasing", "ave_flux": 0.00471103, "continent": "Africa", "ord_stra": 5, "image_num": 420, "OWT": 2, "trend2": "decreasing", "label": "River mouth 2359"}, "geometry": {"type": "Point", "coordinates": [28.85453000025933, -32.20638000043664]}}, {"id": "2282", "type": "Feature", "properties": {"ID": 2362, "width_mean": 124.0, "slope": -4e-06, "uparea": 34511.5830787, "trend": "decreasing", "ave_flux": 0.000478914, "continent": "Africa", "ord_stra": 6, "image_num": 182, "OWT": 3, "trend2": "decreasing", "label": "River mouth 2362"}, "geometry": {"type": "Point", "coordinates": [25.015917222627564, -33.93907869608117]}}, {"id": "2283", "type": "Feature", "properties": {"ID": 2363, "width_mean": 50.0, "slope": -7e-06, "uparea": 9535.40667465, "trend": "no trend", "ave_flux": 0.00281631, "continent": "Oceania", "ord_stra": 5, "image_num": 1361, "OWT": 4, "trend2": "no trend", "label": "River mouth 2363"}, "geometry": {"type": "Point", "coordinates": [115.83073477698198, -32.595627114609925]}}, {"id": "2284", "type": "Feature", "properties": {"ID": 2364, "width_mean": 190.0, "slope": -5e-06, "uparea": 21039.7223606, "trend": "no trend", "ave_flux": 0.000573172, "continent": "Oceania", "ord_stra": 6, "image_num": 1191, "OWT": 2, "trend2": "no trend", "label": "River mouth 2364"}, "geometry": {"type": "Point", "coordinates": [115.2127600003738, -34.18967000017034]}}, {"id": "2285", "type": "Feature", "properties": {"ID": 2365, "width_mean": 498.0, "slope": 0.0, "uparea": 6189.77169694, "trend": "no trend", "ave_flux": 0.000115909, "continent": "Oceania", "ord_stra": 5, "image_num": 512, "OWT": 3, "trend2": "no trend", "label": "River mouth 2365"}, "geometry": {"type": "Point", "coordinates": [118.8459712316559, -34.457995051185044]}}, {"id": "2286", "type": "Feature", "properties": {"ID": 2366, "width_mean": 1237.0, "slope": 3.8e-05, "uparea": 112778.70904, "trend": "no trend", "ave_flux": 0.00391389, "continent": "Oceania", "ord_stra": 7, "image_num": 437, "OWT": 1, "trend2": "no trend", "label": "River mouth 2366"}, "geometry": {"type": "Point", "coordinates": [115.74795057878927, -32.045188861998916]}}, {"id": "2287", "type": "Feature", "properties": {"ID": 2367, "width_mean": 432.0, "slope": 0.00028, "uparea": 897775.493408, "trend": "no trend", "ave_flux": 0.118263, "continent": "Oceania", "ord_stra": 9, "image_num": 1268, "OWT": 1, "trend2": "no trend", "label": "River mouth 2367"}, "geometry": {"type": "Point", "coordinates": [139.39399522414755, -35.30235364984952]}}, {"id": "2288", "type": "Feature", "properties": {"ID": 2368, "width_mean": 124.0, "slope": -0.00012, "uparea": 6699.80382817, "trend": "decreasing", "ave_flux": 0.00373483, "continent": "Oceania", "ord_stra": 4, "image_num": 1163, "OWT": 3, "trend2": "decreasing", "label": "River mouth 2368"}, "geometry": {"type": "Point", "coordinates": [150.60687695314488, -34.863448806937924]}}, {"id": "2289", "type": "Feature", "properties": {"ID": 2369, "width_mean": 190.0, "slope": -1e-05, "uparea": 1424.75153771, "trend": "decreasing", "ave_flux": 0.000575457, "continent": "Oceania", "ord_stra": 4, "image_num": 1203, "OWT": 2, "trend2": "decreasing", "label": "River mouth 2369"}, "geometry": {"type": "Point", "coordinates": [150.16462000011302, -35.594989999888526]}}, {"id": "2290", "type": "Feature", "properties": {"ID": 2370, "width_mean": 228.0, "slope": -3e-06, "uparea": 1222.00921678, "trend": "no trend", "ave_flux": 0.000768457, "continent": "Oceania", "ord_stra": 4, "image_num": 1188, "OWT": 1, "trend2": "no trend", "label": "River mouth 2370"}, "geometry": {"type": "Point", "coordinates": [150.09278480868448, -35.90847442124525]}}, {"id": "2291", "type": "Feature", "properties": {"ID": 2371, "width_mean": 372.0, "slope": -9.9e-05, "uparea": 21145.545664, "trend": "decreasing", "ave_flux": 0.00335166, "continent": "Oceania", "ord_stra": 5, "image_num": 580, "OWT": 1, "trend2": "decreasing", "label": "River mouth 2371"}, "geometry": {"type": "Point", "coordinates": [151.76065371828835, -32.854077745047356]}}, {"id": "2292", "type": "Feature", "properties": {"ID": 2372, "width_mean": 747.0, "slope": 0.0, "uparea": 694.3413757109918, "trend": "no trend", "ave_flux": 0.000171625, "continent": "Oceania", "ord_stra": 4, "image_num": 1167, "OWT": 1, "trend2": "decreasing", "label": "River mouth 2372"}, "geometry": {"type": "Point", "coordinates": [151.10070120022564, -33.99644340058489]}}, {"id": "2293", "type": "Feature", "properties": {"ID": 2373, "width_mean": 1237.0, "slope": -0.00033, "uparea": 20548.2372258, "trend": "decreasing", "ave_flux": 0.00827083, "continent": "Oceania", "ord_stra": 4, "image_num": 1218, "OWT": 1, "trend2": "decreasing", "label": "River mouth 2373"}, "geometry": {"type": "Point", "coordinates": [151.23412989054157, -33.53204232084012]}}, {"id": "2294", "type": "Feature", "properties": {"ID": 2374, "width_mean": 1237.0, "slope": 0.0, "uparea": 849.7284409649268, "trend": "no trend", "ave_flux": 0.000327556, "continent": "Oceania", "ord_stra": 4, "image_num": 652, "OWT": 3, "trend2": "no trend", "label": "River mouth 2374"}, "geometry": {"type": "Point", "coordinates": [152.22239999956037, -32.602969999765605]}}, {"id": "2295", "type": "Feature", "properties": {"ID": 2375, "width_mean": 2244.0, "slope": 0.0, "uparea": 396.6542538663823, "trend": "no trend", "ave_flux": 0.000138824, "continent": "Oceania", "ord_stra": 4, "image_num": 699, "OWT": 1, "trend2": "decreasing", "label": "River mouth 2375"}, "geometry": {"type": "Point", "coordinates": [152.38926525903497, -32.18770751464004]}}, {"id": "2296", "type": "Feature", "properties": {"ID": 2377, "width_mean": 190.0, "slope": 0.001106, "uparea": 9997.50864841, "trend": "increasing", "ave_flux": 0.0364747, "continent": "South America", "ord_stra": 6, "image_num": 843, "OWT": 3, "trend2": "increasing", "label": "River mouth 2377"}, "geometry": {"type": "Point", "coordinates": [-72.77724999958775, -36.3997700001853]}}, {"id": "2297", "type": "Feature", "properties": {"ID": 2378, "width_mean": 228.0, "slope": 0.000663, "uparea": 8441.88259584, "trend": "increasing", "ave_flux": 0.0251327, "continent": "South America", "ord_stra": 5, "image_num": 779, "OWT": 3, "trend2": "increasing", "label": "River mouth 2378"}, "geometry": {"type": "Point", "coordinates": [-73.16747999970221, -39.157189999618765]}}, {"id": "2298", "type": "Feature", "properties": {"ID": 2379, "width_mean": 228.0, "slope": 0.000156, "uparea": 11781.2135443, "trend": "no trend", "ave_flux": 0.053256, "continent": "South America", "ord_stra": 6, "image_num": 817, "OWT": 1, "trend2": "no trend", "label": "River mouth 2379"}, "geometry": {"type": "Point", "coordinates": [-73.27910000026475, -38.69895000004243]}}, {"id": "2299", "type": "Feature", "properties": {"ID": 2380, "width_mean": 850.0, "slope": 0.0012, "uparea": 6786.72020915, "trend": "increasing", "ave_flux": 0.0495185, "continent": "South America", "ord_stra": 6, "image_num": 741, "OWT": 1, "trend2": "increasing", "label": "River mouth 2380"}, "geometry": {"type": "Point", "coordinates": [-73.32154853630003, -39.85747182484307]}}, {"id": "2300", "type": "Feature", "properties": {"ID": 2381, "width_mean": 1094.0, "slope": 0.000897, "uparea": 24202.6926653, "trend": "increasing", "ave_flux": 0.0549298, "continent": "South America", "ord_stra": 6, "image_num": 458, "OWT": 1, "trend2": "increasing", "label": "River mouth 2381"}, "geometry": {"type": "Point", "coordinates": [-73.04733744014015, -36.89496548014698]}}, {"id": "2301", "type": "Feature", "properties": {"ID": 2382, "width_mean": 155.0, "slope": -0.009188, "uparea": 304096.013231, "trend": "decreasing", "ave_flux": 0.228419, "continent": "South America", "ord_stra": 7, "image_num": 1041, "OWT": 3, "trend2": "decreasing", "label": "River mouth 2382"}, "geometry": {"type": "Point", "coordinates": [-62.24882775907818, -39.76036719432589]}}, {"id": "2302", "type": "Feature", "properties": {"ID": 2383, "width_mean": 50.0, "slope": -2.1e-05, "uparea": 9981.00353407, "trend": "decreasing", "ave_flux": 0.000931086, "continent": "South America", "ord_stra": 5, "image_num": 1050, "OWT": 4, "trend2": "decreasing", "label": "River mouth 2383"}, "geometry": {"type": "Point", "coordinates": [-58.75927957455235, -38.45767049951841]}}, {"id": "2303", "type": "Feature", "properties": {"ID": 2384, "width_mean": 97.0, "slope": 8e-06, "uparea": 10106.8730547, "trend": "no trend", "ave_flux": 0.00489714, "continent": "South America", "ord_stra": 4, "image_num": 1052, "OWT": 3, "trend2": "no trend", "label": "River mouth 2384"}, "geometry": {"type": "Point", "coordinates": [-56.94985331904128, -36.40023072181376]}}, {"id": "2304", "type": "Feature", "properties": {"ID": 2385, "width_mean": 72.0, "slope": -1.8e-05, "uparea": 12181.3885299, "trend": "decreasing", "ave_flux": 0.00139194, "continent": "Oceania", "ord_stra": 5, "image_num": 468, "OWT": 2, "trend2": "decreasing", "label": "River mouth 2385"}, "geometry": {"type": "Point", "coordinates": [141.0479499995929, -38.000259999799084]}}, {"id": "2305", "type": "Feature", "properties": {"ID": 2386, "width_mean": 72.0, "slope": 8.2e-05, "uparea": 13626.0566105, "trend": "no trend", "ave_flux": 0.00948014, "continent": "Oceania", "ord_stra": 5, "image_num": 1112, "OWT": 2, "trend2": "no trend", "label": "River mouth 2386"}, "geometry": {"type": "Point", "coordinates": [148.46460240987628, -37.72040380347017]}}, {"id": "2306", "type": "Feature", "properties": {"ID": 2387, "width_mean": 747.0, "slope": -2.4e-05, "uparea": 3474.17470381, "trend": "no trend", "ave_flux": 0.0104169, "continent": "Oceania", "ord_stra": 5, "image_num": 373, "OWT": 3, "trend2": "decreasing", "label": "River mouth 2387"}, "geometry": {"type": "Point", "coordinates": [173.96587335835414, -36.06170812563264]}}, {"id": "2307", "type": "Feature", "properties": {"ID": 2388, "width_mean": 50.0, "slope": -1e-06, "uparea": 2919.5171658, "trend": "no trend", "ave_flux": 0.00614478, "continent": "Oceania", "ord_stra": 4, "image_num": 341, "OWT": 3, "trend2": "no trend", "label": "River mouth 2388"}, "geometry": {"type": "Point", "coordinates": [176.85946999974078, -37.93002000002292]}}, {"id": "2308", "type": "Feature", "properties": {"ID": 2389, "width_mean": 72.0, "slope": 0.000105, "uparea": 2436.76621112, "trend": "increasing", "ave_flux": 0.00540277, "continent": "Oceania", "ord_stra": 5, "image_num": 648, "OWT": 3, "trend2": "increasing", "label": "River mouth 2389"}, "geometry": {"type": "Point", "coordinates": [177.16525000038723, -39.09768999959374]}}, {"id": "2309", "type": "Feature", "properties": {"ID": 2390, "width_mean": 72.0, "slope": 0.000161, "uparea": 1611.00022686, "trend": "no trend", "ave_flux": 0.0100989, "continent": "Oceania", "ord_stra": 5, "image_num": 350, "OWT": 1, "trend2": "no trend", "label": "River mouth 2390"}, "geometry": {"type": "Point", "coordinates": [176.97969384247375, -37.97900802590111]}}, {"id": "2310", "type": "Feature", "properties": {"ID": 2391, "width_mean": 72.0, "slope": -9e-06, "uparea": 1361.36115686, "trend": "no trend", "ave_flux": 0.00194016, "continent": "Oceania", "ord_stra": 4, "image_num": 362, "OWT": 2, "trend2": "decreasing", "label": "River mouth 2391"}, "geometry": {"type": "Point", "coordinates": [175.49720897011758, -37.230818476199666]}}, {"id": "2311", "type": "Feature", "properties": {"ID": 2392, "width_mean": 97.0, "slope": 8e-06, "uparea": 2490.83125292, "trend": "no trend", "ave_flux": 0.0025144, "continent": "Oceania", "ord_stra": 5, "image_num": 700, "OWT": 3, "trend2": "no trend", "label": "River mouth 2392"}, "geometry": {"type": "Point", "coordinates": [176.92231999956834, -39.647610000201325]}}, {"id": "2312", "type": "Feature", "properties": {"ID": 2393, "width_mean": 97.0, "slope": 0.0, "uparea": 2490.83125292, "trend": "no trend", "ave_flux": 0.00263694, "continent": "Oceania", "ord_stra": 4, "image_num": 692, "OWT": 1, "trend2": "no trend", "label": "River mouth 2393"}, "geometry": {"type": "Point", "coordinates": [176.8766835961084, -39.59542121138142]}}, {"id": "2313", "type": "Feature", "properties": {"ID": 2394, "width_mean": 97.0, "slope": 1.2e-05, "uparea": 1798.57965202, "trend": "no trend", "ave_flux": 0.00255886, "continent": "Oceania", "ord_stra": 5, "image_num": 349, "OWT": 1, "trend2": "no trend", "label": "River mouth 2394"}, "geometry": {"type": "Point", "coordinates": [177.93491111054698, -38.673219706002925]}}, {"id": "2314", "type": "Feature", "properties": {"ID": 2395, "width_mean": 124.0, "slope": 0.000109, "uparea": 3509.61811475, "trend": "increasing", "ave_flux": 0.00443383, "continent": "Oceania", "ord_stra": 5, "image_num": 698, "OWT": 1, "trend2": "increasing", "label": "River mouth 2395"}, "geometry": {"type": "Point", "coordinates": [177.4024517775288, -39.02323482335357]}}, {"id": "2315", "type": "Feature", "properties": {"ID": 2396, "width_mean": 155.0, "slope": 0.0001, "uparea": 1569.07815809, "trend": "no trend", "ave_flux": 0.013716, "continent": "Oceania", "ord_stra": 5, "image_num": 259, "OWT": 3, "trend2": "increasing", "label": "River mouth 2396"}, "geometry": {"type": "Point", "coordinates": [178.4334354501934, -37.79809737198788]}}, {"id": "2316", "type": "Feature", "properties": {"ID": 2397, "width_mean": 228.0, "slope": 5.6e-05, "uparea": 1984.34909656, "trend": "no trend", "ave_flux": 0.00522294, "continent": "Oceania", "ord_stra": 4, "image_num": 324, "OWT": 1, "trend2": "increasing", "label": "River mouth 2397"}, "geometry": {"type": "Point", "coordinates": [175.5559975471759, -37.181383584717366]}}, {"id": "2317", "type": "Feature", "properties": {"ID": 2398, "width_mean": 372.0, "slope": -2.5e-05, "uparea": 14325.6022063, "trend": "no trend", "ave_flux": 0.0327854, "continent": "Oceania", "ord_stra": 5, "image_num": 730, "OWT": 1, "trend2": "no trend", "label": "River mouth 2398"}, "geometry": {"type": "Point", "coordinates": [174.77557356097816, -37.329815985178826]}}, {"id": "2318", "type": "Feature", "properties": {"ID": 2399, "width_mean": 72.0, "slope": 5.6e-05, "uparea": 269.8655233936848, "trend": "no trend", "ave_flux": 0.00401303, "continent": "South America", "ord_stra": 4, "image_num": 463, "OWT": 4, "trend2": "increasing", "label": "River mouth 2399"}, "geometry": {"type": "Point", "coordinates": [-72.19933000007939, -42.464210000191315]}}, {"id": "2319", "type": "Feature", "properties": {"ID": 2400, "width_mean": 72.0, "slope": 3.4e-05, "uparea": 616.2180639984788, "trend": "increasing", "ave_flux": 0.00136866, "continent": "South America", "ord_stra": 5, "image_num": 716, "OWT": 2, "trend2": "increasing", "label": "River mouth 2400"}, "geometry": {"type": "Point", "coordinates": [-73.75213144986854, -41.22633451996022]}}, {"id": "2320", "type": "Feature", "properties": {"ID": 2401, "width_mean": 97.0, "slope": 0.000111, "uparea": 511.84865686552007, "trend": "increasing", "ave_flux": 0.00864994, "continent": "South America", "ord_stra": 4, "image_num": 516, "OWT": 1, "trend2": "increasing", "label": "River mouth 2401"}, "geometry": {"type": "Point", "coordinates": [-72.86641999998295, -43.281990000138364]}}, {"id": "2321", "type": "Feature", "properties": {"ID": 2402, "width_mean": 124.0, "slope": 0.000144, "uparea": 723.7518141472984, "trend": "no trend", "ave_flux": 0.0100855, "continent": "South America", "ord_stra": 4, "image_num": 515, "OWT": 2, "trend2": "increasing", "label": "River mouth 2402"}, "geometry": {"type": "Point", "coordinates": [-72.88708148066543, -43.64640887767146]}}, {"id": "2322", "type": "Feature", "properties": {"ID": 2403, "width_mean": 155.0, "slope": -0.000237, "uparea": 589.6667369590858, "trend": "decreasing", "ave_flux": 0.0119689, "continent": "South America", "ord_stra": 4, "image_num": 616, "OWT": 4, "trend2": "decreasing", "label": "River mouth 2403"}, "geometry": {"type": "Point", "coordinates": [-73.96653000015937, -42.05986999960078]}}, {"id": "2323", "type": "Feature", "properties": {"ID": 2404, "width_mean": 228.0, "slope": 0.000129, "uparea": 272.9907694079853, "trend": "no trend", "ave_flux": 0.0120341, "continent": "South America", "ord_stra": 4, "image_num": 554, "OWT": 4, "trend2": "no trend", "label": "River mouth 2404"}, "geometry": {"type": "Point", "coordinates": [-72.77025556178799, -42.77852338919888]}}, {"id": "2324", "type": "Feature", "properties": {"ID": 2405, "width_mean": 228.0, "slope": 0.000777, "uparea": 14945.7014887, "trend": "no trend", "ave_flux": 0.0951484, "continent": "South America", "ord_stra": 7, "image_num": 726, "OWT": 1, "trend2": "no trend", "label": "River mouth 2405"}, "geometry": {"type": "Point", "coordinates": [-73.62751409859285, -40.289767612552104]}}, {"id": "2325", "type": "Feature", "properties": {"ID": 2406, "width_mean": 271.0, "slope": 0.002207, "uparea": 10261.8567716, "trend": "increasing", "ave_flux": 0.0627821, "continent": "South America", "ord_stra": 6, "image_num": 616, "OWT": 1, "trend2": "increasing", "label": "River mouth 2406"}, "geometry": {"type": "Point", "coordinates": [-72.63498076953488, -43.03044770943549]}}, {"id": "2326", "type": "Feature", "properties": {"ID": 2407, "width_mean": 319.0, "slope": 0.003641, "uparea": 12739.928965, "trend": "increasing", "ave_flux": 0.0834608, "continent": "South America", "ord_stra": 7, "image_num": 589, "OWT": 1, "trend2": "increasing", "label": "River mouth 2407"}, "geometry": {"type": "Point", "coordinates": [-72.85440243509109, -43.88455840115375]}}, {"id": "2327", "type": "Feature", "properties": {"ID": 2408, "width_mean": 432.0, "slope": 0.000459, "uparea": 8443.68439194, "trend": "increasing", "ave_flux": 0.0231097, "continent": "South America", "ord_stra": 6, "image_num": 720, "OWT": 1, "trend2": "increasing", "label": "River mouth 2408"}, "geometry": {"type": "Point", "coordinates": [-72.18778185584229, -41.6353527438599]}}, {"id": "2328", "type": "Feature", "properties": {"ID": 2409, "width_mean": 498.0, "slope": 0.000122, "uparea": 2607.97019629, "trend": "increasing", "ave_flux": 0.00461377, "continent": "South America", "ord_stra": 4, "image_num": 637, "OWT": 4, "trend2": "increasing", "label": "River mouth 2409"}, "geometry": {"type": "Point", "coordinates": [-73.4589200000579, -41.51768999979362]}}, {"id": "2329", "type": "Feature", "properties": {"ID": 2410, "width_mean": 1996.0, "slope": 0.000528, "uparea": 1405.58119016, "trend": "increasing", "ave_flux": 0.0169393, "continent": "South America", "ord_stra": 5, "image_num": 854, "OWT": 1, "trend2": "increasing", "label": "River mouth 2410"}, "geometry": {"type": "Point", "coordinates": [-72.28289396492463, -41.10755844171732]}}, {"id": "2330", "type": "Feature", "properties": {"ID": 2411, "width_mean": 155.0, "slope": 8.6e-05, "uparea": 362.2613561398256, "trend": "no trend", "ave_flux": 0.00704246, "continent": "South America", "ord_stra": 4, "image_num": 318, "OWT": 4, "trend2": "increasing", "label": "River mouth 2411"}, "geometry": {"type": "Point", "coordinates": [-71.84832000006793, -42.28891999975815]}}, {"id": "2331", "type": "Feature", "properties": {"ID": 2412, "width_mean": 50.0, "slope": 0.000126, "uparea": 93575.7714507, "trend": "no trend", "ave_flux": 0.0305872, "continent": "South America", "ord_stra": 7, "image_num": 916, "OWT": 3, "trend2": "no trend", "label": "River mouth 2412"}, "geometry": {"type": "Point", "coordinates": [-65.19317303283522, -43.2860390704073]}}, {"id": "2332", "type": "Feature", "properties": {"ID": 2413, "width_mean": 432.0, "slope": 0.000667, "uparea": 116816.385218, "trend": "increasing", "ave_flux": 0.0666191, "continent": "South America", "ord_stra": 7, "image_num": 1005, "OWT": 1, "trend2": "increasing", "label": "River mouth 2413"}, "geometry": {"type": "Point", "coordinates": [-62.85486134993261, -40.92424351947912]}}, {"id": "2333", "type": "Feature", "properties": {"ID": 2414, "width_mean": 50.0, "slope": -4e-06, "uparea": 1595.44480633, "trend": "no trend", "ave_flux": 0.00437566, "continent": "Oceania", "ord_stra": 4, "image_num": 551, "OWT": 4, "trend2": "no trend", "label": "River mouth 2414"}, "geometry": {"type": "Point", "coordinates": [144.82192999986967, -41.09208000039166]}}, {"id": "2334", "type": "Feature", "properties": {"ID": 2415, "width_mean": 190.0, "slope": 0.00042, "uparea": 2479.85046532, "trend": "no trend", "ave_flux": 0.0234269, "continent": "Oceania", "ord_stra": 6, "image_num": 828, "OWT": 4, "trend2": "increasing", "label": "River mouth 2415"}, "geometry": {"type": "Point", "coordinates": [145.60828000012202, -42.45230000044461]}}, {"id": "2335", "type": "Feature", "properties": {"ID": 2416, "width_mean": 228.0, "slope": 1e-06, "uparea": 679.2776781064206, "trend": "no trend", "ave_flux": 0.00218291, "continent": "Oceania", "ord_stra": 4, "image_num": 542, "OWT": 2, "trend2": "no trend", "label": "River mouth 2416"}, "geometry": {"type": "Point", "coordinates": [146.24898580871422, -41.275974929788745]}}, {"id": "2336", "type": "Feature", "properties": {"ID": 2417, "width_mean": 228.0, "slope": -0.000618, "uparea": 2407.73714474, "trend": "decreasing", "ave_flux": 0.0201501, "continent": "Oceania", "ord_stra": 5, "image_num": 952, "OWT": 4, "trend2": "decreasing", "label": "River mouth 2417"}, "geometry": {"type": "Point", "coordinates": [145.12109999966526, -41.701400000009926]}}, {"id": "2337", "type": "Feature", "properties": {"ID": 2418, "width_mean": 319.0, "slope": -6.5e-05, "uparea": 8191.7215861, "trend": "no trend", "ave_flux": 0.0111385, "continent": "Oceania", "ord_stra": 4, "image_num": 517, "OWT": 3, "trend2": "decreasing", "label": "River mouth 2418"}, "geometry": {"type": "Point", "coordinates": [147.27458583607105, -42.80024303922657]}}, {"id": "2338", "type": "Feature", "properties": {"ID": 2419, "width_mean": 72.0, "slope": 4e-06, "uparea": 710.1082027376046, "trend": "no trend", "ave_flux": 0.00176553, "continent": "Oceania", "ord_stra": 4, "image_num": 377, "OWT": 3, "trend2": "no trend", "label": "River mouth 2419"}, "geometry": {"type": "Point", "coordinates": [172.7999236970777, -40.85946044501165]}}, {"id": "2339", "type": "Feature", "properties": {"ID": 2420, "width_mean": 97.0, "slope": 8e-05, "uparea": 2056.76700253, "trend": "increasing", "ave_flux": 0.00675503, "continent": "Oceania", "ord_stra": 5, "image_num": 731, "OWT": 3, "trend2": "increasing", "label": "River mouth 2420"}, "geometry": {"type": "Point", "coordinates": [172.9877092202213, -41.102991259556475]}}, {"id": "2340", "type": "Feature", "properties": {"ID": 2421, "width_mean": 124.0, "slope": -0.000333, "uparea": 2946.83274777, "trend": "decreasing", "ave_flux": 0.0183697, "continent": "Oceania", "ord_stra": 5, "image_num": 625, "OWT": 2, "trend2": "decreasing", "label": "River mouth 2421"}, "geometry": {"type": "Point", "coordinates": [173.29973999970127, -42.733630000424114]}}, {"id": "2341", "type": "Feature", "properties": {"ID": 2422, "width_mean": 124.0, "slope": 0.00021, "uparea": 3174.23046596, "trend": "increasing", "ave_flux": 0.0102884, "continent": "Oceania", "ord_stra": 4, "image_num": 338, "OWT": 2, "trend2": "increasing", "label": "River mouth 2422"}, "geometry": {"type": "Point", "coordinates": [173.8790443314005, -42.14987138593268]}}, {"id": "2342", "type": "Feature", "properties": {"ID": 2423, "width_mean": 124.0, "slope": 0.000134, "uparea": 1215.59484165, "trend": "increasing", "ave_flux": 0.00877034, "continent": "Oceania", "ord_stra": 4, "image_num": 473, "OWT": 2, "trend2": "increasing", "label": "River mouth 2423"}, "geometry": {"type": "Point", "coordinates": [172.1619527186714, -41.26516889791185]}}, {"id": "2343", "type": "Feature", "properties": {"ID": 2424, "width_mean": 228.0, "slope": -0.000733, "uparea": 2787.94332825, "trend": "decreasing", "ave_flux": 0.0629605, "continent": "Oceania", "ord_stra": 6, "image_num": 591, "OWT": 4, "trend2": "decreasing", "label": "River mouth 2424"}, "geometry": {"type": "Point", "coordinates": [171.32108999990362, -42.435580000116886]}}, {"id": "2344", "type": "Feature", "properties": {"ID": 2426, "width_mean": 228.0, "slope": 0.000298, "uparea": 2589.71624545, "trend": "increasing", "ave_flux": 0.0155967, "continent": "Oceania", "ord_stra": 5, "image_num": 637, "OWT": 1, "trend2": "increasing", "label": "River mouth 2426"}, "geometry": {"type": "Point", "coordinates": [172.6158336984707, -43.42712166732761]}}, {"id": "2345", "type": "Feature", "properties": {"ID": 2427, "width_mean": 372.0, "slope": -0.000472, "uparea": 2985.66410888, "trend": "decreasing", "ave_flux": 0.0655415, "continent": "Oceania", "ord_stra": 5, "image_num": 594, "OWT": 4, "trend2": "decreasing", "label": "River mouth 2427"}, "geometry": {"type": "Point", "coordinates": [172.16044559391793, -43.86123901255189]}}, {"id": "2346", "type": "Feature", "properties": {"ID": 2428, "width_mean": 50.0, "slope": 0.000121, "uparea": 438.85116167011495, "trend": "no trend", "ave_flux": 0.00509791, "continent": "Oceania", "ord_stra": 4, "image_num": 651, "OWT": 4, "trend2": "increasing", "label": "River mouth 2428"}, "geometry": {"type": "Point", "coordinates": [174.960836641306, -41.169098490792564]}}, {"id": "2347", "type": "Feature", "properties": {"ID": 2429, "width_mean": 72.0, "slope": 0.000286, "uparea": 3727.67171961, "trend": "increasing", "ave_flux": 0.0121835, "continent": "Oceania", "ord_stra": 5, "image_num": 650, "OWT": 3, "trend2": "increasing", "label": "River mouth 2429"}, "geometry": {"type": "Point", "coordinates": [175.2817299997398, -40.28629000028326]}}, {"id": "2348", "type": "Feature", "properties": {"ID": 2430, "width_mean": 72.0, "slope": 0.000522, "uparea": 5734.98222044, "trend": "increasing", "ave_flux": 0.0216354, "continent": "Oceania", "ord_stra": 5, "image_num": 601, "OWT": 3, "trend2": "increasing", "label": "River mouth 2430"}, "geometry": {"type": "Point", "coordinates": [175.24679488620987, -40.49298446967842]}}, {"id": "2349", "type": "Feature", "properties": {"ID": 2431, "width_mean": 72.0, "slope": 4.5e-05, "uparea": 953.3726302558529, "trend": "increasing", "ave_flux": 0.00255484, "continent": "Oceania", "ord_stra": 4, "image_num": 654, "OWT": 3, "trend2": "increasing", "label": "River mouth 2431"}, "geometry": {"type": "Point", "coordinates": [175.14808000039181, -40.01044999986755]}}, {"id": "2350", "type": "Feature", "properties": {"ID": 2432, "width_mean": 124.0, "slope": 3e-06, "uparea": 1532.31522627, "trend": "no trend", "ave_flux": 0.00343437, "continent": "Oceania", "ord_stra": 4, "image_num": 351, "OWT": 4, "trend2": "no trend", "label": "River mouth 2432"}, "geometry": {"type": "Point", "coordinates": [174.11797337517638, -41.62917735468902]}}, {"id": "2351", "type": "Feature", "properties": {"ID": 2433, "width_mean": 319.0, "slope": -1.1e-05, "uparea": 3565.77136635, "trend": "no trend", "ave_flux": 0.0110465, "continent": "Oceania", "ord_stra": 4, "image_num": 365, "OWT": 1, "trend2": "no trend", "label": "River mouth 2433"}, "geometry": {"type": "Point", "coordinates": [174.05156000029388, -41.50479999982008]}}, {"id": "2352", "type": "Feature", "properties": {"ID": 2434, "width_mean": 97.0, "slope": 0.000143, "uparea": 3457.82413638, "trend": "no trend", "ave_flux": 0.0162395, "continent": "South America", "ord_stra": 5, "image_num": 447, "OWT": 2, "trend2": "no trend", "label": "River mouth 2434"}, "geometry": {"type": "Point", "coordinates": [-72.55065757221936, -44.704989513388796]}}, {"id": "2353", "type": "Feature", "properties": {"ID": 2435, "width_mean": 97.0, "slope": 0.000468, "uparea": 574.8228126098561, "trend": "increasing", "ave_flux": 0.0104555, "continent": "South America", "ord_stra": 4, "image_num": 584, "OWT": 3, "trend2": "increasing", "label": "River mouth 2435"}, "geometry": {"type": "Point", "coordinates": [-72.08865553648846, -44.36400192860072]}}, {"id": "2354", "type": "Feature", "properties": {"ID": 2436, "width_mean": 97.0, "slope": 0.001104, "uparea": 8464.42489197, "trend": "increasing", "ave_flux": 0.0517186, "continent": "South America", "ord_stra": 6, "image_num": 493, "OWT": 2, "trend2": "increasing", "label": "River mouth 2436"}, "geometry": {"type": "Point", "coordinates": [-72.59632401936216, -45.40414258324843]}}, {"id": "2355", "type": "Feature", "properties": {"ID": 2437, "width_mean": 97.0, "slope": 0.00034, "uparea": 617.5101930480905, "trend": "increasing", "ave_flux": 0.0129713, "continent": "South America", "ord_stra": 4, "image_num": 250, "OWT": 1, "trend2": "increasing", "label": "River mouth 2437"}, "geometry": {"type": "Point", "coordinates": [-73.02008999985355, -45.27260000018981]}}, {"id": "2356", "type": "Feature", "properties": {"ID": 2438, "width_mean": 155.0, "slope": 0.000736, "uparea": 1450.99335801, "trend": "increasing", "ave_flux": 0.0314607, "continent": "South America", "ord_stra": 5, "image_num": 254, "OWT": 1, "trend2": "increasing", "label": "River mouth 2438"}, "geometry": {"type": "Point", "coordinates": [-73.3665318988707, -46.37053490903189]}}, {"id": "2357", "type": "Feature", "properties": {"ID": 2439, "width_mean": 319.0, "slope": 0.00444, "uparea": 25008.6322281, "trend": "increasing", "ave_flux": 0.175388, "continent": "South America", "ord_stra": 6, "image_num": 418, "OWT": 1, "trend2": "increasing", "label": "River mouth 2439"}, "geometry": {"type": "Point", "coordinates": [-73.38956000039366, -47.77339000014837]}}, {"id": "2358", "type": "Feature", "properties": {"ID": 2440, "width_mean": 319.0, "slope": 0.000204, "uparea": 542.0718594765816, "trend": "increasing", "ave_flux": 0.011771, "continent": "South America", "ord_stra": 4, "image_num": 391, "OWT": 2, "trend2": "increasing", "label": "River mouth 2440"}, "geometry": {"type": "Point", "coordinates": [-73.36191762713645, -45.89491005223822]}}, {"id": "2359", "type": "Feature", "properties": {"ID": 2441, "width_mean": 190.0, "slope": 4.3e-05, "uparea": 24992.4752434, "trend": "no trend", "ave_flux": 0.00245207, "continent": "South America", "ord_stra": 6, "image_num": 488, "OWT": 1, "trend2": "increasing", "label": "River mouth 2441"}, "geometry": {"type": "Point", "coordinates": [-66.18808222863511, -47.82476791175241]}}, {"id": "2360", "type": "Feature", "properties": {"ID": 2442, "width_mean": 228.0, "slope": 0.00024, "uparea": 8077.02179378, "trend": "no trend", "ave_flux": 0.0917396, "continent": "Oceania", "ord_stra": 5, "image_num": 289, "OWT": 2, "trend2": "no trend", "label": "River mouth 2442"}, "geometry": {"type": "Point", "coordinates": [167.65435719754754, -46.16946488359064]}}, {"id": "2361", "type": "Feature", "properties": {"ID": 2443, "width_mean": 50.0, "slope": 6e-05, "uparea": 5704.55101584, "trend": "no trend", "ave_flux": 0.00808566, "continent": "Oceania", "ord_stra": 4, "image_num": 539, "OWT": 2, "trend2": "no trend", "label": "River mouth 2443"}, "geometry": {"type": "Point", "coordinates": [170.18250367539832, -45.96989130970668]}}, {"id": "2362", "type": "Feature", "properties": {"ID": 2444, "width_mean": 97.0, "slope": -8e-06, "uparea": 436.25400600088614, "trend": "decreasing", "ave_flux": 0.000348632, "continent": "Oceania", "ord_stra": 4, "image_num": 572, "OWT": 4, "trend2": "decreasing", "label": "River mouth 2444"}, "geometry": {"type": "Point", "coordinates": [171.14830382310768, -44.4729222991491]}}, {"id": "2363", "type": "Feature", "properties": {"ID": 2445, "width_mean": 97.0, "slope": 3e-06, "uparea": 1273.1624995, "trend": "no trend", "ave_flux": 0.00430483, "continent": "Oceania", "ord_stra": 4, "image_num": 479, "OWT": 3, "trend2": "no trend", "label": "River mouth 2445"}, "geometry": {"type": "Point", "coordinates": [168.03367000027038, -46.31459999969019]}}, {"id": "2364", "type": "Feature", "properties": {"ID": 2446, "width_mean": 97.0, "slope": -0.000374, "uparea": 5254.29150385, "trend": "decreasing", "ave_flux": 0.0166197, "continent": "Oceania", "ord_stra": 5, "image_num": 502, "OWT": 3, "trend2": "decreasing", "label": "River mouth 2446"}, "geometry": {"type": "Point", "coordinates": [168.75546590786834, -46.533362146503755]}}, {"id": "2365", "type": "Feature", "properties": {"ID": 2447, "width_mean": 124.0, "slope": 9.6e-05, "uparea": 1676.98044575, "trend": "increasing", "ave_flux": 0.00523851, "continent": "Oceania", "ord_stra": 5, "image_num": 566, "OWT": 2, "trend2": "increasing", "label": "River mouth 2447"}, "geometry": {"type": "Point", "coordinates": [171.24608501185133, -44.261407850450006]}}, {"id": "2366", "type": "Feature", "properties": {"ID": 2448, "width_mean": 228.0, "slope": 0.001748, "uparea": 20567.865408, "trend": "increasing", "ave_flux": 0.0936944, "continent": "Oceania", "ord_stra": 6, "image_num": 516, "OWT": 1, "trend2": "increasing", "label": "River mouth 2448"}, "geometry": {"type": "Point", "coordinates": [169.77255604971987, -46.2951623872933]}}, {"id": "2367", "type": "Feature", "properties": {"ID": 2449, "width_mean": 372.0, "slope": -0.000238, "uparea": 3344.17691901, "trend": "decreasing", "ave_flux": 0.0131872, "continent": "Oceania", "ord_stra": 5, "image_num": 508, "OWT": 1, "trend2": "decreasing", "label": "River mouth 2449"}, "geometry": {"type": "Point", "coordinates": [168.28853212270718, -46.461757468100906]}}, {"id": "2368", "type": "Feature", "properties": {"ID": 2450, "width_mean": 372.0, "slope": 0.000439, "uparea": 1782.31296959, "trend": "increasing", "ave_flux": 0.0284813, "continent": "Oceania", "ord_stra": 4, "image_num": 360, "OWT": 4, "trend2": "increasing", "label": "River mouth 2450"}, "geometry": {"type": "Point", "coordinates": [171.446060000069, -44.087339999741175]}}, {"id": "2369", "type": "Feature", "properties": {"ID": 2451, "width_mean": 432.0, "slope": -0.002407, "uparea": 11542.5070827, "trend": "decreasing", "ave_flux": 0.137447, "continent": "Oceania", "ord_stra": 6, "image_num": 651, "OWT": 3, "trend2": "decreasing", "label": "River mouth 2451"}, "geometry": {"type": "Point", "coordinates": [170.99713304123648, -44.913966926010325]}}, {"id": "2370", "type": "Feature", "properties": {"ID": 2452, "width_mean": 72.0, "slope": 5.7e-05, "uparea": 10164.631708, "trend": "increasing", "ave_flux": 0.0121426, "continent": "South America", "ord_stra": 5, "image_num": 556, "OWT": 2, "trend2": "increasing", "label": "River mouth 2452"}, "geometry": {"type": "Point", "coordinates": [-69.72686999985058, -51.666440000105865]}}, {"id": "2371", "type": "Feature", "properties": {"ID": 2453, "width_mean": 432.0, "slope": 1.4e-05, "uparea": 19314.2409092, "trend": "no trend", "ave_flux": 0.000994781, "continent": "South America", "ord_stra": 4, "image_num": 596, "OWT": 1, "trend2": "no trend", "label": "River mouth 2453"}, "geometry": {"type": "Point", "coordinates": [-69.29978898793705, -51.0204817030036]}}, {"id": "2372", "type": "Feature", "properties": {"ID": 2454, "width_mean": 5000.0, "slope": 0.000668, "uparea": 27117.9390074, "trend": "increasing", "ave_flux": 0.0326997, "continent": "South America", "ord_stra": 4, "image_num": 598, "OWT": 1, "trend2": "increasing", "label": "River mouth 2454"}, "geometry": {"type": "Point", "coordinates": [-68.47354013870607, -50.04219126953146]}}, {"id": "2373", "type": "Feature", "properties": {"ID": 2455, "width_mean": 72.0, "slope": 0.000102, "uparea": 8044.79367539, "trend": "increasing", "ave_flux": 0.0144399, "continent": "South America", "ord_stra": 5, "image_num": 442, "OWT": 1, "trend2": "increasing", "label": "River mouth 2455"}, "geometry": {"type": "Point", "coordinates": [-67.74078728671813, -53.81856908967235]}}, {"id": "2374", "type": "Feature", "properties": {"ID": 2456, "width_mean": 0.0, "slope": 0.001119, "uparea": 5975.55773636, "trend": "increasing", "ave_flux": 0.0831142, "continent": "South America", "ord_stra": 4, "image_num": 238, "OWT": 3, "trend2": "increasing", "label": "River mouth 2456"}, "geometry": {"type": "Point", "coordinates": [-79.02299618800461, 1.2088607488234655]}}, {"id": "2375", "type": "Feature", "properties": {"ID": 2457, "width_mean": 0.0, "slope": -0.0368, "uparea": 2454269.20173, "trend": "decreasing", "ave_flux": 3.15603, "continent": "Asia", "ord_stra": 4, "image_num": 170, "OWT": 1, "trend2": "decreasing", "label": "River mouth 2457"}, "geometry": {"type": "Point", "coordinates": [126.81352597310419, 72.17496126861938]}}, {"id": "2376", "type": "Feature", "properties": {"ID": 2459, "width_mean": 0.0, "slope": 9.8e-05, "uparea": 2638.28812019, "trend": "increasing", "ave_flux": 0.00564066, "continent": "Oceania", "ord_stra": 5, "image_num": 497, "OWT": 3, "trend2": "increasing", "label": "River mouth 2459"}, "geometry": {"type": "Point", "coordinates": [175.1692017838198, -41.322342915832735]}}, {"id": "2377", "type": "Feature", "properties": {"ID": 2460, "width_mean": 0.0, "slope": 2.2e-05, "uparea": 2167.2282167, "trend": "no trend", "ave_flux": 0.00172654, "continent": "North America", "ord_stra": 4, "image_num": 310, "OWT": 1, "trend2": "increasing", "label": "River mouth 2460"}, "geometry": {"type": "Point", "coordinates": [-100.75872735479487, 67.73292684434391]}}, {"id": "2378", "type": "Feature", "properties": {"ID": 2462, "width_mean": 0.0, "slope": 1.7e-05, "uparea": 14280.1771751, "trend": "no trend", "ave_flux": 0.000922657, "continent": "North America", "ord_stra": 5, "image_num": 453, "OWT": 4, "trend2": "no trend", "label": "River mouth 2462"}, "geometry": {"type": "Point", "coordinates": [-90.71788924604422, 19.362287834085656]}}, {"id": "2379", "type": "Feature", "properties": {"ID": 2463, "width_mean": 0.0, "slope": -4e-06, "uparea": 13084.4053868, "trend": "no trend", "ave_flux": 0.00340023, "continent": "North America", "ord_stra": 5, "image_num": 499, "OWT": 3, "trend2": "no trend", "label": "River mouth 2463"}, "geometry": {"type": "Point", "coordinates": [-91.22252281238286, 18.614064468026488]}}, {"id": "2380", "type": "Feature", "properties": {"ID": 2464, "width_mean": 0.0, "slope": 2e-06, "uparea": 7769.85251392, "trend": "increasing", "ave_flux": 7.16897e-05, "continent": "Africa", "ord_stra": 5, "image_num": 560, "OWT": 2, "trend2": "increasing", "label": "River mouth 2464"}, "geometry": {"type": "Point", "coordinates": [40.81466718089645, -1.9651298819941596]}}, {"id": "2381", "type": "Feature", "properties": {"ID": 2465, "width_mean": 0.0, "slope": 7e-06, "uparea": 8102.0947741, "trend": "no trend", "ave_flux": 0.000219, "continent": "Africa", "ord_stra": 4, "image_num": 260, "OWT": 2, "trend2": "increasing", "label": "River mouth 2465"}, "geometry": {"type": "Point", "coordinates": [41.015030472986346, -1.908901014435227]}}, {"id": "2382", "type": "Feature", "properties": {"ID": 2466, "width_mean": 0.0, "slope": 4e-06, "uparea": 3615.1280862, "trend": "increasing", "ave_flux": 0.00011636, "continent": "Africa", "ord_stra": 4, "image_num": 308, "OWT": 1, "trend2": "increasing", "label": "River mouth 2466"}, "geometry": {"type": "Point", "coordinates": [41.807177373870616, -1.1725256644924096]}}, {"id": "2383", "type": "Feature", "properties": {"ID": 2467, "width_mean": 0.0, "slope": 1e-06, "uparea": 11008.2859353, "trend": "no trend", "ave_flux": 3.82e-05, "continent": "Africa", "ord_stra": 5, "image_num": 324, "OWT": 3, "trend2": "increasing", "label": "River mouth 2467"}, "geometry": {"type": "Point", "coordinates": [41.97140709261568, -0.9235336757808392]}}, {"id": "2384", "type": "Feature", "properties": {"ID": 2468, "width_mean": 0.0, "slope": -0.000385, "uparea": 9159.8409251, "trend": "decreasing", "ave_flux": 0.0144401, "continent": "Europe", "ord_stra": 4, "image_num": 307, "OWT": 1, "trend2": "decreasing", "label": "River mouth 2468"}, "geometry": {"type": "Point", "coordinates": [-6.981844232638899, 52.24584558940741]}}, {"id": "2385", "type": "Feature", "properties": {"ID": 2469, "width_mean": 0.0, "slope": -4.3e-05, "uparea": 3140.09819453, "trend": "no trend", "ave_flux": 0.0118757, "continent": "Europe", "ord_stra": 5, "image_num": 361, "OWT": 4, "trend2": "no trend", "label": "River mouth 2469"}, "geometry": {"type": "Point", "coordinates": [-9.050937578380557, 53.267444145477214]}}, {"id": "2386", "type": "Feature", "properties": {"ID": 2470, "width_mean": 0.0, "slope": -0.000102, "uparea": 1096.62254915, "trend": "decreasing", "ave_flux": 0.00802965, "continent": "Asia", "ord_stra": 4, "image_num": 577, "OWT": 3, "trend2": "decreasing", "label": "River mouth 2470"}, "geometry": {"type": "Point", "coordinates": [121.9554437561345, 36.98994270283714]}}, {"id": "2387", "type": "Feature", "properties": {"ID": 2471, "width_mean": 0.0, "slope": -2e-05, "uparea": 707.9631403120799, "trend": "decreasing", "ave_flux": 0.00056788, "continent": "Asia", "ord_stra": 4, "image_num": 613, "OWT": 4, "trend2": "decreasing", "label": "River mouth 2471"}, "geometry": {"type": "Point", "coordinates": [121.45394762536118, 36.85197342781248]}}, {"id": "2388", "type": "Feature", "properties": {"ID": 2472, "width_mean": 0.0, "slope": 3.7e-05, "uparea": 611.3451109366782, "trend": "no trend", "ave_flux": 0.00310766, "continent": "Asia", "ord_stra": 4, "image_num": 390, "OWT": 1, "trend2": "no trend", "label": "River mouth 2472"}, "geometry": {"type": "Point", "coordinates": [111.69574821702284, 21.768538816440376]}}, {"id": "2389", "type": "Feature", "properties": {"ID": 2473, "width_mean": 0.0, "slope": 6.6e-05, "uparea": 506.5297950893168, "trend": "no trend", "ave_flux": 0.00582629, "continent": "Asia", "ord_stra": 4, "image_num": 366, "OWT": 3, "trend2": "no trend", "label": "River mouth 2473"}, "geometry": {"type": "Point", "coordinates": [111.42159639740592, 21.605485888312863]}}, {"id": "2390", "type": "Feature", "properties": {"ID": 2474, "width_mean": 0.0, "slope": 2e-05, "uparea": 16228.3292747, "trend": "no trend", "ave_flux": 0.00308686, "continent": "Asia", "ord_stra": 5, "image_num": 327, "OWT": 3, "trend2": "no trend", "label": "River mouth 2474"}, "geometry": {"type": "Point", "coordinates": [80.10983941047968, 12.488024393329107]}}, {"id": "2391", "type": "Feature", "properties": {"ID": 2475, "width_mean": 0.0, "slope": 0.0, "uparea": 2482.92207435, "trend": "no trend", "ave_flux": 0.000232071, "continent": "Asia", "ord_stra": 4, "image_num": 381, "OWT": 2, "trend2": "no trend", "label": "River mouth 2475"}, "geometry": {"type": "Point", "coordinates": [79.79980544467084, 11.880785862387466]}}, {"id": "2392", "type": "Feature", "properties": {"ID": 2476, "width_mean": 0.0, "slope": 0.000102, "uparea": 13417.7124097, "trend": "increasing", "ave_flux": 0.00369257, "continent": "Asia", "ord_stra": 5, "image_num": 379, "OWT": 2, "trend2": "increasing", "label": "River mouth 2476"}, "geometry": {"type": "Point", "coordinates": [79.77645396636913, 11.768583801359702]}}, {"id": "2393", "type": "Feature", "properties": {"ID": 2477, "width_mean": 0.0, "slope": 4.8e-05, "uparea": 13417.7124097, "trend": "no trend", "ave_flux": 0.00247951, "continent": "Asia", "ord_stra": 5, "image_num": 376, "OWT": 3, "trend2": "increasing", "label": "River mouth 2477"}, "geometry": {"type": "Point", "coordinates": [79.7731316736548, 11.736359261221963]}}, {"id": "2394", "type": "Feature", "properties": {"ID": 2478, "width_mean": 0.0, "slope": 5e-06, "uparea": 898.1205698256323, "trend": "no trend", "ave_flux": 0.000485857, "continent": "Asia", "ord_stra": 4, "image_num": 347, "OWT": 1, "trend2": "no trend", "label": "River mouth 2478"}, "geometry": {"type": "Point", "coordinates": [79.78037682384024, 11.706539418023528]}}, {"id": "2395", "type": "Feature", "properties": {"ID": 2479, "width_mean": 0.0, "slope": 3.3e-05, "uparea": 500.69306461023285, "trend": "no trend", "ave_flux": 0.00377743, "continent": "Asia", "ord_stra": 4, "image_num": 197, "OWT": 3, "trend2": "no trend", "label": "River mouth 2479"}, "geometry": {"type": "Point", "coordinates": [125.01092600456869, 10.7357199773619]}}, {"id": "2396", "type": "Feature", "properties": {"ID": 2481, "width_mean": 0.0, "slope": 0.00021, "uparea": 2109.89538269, "trend": "increasing", "ave_flux": 0.00955451, "continent": "Asia", "ord_stra": 4, "image_num": 322, "OWT": 3, "trend2": "increasing", "label": "River mouth 2481"}, "geometry": {"type": "Point", "coordinates": [118.4847958449194, 0.8472631518578984]}}, {"id": "2397", "type": "Feature", "properties": {"ID": 2482, "width_mean": 0.0, "slope": 0.000459, "uparea": 1564.65341791, "trend": "increasing", "ave_flux": 0.0139541, "continent": "Africa", "ord_stra": 5, "image_num": 378, "OWT": 3, "trend2": "increasing", "label": "River mouth 2482"}, "geometry": {"type": "Point", "coordinates": [48.062397659815076, -14.217517936213788]}}, {"id": "2398", "type": "Feature", "properties": {"ID": 2483, "width_mean": 0.0, "slope": 4e-06, "uparea": 746.7085088673236, "trend": "no trend", "ave_flux": 0.00369374, "continent": "North America", "ord_stra": 4, "image_num": 624, "OWT": 2, "trend2": "no trend", "label": "River mouth 2483"}, "geometry": {"type": "Point", "coordinates": [-63.384624797757624, 45.358001079298745]}}, {"id": "2399", "type": "Feature", "properties": {"ID": 2484, "width_mean": 0.0, "slope": -6.4e-05, "uparea": 2329.31563229, "trend": "decreasing", "ave_flux": 0.0117389, "continent": "North America", "ord_stra": 5, "image_num": 677, "OWT": 2, "trend2": "decreasing", "label": "River mouth 2484"}, "geometry": {"type": "Point", "coordinates": [-63.45239402812173, 45.248636343614095]}}, {"id": "2400", "type": "Feature", "properties": {"ID": 2485, "width_mean": 0.0, "slope": 2.1e-05, "uparea": 360.8662695592847, "trend": "increasing", "ave_flux": 0.00135689, "continent": "North America", "ord_stra": 4, "image_num": 644, "OWT": 2, "trend2": "increasing", "label": "River mouth 2485"}, "geometry": {"type": "Point", "coordinates": [-64.3787411451375, 45.09994844965338]}}, {"id": "2401", "type": "Feature", "properties": {"ID": 2486, "width_mean": 0.0, "slope": 0.002847, "uparea": 222471.369806, "trend": "no trend", "ave_flux": 0.219369, "continent": "Asia", "ord_stra": 7, "image_num": 250, "OWT": 1, "trend2": "no trend", "label": "River mouth 2486"}, "geometry": {"type": "Point", "coordinates": [134.96609110453412, 70.55936474838518]}}, {"id": "2402", "type": "Feature", "properties": {"ID": 2487, "width_mean": 0.0, "slope": 0.0, "uparea": 1005.95669601, "trend": "no trend", "ave_flux": 0.00228003, "continent": "North America", "ord_stra": 4, "image_num": 222, "OWT": 3, "trend2": "no trend", "label": "River mouth 2487"}, "geometry": {"type": "Point", "coordinates": [-158.613496617895, 56.760071559918416]}}, {"id": "2403", "type": "Feature", "properties": {"ID": 2488, "width_mean": 0.0, "slope": 0.000192, "uparea": 1691.75798691, "trend": "no trend", "ave_flux": 0.0159746, "continent": "Asia", "ord_stra": 5, "image_num": 346, "OWT": 2, "trend2": "no trend", "label": "River mouth 2488"}, "geometry": {"type": "Point", "coordinates": [108.96832185774073, 0.3205895759421995]}}, {"id": "2404", "type": "Feature", "properties": {"ID": 2489, "width_mean": 0.0, "slope": -3.1e-05, "uparea": 8132.28282555, "trend": "decreasing", "ave_flux": 0.00319972, "continent": "Asia", "ord_stra": 5, "image_num": 220, "OWT": 1, "trend2": "decreasing", "label": "River mouth 2489"}, "geometry": {"type": "Point", "coordinates": [143.26610078116656, 59.399867130850886]}}, {"id": "2405", "type": "Feature", "properties": {"ID": 2490, "width_mean": 0.0, "slope": 0.000579, "uparea": 33098.990467, "trend": "increasing", "ave_flux": 0.0388368, "continent": "North America", "ord_stra": 7, "image_num": 350, "OWT": 1, "trend2": "increasing", "label": "River mouth 2490"}, "geometry": {"type": "Point", "coordinates": [-71.05672559445671, 60.06514122022109]}}, {"id": "2406", "type": "Feature", "properties": {"ID": 2491, "width_mean": 0.0, "slope": 5.3e-05, "uparea": 2066.4751916, "trend": "no trend", "ave_flux": 0.0038392, "continent": "Africa", "ord_stra": 4, "image_num": 334, "OWT": 3, "trend2": "increasing", "label": "River mouth 2491"}, "geometry": {"type": "Point", "coordinates": [48.204233349059706, -21.650340494994403]}}, {"id": "2407", "type": "Feature", "properties": {"ID": 2492, "width_mean": 0.0, "slope": 1e-06, "uparea": 431.8604885849652, "trend": "no trend", "ave_flux": 6.66207e-05, "continent": "Africa", "ord_stra": 4, "image_num": 332, "OWT": 3, "trend2": "no trend", "label": "River mouth 2492"}, "geometry": {"type": "Point", "coordinates": [39.066215481130996, -5.225305417301642]}}, {"id": "2408", "type": "Feature", "properties": {"ID": 2494, "width_mean": 0.0, "slope": 0.002948388468, "uparea": 1013.83031939, "trend": "decreasing", "ave_flux": 0.0150192, "continent": "Asia", "ord_stra": 4, "image_num": 272, "OWT": 2, "trend2": "decreasing", "label": "River mouth 2494"}, "geometry": {"type": "Point", "coordinates": [101.61440046765651, -3.226083768614716]}}]}